,words,tag
0,전주,NNG
1,가,VV
2,볼,EC+VX+ETM
3,만,NNB
4,한,XSA+ETM
5,곳,NNG
6,추천,NNG
7,받,VV
8,아요,EF
9,추억,NNG
10,의,JKG
11,7080,SN
12,다양,NNG
13,한,XSA+ETM
14,체험,NNG
15,7080,SN
16,감성,NNG
17,추억,NNG
18,여행,NNG
19,테마,NNG
20,박물관,NNG
21,유익,NNG
22,한,XSA+ETM
23,시간,NNG
24,2,SN
25,전북,NNP
26,전북,NNP
27,투어,NNG
28,패스,NNG
29,통합,NNG
30,이,JKS
31,용권,NNG
32,전북,NNP
33,핫,NNG
34,플,NNG
35,여러,MM
36,여행지,NNG
37,다양,NNG
38,한,XSA+ETM
39,체험,NNG
40,카페이,NNP
41,용추,NNG
42,가,JKS
43,전주,NNG
44,여행,NNG
45,필수,NNG
46,편안,NNG
47,하,XSA
48,고,EC
49,즐거운,VA+ETM
50,날,NNG
51,이,JKS
52,되,VV
53,시,EP
54,길,ETN+JKO
55,바라,VV
56,겠,EP
57,습니다,EF
58,감사,NNG
59,합니다,XSV+EC
60,전주,NNG
61,여행,NNG
62,갈려고,VV+EC
63,하,VX
64,는데요,EF
65,!,SF
66,전주,NNG
67,여행,NNG
68,을,JKO
69,갈려고,VV+EC
70,하,VV
71,는데요,EC
72,아,VV
73,는,ETM
74,사람,NNG
75,과,JKB
76,갈려고,VV+EC
77,하,VV
78,는데,EC
79,호텔,NNG
80,은,JX
81,좋,VA
82,은,ETM
83,가격,NNG
84,에,JKB
85,정했,VV+EP
86,고,EC
87,음,IC
88,2,SN
89,박,NNBC
90,3,SN
91,일,NNBC
92,여행,NNG
93,인데,VCP+EC
94,얼마,NNG
95,정도,NNG
96,갖,VV
97,고,EC
98,가,VX
99,면,EC
100,좋,VA
101,을까요,EF
102,그리고,MAJ
103,맛집,NNG
104,같,VA
105,은,ETM
106,거,NNB
107,카페,NNG
108,같,VA
109,은,ETM
110,거,NNB
111,추천,NNG
112,해,XSV+EC
113,주,VX
114,세요,EP+EF
115,안녕,IC
116,하,VV
117,세요,EP+EF
118,전주,NNG
119,여행,NNG
120,계획,NNG
121,중,NNB
122,이,VCP
123,시,EP
124,네요,EF
125,한옥,NNG
126,마을,NNG
127,근처,NNG
128,전주,NNP
129,1,SN
130,박,NNBC
131,2,SN
132,일,NNBC
133,여행,NNG
134,관련,NNG
135,질문,NNG
136,~,SY
137,전주,NNG
138,여행,NNG
139,을,JKO
140,계획,NNG
141,하,XSV
142,고,EC
143,계시,VX
144,다니,EC
145,정말,MAG
146,좋,VA
147,은,ETM
148,선택,NNG
149,을,JKO
150,하,VV
151,셨,EP+EP
152,네요,EF
153,전,NP+JX
154,주,VX
155,는,ETM
156,한옥마을,NNP
157,과,JKB
158,함께,MAG
159,멋진,VA+ETM
160,자연,NNG
161,경관,NNG
162,맛있,VA
163,는,ETM
164,음식,NNG
165,이,JKS
166,가득,MAG
167,한,XSA+ETM
168,동네,NNG
169,이,VCP
170,니,EC
171,정말,MAG
172,즐거운,VA+ETM
173,시간,NNG
174,을,JKO
175,보낼,VV+ETM
176,수,NNB
177,있,VV
178,을,ETM
179,거,NNB
180,예요,VCP+EF
181,우선,MAG
182,한옥,NNG
183,마을,NNG
184,근처,NNG
185,에서,JKB
186,가,VV
187,볼,EC+VX+ETM
188,수,NNB
189,있,VV
190,는,ETM
191,장소,NNG
192,로,JKB
193,는,JX
194,중,NNG
195,2,SN
196,여학생,NNG
197,친구,NNG
198,와,JC
199,전주,NNG
200,여행,NNG
201,안녕,NNG
202,하,XSV
203,세요,EP+EF
204,중,NNB
205,2,SN
206,15,SN
207,살,NNBC
208,여학생,NNG
209,입니다,VCP+EF
210,친한,VA+ETM
211,친구,NNG
212,와,JC
213,둘,NR
214,이,XSN
215,서,JKS
216,전주,NNG
217,여행,NNG
218,을,JKO
219,가,VV
220,기,ETN
221,로,JKB
222,했,VV+EP
223,는데,EC
224,어디,NP
225,로,JKB
226,가,VV
227,야,EC
228,할지,VX+EC
229,를,JKO
230,몰라서,VV+EC
231,너무,MAG
232,막막,XR
233,합니다,XSA+EF
234,저희,NP
235,둘,NR
236,다,MAG
237,일본,NNP
238,애니,NNP
239,를,JKO
240,너무,MAG
241,좋,VA
242,아,EC
243,하,VV
244,는데,EC
245,전주,NNG
246,에,JKB
247,오타쿠,NNP
248,들,XSN
249,이,JKS
250,갈만,NNG
251,할,XSV+ETM
252,곳,NNB
253,있,VV
254,을까요,EC
255,제발,MAG
256,알려,VV+EC
257,주,VX
258,세요,EP+EF
259,부모,NNG
260,닝,NNP
261,모시,VV
262,고,EC
263,전주,NNG
264,여행,NNG
265,부모,NNG
266,님,XSN
267,모시,VV
268,고,EC
269,전주,NNG
270,여행,NNG
271,가,VV
272,려는데,EC
273,명소,NNG
274,식당,NNG
275,추천,NNG
276,부탁,NNG
277,드립니다,VV+EC
278,전주,NNG
279,는,JX
280,한옥마을,NNP
281,로,JKB
282,유명,XR
283,한,XSA+ETM
284,완산구,NNP
285,가,JKS
286,있,VA
287,으며,EC
288,덕진구,NNP
289,또한,MAJ
290,멋진,VA+ETM
291,추억,NNG
292,을,JKO
293,가진,VV+ETM
294,장소,NNG
295,가,JKS
296,많이,MAG
297,2,SN
298,박,NNBC
299,3,SN
300,일,NNBC
301,전주,NNG
302,여행,NNG
303,이번,NNG
304,주,NNG
305,토,NNG
306,월,NNG
307,2,SN
308,박,NNBC
309,3,SN
310,일,NNBC
311,여자,NNG
312,친구,NNG
313,와,JC
314,전주,NNG
315,여행,NNG
316,을,JKO
317,가,VV
318,는데,EC
319,여행,NNG
320,경로,NNG
321,좀,MAG
322,알려,VV+EC
323,주,VX
324,세요,EP+EF
325,토요일,NNG
326,엔,JKB+JX
327,비,NNG
328,가,JKS
329,온다고,VV+EC
330,하,VV
331,는데,EC
332,실내,NNG
333,데이트,NNG
334,가능,NNG
335,한,XSA+ETM
336,곳,NNG
337,도,JX
338,알려,VV+EC
339,주,VX
340,시,EP
341,면,EC
342,감사,NNG
343,하,XSV
344,겠,EP
345,습니다,EF
346,숙소,NNG
347,는,JX
348,전주,NNP
349,한옥,NNG
350,마을,NNG
351,근처,NNG
352,에,JKB
353,잡,VV
354,았,EP
355,습니다,EF
356,토,NNP
357,한옥마을,NNP
358,구경,NNG
359,후,NNG
360,전주,NNP
361,1,SN
362,박,NNBC
363,2,SN
364,일,NNBC
365,여행,NNG
366,저녁,NNG
367,엔,JKB+JX
368,전,MM
369,주천,NNG
370,산책,NNG
371,길,NNG
372,따라,VV+EC
373,걷,VV
374,거나,EC
375,한옥,NNG
376,마을,NNG
377,근처,NNG
378,에서,JKB
379,야경,NNG
380,즐기,VV
381,시,EP
382,는,ETM
383,것,NNB
384,도,JX
385,너무,MAG
386,좋,VA
387,답니다,EF
388,혹시,MAG
389,일정,NNG
390,이나,JC
391,관심,NNG
392,있,VA
393,는,ETM
394,테마,NNG
395,사진,NNG
396,카페,NNG
397,체험,NNG
398,등,NNB
399,더,MAG
400,알려,VV+EC
401,주,VX
402,시,EP
403,면,EC
404,맞춤,VV+EC
405,추천,NNG
406,도,JX
407,해,VV+EC
408,드릴,VX+ETM
409,수,NNB
410,있,VV
411,어요,EF
412,즐거운,VA+ETM
413,전주,NNG
414,여행,NNG
415,되,XSV
416,시,EP
417,길,ETN+JKO
418,바랄,VV+ETM
419,게요,NNB+VCP+EC
420,전주,NNG
421,여행,NNG
422,코스,NNG
423,추천,NNG
424,이,VCP
425,요,EC
426,~!,SY
427,영화제,NNG
428,기간,NNG
429,일정,NNG
430,으로,JKB
431,2,SN
432,박,NNBC
433,3,SN
434,일,NNBC
435,전주,NNG
436,여행,NNG
437,좀,MAG
438,가,VV
439,볼까,EC+VX+EC
440,해서,VV+EC
441,요,MM
442,여행,NNG
443,코스,NNG
444,추천,NNG
445,좀,MAG
446,해,VV+EC
447,주,VX
448,세요,EP+EF
449,어차피,MAG
450,주목적,NNG
451,은,JX
452,전주국,NNG
453,제,XSN
454,영화제,NNG
455,니까,VCP+EC
456,많,VA
457,은,ETM
458,곳,NNG
459,을,JKO
460,둘러보,VV
461,지,EC
462,는,JX
463,못,MAG
464,할,VV+ETM
465,거,NNB
466,에요,VCP+EF
467,그냥,MAG
468,전주,NNG
469,하,XSV
470,면,EC
471,꼭,MAG
472,가,VV
473,볼,EC+VX+ETM
474,만,NNB
475,한,XSA+ETM
476,곳,NNG
477,알짜배기,NNG
478,만,JX
479,추천,NNG
480,해,XSV+EC
481,주,VX
482,세,VA
483,욜,EC
484,전주,NNG
485,전주,NNG
486,여행,NNG
487,전,NNG
488,주로,MAG
489,커플,NNG
490,여행,NNG
491,가,VV
492,려고,EC
493,하,VV
494,는데,EC
495,추천,NNG
496,좀,MAG
497,해,VV+EC
498,주,VX
499,세요,EP+EF
500,숙소,NNG
501,는,JX
502,잡,VV
503,았,EP
504,고,EC
505,놀,VX+ETM
506,거리,NNG
507,랑,JKB
508,맛집,NNG
509,등등,NNB
510,추천,NNG
511,해,XSV+EC
512,주,VX
513,시,EP
514,면,EC
515,감사,NNG
516,하,XSV
517,겠,EP
518,습니다,EF
519,한옥마을,NNP
520,은,JX
521,갈,VV+ETM
522,겁니다,NNB+VCP+EF
523,답변,NNG
524,이,JKS
525,도움,NNG
526,되,XSV
527,셨,EP+EP
528,으면,EC
529,좋,VA
530,겠,EP
531,습니다,EF
532,한옥마을,NNP
533,전주,NNP
534,한옥마을,NNP
535,전주,NNP
536,맛집,NNG
537,전주,NNG
538,놀,VV
539,거리,EC
540,전주,NNG
541,여행,NNG
542,추천,NNG
543,추석,NNG
544,전주,NNG
545,여행,NNG
546,16,SN
547,18,SN
548,일,NNBC
549,전,NNG
550,주로,MAG
551,여행,NNG
552,가,VV
553,려고,EC
554,하,VV
555,는데,EC
556,그때,NNG
557,한옥마을,NNP
558,같,VA
559,은,ETM
560,관광지,NNG
561,들,XSN
562,은,JX
563,문,NNG
564,닫,VV
565,을까요,EC
566,추석,NNG
567,당일,NNG
568,은,JX
569,문,NNG
570,을,JKO
571,닫,VV
572,습니다,EF
573,전주,NNG
574,에,JKB
575,도,JX
576,이벤트,NNG
577,가,JKS
578,진행,NNG
579,중,NNB
580,입니다,VCP+EC
581,8,SN
582,27,SN
583,화,NNG
584,10,SN
585,13,SN
586,일,NNBC
587,한국,NNP
588,관광공사,NNP
589,에서,JKB
590,숙박,NNG
591,세일,NNG
592,페스타,NNP
593,이벤트,NNG
594,가,JKS
595,진행,NNG
596,중,NNB
597,입니다,VCP+EC
598,3,SN
599,만,NR
600,원,NNBC
601,전주,NNG
602,여행,NNG
603,전,NNG
604,연령,NNG
605,렌트카,NNG
606,추천,NNG
607,이번,NNG
608,에,JKB
609,전주,NNG
610,여행,NNG
611,2,SN
612,박,NNBC
613,3,SN
614,일,NNBC
615,로,JKB
616,가,VV
617,는,ETM
618,저,NP
619,는,JX
620,21,SN
621,살,NNBC
622,만,NNB
623,으로,JKB
624,만,MM
625,19,SN
626,세,NNBC
627,입니다,VCP+EF
628,전주,NNG
629,전,NNG
630,연령,NNG
631,자동차,NNG
632,추천,NNG
633,좀,MAG
634,부탁,NNG
635,드리,VV
636,겠,EP
637,습니다,EF
638,그리고,MAJ
639,가격,NNG
640,도,JX
641,2,SN
642,일,NNBC
643,렌트,NNG
644,하,XSV
645,면,EC
646,총,MM
647,어느,MM
648,정도,NNG
649,나올까요,VV+EF
650,전,MM
651,주,NNG
652,에서,JKB
653,21,SN
654,세,NNBC
655,이상,NNG
656,렌트,NNG
657,가능,NNG
658,한,XSA+ETM
659,자동차,NNG
660,를,JKO
661,찾아보,VV
662,세요,EP+EF
663,가격,NNG
664,은,JX
665,전주,NNP
666,-,SY
667,포항,NNP
668,여행,NNG
669,전주,NNG
670,에서,JKB
671,포항,NNP
672,까지,JX
673,여행,NNG
674,기차,NNG
675,가,JKS
676,나,VV
677,을까요,EC
678,버스,NNG
679,가,JKS
680,나,VV
681,을까요,EC
682,안녕,NNG
683,하,XSV
684,세요,EP+EF
685,전,MM
686,주,NNG
687,에서,JKB
688,포항,NNP
689,까지,JX
690,여행,NNG
691,을,JKO
692,할,VV+ETM
693,때,NNG
694,기차,NNG
695,와,JC
696,버스,NNG
697,각각,MAG
698,장단점,NNG
699,이,JKS
700,있,VV
701,으므로,EC
702,어떤,MM
703,방법,NNG
704,이,JKS
705,더,MAG
706,나,VV
707,은지,EC
708,결정,NNG
709,하,XSV
710,는,ETM
711,데,NNB
712,있,VV
713,어,EC
714,몇,MM
715,가지,NNBC
716,요소,NNG
717,를,JKO
718,고려,NNG
719,할,XSV+ETM
720,필요,NNG
721,가,JKS
722,있,VA
723,습니다,EF
724,1,SN
725,전주,NNP
726,펜션,NNG
727,한옥,NNG
728,으로,JKB
729,된,VV+ETM
730,곳,NNG
731,이,VCP
732,요,EF
733,!,SF
734,이번,NNG
735,에,JKB
736,남자,NNG
737,친구,NNG
738,랑,JKB
739,같이,MAG
740,2,SN
741,박,NNBC
742,3,SN
743,일,NNBC
744,전주,NNG
745,여행,NNG
746,가,VV
747,기,ETN
748,로,JKB
749,해서,VV+EC
750,얼른,MAG
751,전주,NNP
752,펜션,NNG
753,알,VV
754,아,EC
755,봐야,VX+EC
756,하,VV
757,는데,EC
758,한옥,NNG
759,마을,NNG
760,근처,NNG
761,나,JC
762,한옥,NNG
763,느낌,MAG
764,나,NP
765,는,JX
766,전주,NNP
767,펜션,NNG
768,쪽,NNB
769,으로,JKB
770,갈,VV+ETM
771,만,NNB
772,한,XSA+ETM
773,데,NNB
774,없,VA
775,을까요,EC
776,내부,NNG
777,는,JX
778,정감,NNG
779,있,VV
780,는,ETM
781,분위기,NNG
782,면,VCP+EC
783,다,MAG
784,좋,VA
785,을,ETM
786,것,NNB
787,같,VA
788,아요,EF
789,빠른,VA+ETM
790,답변,NNG
791,꼭,MAG
792,부탁,NNG
793,드,VV
794,랴,EC
795,용,NNG
796,전주,NNG
797,여행,NNG
798,주세요,NNP
799,전주,NNG
800,는,JX
801,한옥마을,NNP
802,로,JKB
803,유명,XR
804,한,XSA+ETM
805,완산구,NNP
806,가,JKS
807,있,VA
808,으며,EC
809,덕진구,NNP
810,또한,MAJ
811,멋진,VA+ETM
812,추억,NNG
813,을,JKO
814,가진,VV+ETM
815,장소,NNG
816,가,JKS
817,많이,MAG
818,있,VA
819,습니다,EF
820,완산구,NNP
821,덕진구,NNP
822,에,JKB
823,대해서,VV+EC
824,여행지,NNG
825,를,JKO
826,전주,NNG
827,뚜벅,MAG
828,이,MM
829,여행,NNG
830,5,SN
831,월,NNBC
832,달,NNG
833,에,JKB
834,엄마,NNG
835,랑,JC
836,전,NP+JX
837,주로,MAG
838,뚜벅,MAG
839,이,MM
840,여행,NNG
841,계획,NNG
842,중,NNB
843,인데,VCP+EC
844,답변,NNG
845,부탁,NNG
846,드려요,VV+EC
847,1,SN
848,기차,NNG
849,랑,JKB
850,고속버스,NNG
851,중,NNB
852,에,JKB
853,어떤,MM
854,걸,NNB+JKO
855,타,VV
856,는,ETM
857,게,NNB+JKS
858,좋,VA
859,을까요,EC
860,2,SN
861,전주,NNG
862,에,JKB
863,도착,NNG
864,해서,XSV+EC
865,관광,NNG
866,할,XSV+ETM
867,때,NNG
868,이용,NNG
869,할,XSV+ETM
870,수,NNB
871,있,VV
872,는,ETM
873,교통수단,NNG
874,은,JX
875,어떤,MM
876,게,NNB+JKS
877,있,VA
878,을까요,EC
879,3,SN
880,숙소,NNG
881,추천,NNG
882,도,JX
883,부탁드려요,VV+EF
884,서울,NNP
885,전주,NNG
886,당일치기,NNG
887,여행,NNG
888,요,JX
889,어렵,VA
890,네요,EF
891,전주,NNG
892,당일치기,NNG
893,여행,NNG
894,을,JKO
895,계획,NNG
896,중,NNB
897,이,VCP
898,시,EP
899,군요,EF
900,전,MM
901,주역,NNP
902,에서,JKB
903,한옥마을,NNP
904,까지,JX
905,가,VV
906,는,ETM
907,방법,NNG
908,과,JC
909,당일치기,NNG
910,코스,NNG
911,를,JKO
912,알려,VV+EC
913,드릴게요,VX+EF
914,전,MM
915,주역,NNP
916,에서,JKB
917,한옥마을,NNP
918,까지,JX
919,가,VV
920,는,ETM
921,방법,NNG
922,으로,JKB
923,는,JX
924,택시,NNG
925,와,JC
926,버스,NNG
927,가,JKS
928,있,VA
929,어요,EF
930,전,MM
931,주역,NNP
932,에서,JKB
933,한옥마을,NNP
934,까지,JX
935,택시,NNG
936,를,JKO
937,전주,NNG
938,여행,NNG
939,2,SN
940,박,NNBC
941,3,SN
942,일,NNBC
943,경비,NNG
944,보통,NNG
945,전주,NNG
946,여행,NNG
947,2,SN
948,박,NNBC
949,3,SN
950,일,NNBC
951,경비,NNG
952,가,JKS
953,얼마,NNG
954,정도,NNG
955,드나,VV
956,요,EC
957,숙소,NNG
958,는,JX
959,1,SN
960,박,NNBC
961,에,JKB
962,13,SN
963,만,NR
964,원,NNBC
965,인데,VCP+EC
966,를,JKO
967,가,VV
968,려고,EC
969,하,VV
970,는,ETM
971,데,NNB
972,비싼,VA+ETM
973,건가요,NNB+VCP+EC
974,질문,NNG
975,에,JKB
976,도움,NNG
977,이,JKS
978,되,VV
979,는,ETM
980,답변,NNG
981,이,JKS
982,되,VV
983,셨,EP+EP
984,길,ETN+JKO
985,바래,VV
986,요,EC
987,2,SN
988,박,NNBC
989,3,SN
990,일,NNBC
991,전주,NNG
992,여행,NNG
993,예산,NNG
994,30,SN
995,만,NR
996,원,NNBC
997,내외,NNG
998,숙소,NNG
999,13,SN
1000,만,NR
1001,원,NNBC
1002,은,JX
1003,적당,XR
1004,합니다,XSA+EC
1005,1,SN
1006,박,NNBC
1007,2,SN
1008,일,NNBC
1009,전주,NNP
1010,커플,NNG
1011,여행,NNG
1012,전주,NNG
1013,여행,NNG
1014,에,JKB
1015,대해,VV+EC
1016,도움,NNG
1017,을,JKO
1018,드릴게요,VV+EC
1019,1,SN
1020,남자,NNG
1021,친구,NNG
1022,의,JKG
1023,차,NNG
1024,를,JKO
1025,이용,NNG
1026,할지,XSV+EC
1027,KTX,SL
1028,를,JKO
1029,이용,NNG
1030,할지,XSV+EC
1031,에,JKB
1032,대해서,VV+EC
1033,는,JX
1034,여러,MM
1035,가지,NNBC
1036,요소,NNG
1037,를,JKO
1038,고려,NNG
1039,해,XSV+EC
1040,보,VX
1041,셔야,EP+EC
1042,합니다,VX+EF
1043,만약,MAG
1044,교통,NNG
1045,체증,NNG
1046,이,JKS
1047,예상,NNG
1048,되,XSV
1049,는,ETM
1050,날짜,NNG
1051,라면,VCP+EC
1052,KTX,SL
1053,를,JKO
1054,이용,NNG
1055,하,XSV
1056,는,ETM
1057,것,NNB
1058,이,JKS
1059,편할,VA+ETM
1060,수,NNB
1061,있,VV
1062,습니다,EF
1063,또한,MAJ
1064,남자,NNG
1065,친구,NNG
1066,의,NNG
1067,남,NNG
1068,해,XSV+EC
1069,",",SC
1070,전주,NNG
1071,여행,NNG
1072,남,NNG
1073,해,XSV+EC
1074,전주,NNG
1075,여행,NNG
1076,가,VV
1077,려는데,EC
1078,여행지,NNG
1079,와,JC
1080,맛집,NNG
1081,추천,NNG
1082,좀,MAG
1083,해,VV+EC
1084,주,VX
1085,세요,EP+EF
1086,보리암,NNP
1087,다랭이,NNG
1088,굴,NNG
1089,독일,NNP
1090,마을,NNG
1091,전주,NNP
1092,한옥마을,NNP
1093,빼,VV
1094,고,EC
1095,두세,MM
1096,개,NNBC
1097,씩,XSN
1098,5,SN
1099,명,NNBC
1100,이,XSN
1101,서,JKS
1102,갈,VV+ETM
1103,곳,NNG
1104,맛집,NNG
1105,빨리,MAG
1106,추천,NNG
1107,해,XSV+EC
1108,주,VX
1109,세요,EP+EF
1110,앞,NNG
1111,에,JKB
1112,말,NNG
1113,했,XSV+EP
1114,던,ETM
1115,곳,NNG
1116,은,JX
1117,갈,VV+ETM
1118,꺼,NNB+VCP
1119,라서,EC
1120,추천,NNG
1121,안,MAG
1122,해,VV+EC
1123,주,VX
1124,셔도,EP+EC
1125,됩니다,VV+EF
1126,전주,NNG
1127,여행,NNG
1128,전주,NNG
1129,맛집,NNG
1130,전주,NNG
1131,여행,NNG
1132,갈,VV+ETM
1133,곳,NNG
1134,추천,NNG
1135,전주,NNG
1136,여행,NNG
1137,전주,NNG
1138,맛집,NNG
1139,국내,NNG
1140,여행,NNG
1141,전,NNG
1142,주달,NNG
1143,봉,NNG
1144,이,JKS
1145,달,NNG
1146,봉,NNG
1147,티비,NNG
1148,전주,NNG
1149,여행,NNG
1150,코스,NNG
1151,전주,NNG
1152,가,JKS
1153,볼,VV+ETM
1154,만,NNB
1155,한,XSA+ETM
1156,곳,NNG
1157,여수,NNG
1158,여행,NNG
1159,여수,NNG
1160,가,JKS
1161,볼,VV+ETM
1162,만,NNB
1163,한,XSA+ETM
1164,곳,NNB
1165,제주,NNP
1166,도,JX
1167,여행,NNG
1168,제주도,NNP
1169,가,JKS
1170,볼,VV+ETM
1171,만,NNB
1172,한,XSA+ETM
1173,곳,NNG
1174,여행,NNG
1175,전문,NNG
1176,인,VCP+ETM
1177,플,NNG
1178,루,JKB
1179,언서,NNG
1180,전,NNG
1181,주달,NNG
1182,봉이,NNG
1183,입니다,VCP+EF
1184,전주,NNG
1185,여행,NNG
1186,코스,NNG
1187,는,JX
1188,한옥,NNG
1189,마을,NNG
1190,에서부터,JKB
1191,전주,NNG
1192,여행,NNG
1193,1,SN
1194,박,NNBC
1195,2,SN
1196,일,NNBC
1197,코스,NNG
1198,질문,NNG
1199,요,JX
1200,.,SF
1201,코스,NNG
1202,한,MM
1203,번,NNBC
1204,짜,VV+EC
1205,주,VX
1206,실,EP+ETM
1207,분,NNB
1208,전라도,NNP
1209,쪽,NNB
1210,은,JX
1211,저,NP
1212,도,JX
1213,여행,NNG
1214,을,JKO
1215,간,VV+ETM
1216,적,NNB
1217,이,JKS
1218,없,VA
1219,어서,EC
1220,전주,NNG
1221,여행,NNG
1222,전주,NNG
1223,맛집,NNG
1224,국내,NNG
1225,여행,NNG
1226,전,NNG
1227,주달,NNG
1228,봉,NNG
1229,이,JKS
1230,달,NNG
1231,봉,NNG
1232,티비,NNG
1233,전주,NNG
1234,여행,NNG
1235,코스,NNG
1236,전주,NNG
1237,가,JKS
1238,볼,VV+ETM
1239,만,NNB
1240,한,XSA+ETM
1241,곳,NNG
1242,여수,NNG
1243,여행,NNG
1244,여수,NNG
1245,가,JKS
1246,볼,VV+ETM
1247,만,NNB
1248,한,XSA+ETM
1249,곳,NNB
1250,제주,NNP
1251,도,JX
1252,여행,NNG
1253,제주도,NNP
1254,가,JKS
1255,볼,VV+ETM
1256,만,NNB
1257,한,XSA+ETM
1258,곳,NNG
1259,여행,NNG
1260,전문,NNG
1261,인,VCP+ETM
1262,플,NNG
1263,루,JKB
1264,언서,NNG
1265,전주,NNG
1266,여행,NNG
1267,3,SN
1268,일,NNBC
1269,전주,NNG
1270,여행,NNG
1271,3,SN
1272,일,NNBC
1273,간다면,VV+EC
1274,여행,NNG
1275,총,MM
1276,비용,NNG
1277,이,JKS
1278,얼마,NNG
1279,나올까요,VV+EF
1280,전주,NNG
1281,여행,NNG
1282,의,JKG
1283,총,MM
1284,비용,NNG
1285,은,JX
1286,여러,MM
1287,요소,NNG
1288,에,JKB
1289,따라,VV+EC
1290,달라지,VV
1291,지만,EC
1292,일반,NNG
1293,적,XSN
1294,으로,JKB
1295,다음,NNG
1296,과,JKB
1297,같,VA
1298,은,ETM
1299,항목,NNG
1300,들,XSN
1301,이,JKS
1302,포함,NNG
1303,됩니다,XSV+EC
1304,1,SN
1305,교통비,NNG
1306,전주,NNG
1307,까지,JX
1308,이동,NNG
1309,하,XSV
1310,기,ETN
1311,위한,VV+ETM
1312,교통,NNG
1313,비용,NNG
1314,이,JKS
1315,있,VV
1316,을,ETM
1317,것,NNB
1318,입니다,VCP+EF
1319,이,NP
1320,는,JX
1321,여행,NNG
1322,하,XSV
1323,는,ETM
1324,전주,NNG
1325,여행,NNG
1326,코스,NNG
1327,전주,NNG
1328,여행,NNG
1329,전주,NNG
1330,맛집,NNG
1331,국내,NNG
1332,여행,NNG
1333,전,NNG
1334,주달,NNG
1335,봉,NNG
1336,이,JKS
1337,달,NNG
1338,봉,NNG
1339,티비,NNG
1340,전주,NNG
1341,여행,NNG
1342,코스,NNG
1343,전주,NNG
1344,가,JKS
1345,볼,VV+ETM
1346,만,NNB
1347,한,XSA+ETM
1348,곳,NNG
1349,여수,NNG
1350,여행,NNG
1351,여수,NNG
1352,가,JKS
1353,볼,VV+ETM
1354,만,NNB
1355,한,XSA+ETM
1356,곳,NNB
1357,제주,NNP
1358,도,JX
1359,여행,NNG
1360,제주도,NNP
1361,가,JKS
1362,볼,VV+ETM
1363,만,NNB
1364,한,XSA+ETM
1365,곳,NNG
1366,여행,NNG
1367,전문,NNG
1368,인,VCP+ETM
1369,플,NNG
1370,루,JKB
1371,언서,NNG
1372,전,NNG
1373,주달,NNG
1374,봉이,NNG
1375,입니다,VCP+EF
1376,전주,NNG
1377,여행,NNG
1378,코스,NNG
1379,는,JX
1380,한옥,NNG
1381,마을,NNG
1382,에서부터,JKB
1383,시작,NNG
1384,을,JKO
1385,전주,NNG
1386,당일치기,NNG
1387,혼자,NNG
1388,여행,NNG
1389,코스,NNG
1390,추천,NNG
1391,박물관,NNG
1392,미술관,NNG
1393,지역,NNG
1394,공간,NNG
1395,을,JKO
1396,스토리,NNG
1397,로,JKB
1398,엮,VV
1399,어,EC
1400,안내,NNG
1401,하,XSV
1402,는,ETM
1403,해설,NNG
1404,형,XSN
1405,문화,NNG
1406,코스,NNG
1407,노,VV
1408,쇼,EC
1409,방지,NNG
1410,를,JKO
1411,위해,VV+EC
1412,5,SN
1413,천,NR
1414,원,NNBC
1415,예약금,NNG
1416,만,JX
1417,결제,NNG
1418,하,XSV
1419,고,EC
1420,현장,NNG
1421,에서,JKB
1422,5,SN
1423,천,NR
1424,천,NR
1425,원,NNBC
1426,상당,NNG
1427,음료,NNG
1428,기프,NNP
1429,티,NNG
1430,콘,NNG
1431,으로,JKB
1432,환급,NNG
1433,선착순,NNG
1434,마감,NNG
1435,이,VCP
1436,라,EC
1437,전주,NNG
1438,여행,NNG
1439,계획,NNG
1440,있,VV
1441,으신,EP+ETM
1442,분,NNB
1443,들,XSN
1444,은,JX
1445,전주,NNG
1446,여행,NNG
1447,차,NNG
1448,가,JKS
1449,필요,NNG
1450,한,XSA+ETM
1451,가요,NNG
1452,안녕,NNG
1453,하,XSV
1454,세요,EP+EF
1455,1,SN
1456,박,NNBC
1457,2,SN
1458,일,NNBC
1459,전주,NNG
1460,여행,NNG
1461,계획,NNG
1462,중,NNB
1463,입니다,VCP+EF
1464,서울,NNP
1465,에서,JKB
1466,전주,NNP
1467,까지,JX
1468,는,JX
1469,기차,NNG
1470,를,JKO
1471,타,VV
1472,고,EC
1473,갈,VX+ETM
1474,건데,NNB+VCP+EC
1475,전주,NNG
1476,내,NNB
1477,에서,JKB
1478,렌트,NNG
1479,를,JKO
1480,해야,VV+EC
1481,할지,VX+EC
1482,궁금,XR
1483,합니다,XSA+EF
1484,참고,NNG
1485,로,JKB
1486,전주,NNP
1487,한옥마을,NNP
1488,포함,NNG
1489,해서,XSV+EC
1490,유명,NNG
1491,관광지,NNG
1492,만,JX
1493,돌아볼,VV+ETM
1494,계획,NNG
1495,입니다,VCP+EF
1496,전주,NNG
1497,여행,NNG
1498,전주,NNG
1499,맛집,NNG
1500,국내,NNG
1501,여행,NNG
1502,전주,NNG
1503,여행,NNG
1504,.,SF
1505,.,SY
1506,전주,NNG
1507,여행,NNG
1508,전주,NNG
1509,맛집,NNG
1510,국내,NNG
1511,여행,NNG
1512,전,NNG
1513,주달,NNG
1514,봉,NNG
1515,이,JKS
1516,달,NNG
1517,봉,NNG
1518,티비,NNG
1519,전주,NNG
1520,여행,NNG
1521,코스,NNG
1522,전주,NNG
1523,가,JKS
1524,볼,VV+ETM
1525,만,NNB
1526,한,XSA+ETM
1527,곳,NNG
1528,여수,NNG
1529,여행,NNG
1530,여수,NNG
1531,가,JKS
1532,볼,VV+ETM
1533,만,NNB
1534,한,XSA+ETM
1535,곳,NNB
1536,제주,NNP
1537,도,JX
1538,여행,NNG
1539,제주도,NNP
1540,가,JKS
1541,볼,VV+ETM
1542,만,NNB
1543,한,XSA+ETM
1544,곳,NNG
1545,여행,NNG
1546,전문,NNG
1547,인,VCP+ETM
1548,플,NNG
1549,루,JKB
1550,언서,NNG
1551,전,NNG
1552,주달,NNG
1553,봉이,NNG
1554,입니다,VCP+EF
1555,전,NP+JX
1556,주,VX
1557,는,ETM
1558,대중교통,NNG
1559,이나,JC
1560,택시,NNG
1561,이용,NNG
1562,하,XSV
1563,시,EP
1564,는,ETM
1565,걸,NNB+JKO
1566,전주,NNG
1567,완주,NNG
1568,여행,NNG
1569,전주,NNG
1570,여행,NNG
1571,전주,NNG
1572,맛집,NNG
1573,국내,NNG
1574,여행,NNG
1575,전,NNG
1576,주달,NNG
1577,봉,NNG
1578,이,JKS
1579,달,NNG
1580,봉,NNG
1581,티비,NNG
1582,전주,NNG
1583,여행,NNG
1584,코스,NNG
1585,전주,NNG
1586,가,JKS
1587,볼,VV+ETM
1588,만,NNB
1589,한,XSA+ETM
1590,곳,NNG
1591,여수,NNG
1592,여행,NNG
1593,여수,NNG
1594,가,JKS
1595,볼,VV+ETM
1596,만,NNB
1597,한,XSA+ETM
1598,곳,NNB
1599,제주,NNP
1600,도,JX
1601,여행,NNG
1602,제주도,NNP
1603,가,JKS
1604,볼,VV+ETM
1605,만,NNB
1606,한,XSA+ETM
1607,곳,NNG
1608,여행,NNG
1609,전문,NNG
1610,인,VCP+ETM
1611,플,NNG
1612,루,JKB
1613,언서,NNG
1614,전,NNG
1615,주달,NNG
1616,봉이,NNG
1617,입니다,VCP+EF
1618,완주,NNP
1619,어느,MM
1620,쪽,NNB
1621,을,JKO
1622,여행,NNG
1623,하,XSV
1624,느냐,EC
1625,에,JKB
1626,따라,VV+EC
1627,전주,NNP
1628,3,SN
1629,박,NNBC
1630,4,SN
1631,일,NNBC
1632,여행,NNG
1633,부탁,NNG
1634,드립니다,VV+EC
1635,전주,NNG
1636,여행,NNG
1637,전주,NNG
1638,맛집,NNG
1639,국내,NNG
1640,여행,NNG
1641,전,NNG
1642,주달,NNG
1643,봉,NNG
1644,이,JKS
1645,달,NNG
1646,봉,NNG
1647,티비,NNG
1648,전주,NNG
1649,여행,NNG
1650,코스,NNG
1651,전주,NNG
1652,가,JKS
1653,볼,VV+ETM
1654,만,NNB
1655,한,XSA+ETM
1656,곳,NNG
1657,여수,NNG
1658,여행,NNG
1659,여수,NNG
1660,가,JKS
1661,볼,VV+ETM
1662,만,NNB
1663,한,XSA+ETM
1664,곳,NNB
1665,제주,NNP
1666,도,JX
1667,여행,NNG
1668,제주도,NNP
1669,가,JKS
1670,볼,VV+ETM
1671,만,NNB
1672,한,XSA+ETM
1673,곳,NNG
1674,여행,NNG
1675,전문,NNG
1676,인,VCP+ETM
1677,플,NNG
1678,루,JKB
1679,언서,NNG
1680,전,NNG
1681,주달,NNG
1682,봉이,NNG
1683,입니다,VCP+EF
1684,전주,NNG
1685,여행,NNG
1686,코스,NNG
1687,는,JX
1688,전주,NNG
1689,여행,NNG
1690,코스,NNG
1691,좀,MAG
1692,짜,VV+EC
1693,주,VX
1694,세요,EP+EF
1695,ㅜㅜ,UNKNOWN
1696,전주,NNG
1697,여행,NNG
1698,코스,NNG
1699,를,JKO
1700,짜,VV+EC
1701,드릴,VX+ETM
1702,수,NNB
1703,있,VV
1704,습니다,EF
1705,전,NP+JX
1706,주,VX
1707,는,ETM
1708,역사,NNG
1709,적,XSN
1710,인,VCP+ETM
1711,유적지,NNG
1712,와,JC
1713,전통문화,NNG
1714,가,JKS
1715,빛나,VV
1716,는,ETM
1717,곳,NNG
1718,으로,JKB
1719,유명,XR
1720,한데요,XSA+EF
1721,먼저,MAG
1722,전주,NNP
1723,한옥마을,NNP
1724,을,JKO
1725,방문,NNG
1726,하,XSV
1727,시,EP
1728,면,EC
1729,한,MM
1730,옥,NNG
1731,의,JKG
1732,아름다움,VA+ETN
1733,을,JKO
1734,느낄,VV+ETM
1735,수,NNB
1736,있,VV
1737,습니다,EF
1738,여행,NNG
1739,의,JKG
1740,시작,NNG
1741,지,XSV
1742,라고,EC
1743,할,VX+ETM
1744,수,NNB
1745,있,VV
1746,는,ETM
1747,전주,NNP
1748,한옥,NNG
1749,마을,NNG
1750,에서,JKB
1751,전주,NNG
1752,여행,NNG
1753,대중교통,NNG
1754,이랑,JC
1755,렌트카,NNG
1756,중,NNB
1757,어떤,MM
1758,게,NNB+JKS
1759,좋,VA
1760,을까요,EF
1761,?,SF
1762,전주,NNG
1763,여행,NNG
1764,때,NNG
1765,움직이,VV
1766,기,ETN
1767,차,NNG
1768,가,JKS
1769,편할지,VA+EC
1770,대중교통,NNG
1771,이,JKS
1772,편할지,VA+EC
1773,알려,VV+EC
1774,주,VX
1775,세요,EP+EF
1776,교통,NNG
1777,상황,NNG
1778,이,JKS
1779,어떤지,VA+EC
1780,궁금,XR
1781,합니다,XSA+EF
1782,전주,NNG
1783,여행,NNG
1784,전주,NNG
1785,맛집,NNG
1786,국내,NNG
1787,여행,NNG
1788,전,NNG
1789,주달,NNG
1790,봉,NNG
1791,이,JKS
1792,달,NNG
1793,봉,NNG
1794,티비,NNG
1795,전주,NNG
1796,여행,NNG
1797,코스,NNG
1798,전주,NNG
1799,가,JKS
1800,볼,VV+ETM
1801,만,NNB
1802,한,XSA+ETM
1803,곳,NNG
1804,여수,NNG
1805,여행,NNG
1806,여수,NNG
1807,가,JKS
1808,볼,VV+ETM
1809,만,NNB
1810,한,XSA+ETM
1811,곳,NNB
1812,제주,NNP
1813,도,JX
1814,여행,NNG
1815,전주,NNG
1816,여행,NNG
1817,전주,NNG
1818,여행,NNG
1819,을,JKO
1820,가시,VV
1821,려,EC
1822,하,VV
1823,는군요,EC
1824,그렇,VA
1825,다면,EC
1826,전주,NNP
1827,에서,JKB
1828,연인,NNG
1829,들,XSN
1830,이,JKS
1831,제일,MAG
1832,많이,MAG
1833,찾,VV
1834,는,ETM
1835,곳,NNG
1836,들,XSN
1837,추천,NNG
1838,해,XSV+EC
1839,드리,VX
1840,겠,EP
1841,습니다,EF
1842,전주,NNP
1843,한옥마을,NNP
1844,전주,NNP
1845,동물원,NNP
1846,한국도로공사,NNP
1847,수목원,NNG
1848,전주,NNP
1849,향교,NNP
1850,덕진,NNP
1851,공원,NNG
1852,전주,NNG
1853,여행,NNG
1854,관련,NNG
1855,전주,NNG
1856,여행,NNG
1857,전주,NNG
1858,맛집,NNG
1859,국내,NNG
1860,여행,NNG
1861,전,NNG
1862,주달,NNG
1863,봉,NNG
1864,이,JKS
1865,달,NNG
1866,봉,NNG
1867,티비,NNG
1868,전주,NNG
1869,여행,NNG
1870,코스,NNG
1871,전주,NNG
1872,가,JKS
1873,볼,VV+ETM
1874,만,NNB
1875,한,XSA+ETM
1876,곳,NNG
1877,여수,NNG
1878,여행,NNG
1879,여수,NNG
1880,가,JKS
1881,볼,VV+ETM
1882,만,NNB
1883,한,XSA+ETM
1884,곳,NNB
1885,제주,NNP
1886,도,JX
1887,여행,NNG
1888,제주도,NNP
1889,가,JKS
1890,볼,VV+ETM
1891,만,NNB
1892,한,XSA+ETM
1893,곳,NNG
1894,여행,NNG
1895,전문,NNG
1896,인,VCP+ETM
1897,플,NNG
1898,루,JKB
1899,언서,NNG
1900,전,NNG
1901,주달,NNG
1902,봉이,NNG
1903,입니다,VCP+EF
1904,주말,NNG
1905,인지,VCP+EC
1906,평일,NNG
1907,인지,VCP+EC
1908,에,JKB
1909,따라,VV+EC
1910,다릅니다,VA+EC
1911,전주,NNG
1912,여행,NNG
1913,가,VV
1914,려고,EC
1915,하,VV
1916,는,ETM
1917,데,NNB
1918,1,SN
1919,박,NNBC
1920,2,SN
1921,일,NNBC
1922,vs,SL
1923,2,SN
1924,박,NNBC
1925,3,SN
1926,일,NNBC
1927,어떤,MM
1928,게,NNB+JKS
1929,적당,XR
1930,할지,XSA+EC
1931,추천,NNG
1932,좀,MAG
1933,해,VV+EC
1934,주,VX
1935,세요,EP+EF
1936,전주,NNG
1937,여행,NNG
1938,전주,NNG
1939,맛집,NNG
1940,국내,NNG
1941,여행,NNG
1942,전,NNG
1943,주달,NNG
1944,봉,NNG
1945,이,JKS
1946,달,NNG
1947,봉,NNG
1948,티비,NNG
1949,전주,NNG
1950,여행,NNG
1951,코스,NNG
1952,전주,NNG
1953,가,JKS
1954,볼,VV+ETM
1955,만,NNB
1956,한,XSA+ETM
1957,곳,NNG
1958,여수,NNG
1959,여행,NNG
1960,여수,NNG
1961,가,JKS
1962,볼,VV+ETM
1963,만,NNB
1964,한,XSA+ETM
1965,곳,NNB
1966,제주,NNP
1967,도,JX
1968,여행,NNG
1969,제주도,NNP
1970,가,JKS
1971,볼,VV+ETM
1972,만,NNB
1973,한,XSA+ETM
1974,곳,NNG
1975,여행,NNG
1976,전문,NNG
1977,인,VCP+ETM
1978,플,NNG
1979,루,JKB
1980,언서,NNG
1981,전,NNG
1982,주달,NNG
1983,봉이,NNG
1984,입니다,VCP+EC
1985,전주,NNG
1986,여행,NNG
1987,이번,NNG
1988,주,NNG
1989,에,JKB
1990,전주,NNG
1991,여행,NNG
1992,1,SN
1993,박,NNBC
1994,2,SN
1995,일,NNBC
1996,로,JKB
1997,처음,MAG
1998,가,VV
1999,는데,EC
2000,가,VX
2001,볼,EC+VX+ETM
2002,데,NNB
2003,추천,NNG
2004,좀,MAG
2005,해,VV+EC
2006,주,VX
2007,세요,EP+EF
2008,걷,VV
2009,기,ETN
2010,좋,VA
2011,은데,EC
2012,위주,NNG
2013,로,JKB
2014,요,JX
2015,걷,VV
2016,는,ETM
2017,거,NNB
2018,좋,VA
2019,아,EC
2020,해요,VX+EF
2021,트레,NNP
2022,킹,NNP
2023,좋,VA
2024,아,EC
2025,해요,VX+EF
2026,전주,NNG
2027,여행,NNG
2028,을,JKO
2029,계획,NNG
2030,중,NNB
2031,이,VCP
2032,시,EP
2033,군요,EF
2034,전주,NNG
2035,에,JKB
2036,는,JX
2037,다양,XR
2038,한,XSA+ETM
2039,볼거리,NNG
2040,들,XSN
2041,과,JKB
2042,전주,NNP
2043,2,SN
2044,박,NNBC
2045,3,SN
2046,일,NNBC
2047,3,SN
2048,명,NNBC
2049,여행,NNG
2050,1,SN
2051,인,NNG
2052,경비,NNG
2053,식비,NNG
2054,랑,JKB
2055,교통비,NNG
2056,감,NNG
2057,이,JKS
2058,안,MAG
2059,잡혀서,VV+EC
2060,요,MM
2061,술,NNG
2062,은,JX
2063,마실,VV+ETM
2064,건데,NNB+VCP+EC
2065,많이,MAG
2066,안,MAG
2067,마셔서,VV+EC
2068,술값,NNG
2069,으로,JKB
2070,는,JX
2071,한,MM
2072,번,NNBC
2073,마실,VV+ETM
2074,때,NNG
2075,만,NR
2076,원,NNBC
2077,씩,XSN
2078,쓸,VV+ETM
2079,거,NNB
2080,같,VA
2081,아요,EF
2082,전주,NNG
2083,여행,NNG
2084,전주,NNG
2085,맛집,NNG
2086,국내,NNG
2087,여행,NNG
2088,전,NNG
2089,주달,NNG
2090,봉,NNG
2091,이,JKS
2092,달,NNG
2093,봉,NNG
2094,티비,NNG
2095,전주,NNG
2096,여행,NNG
2097,코스,NNG
2098,전주,NNG
2099,가,JKS
2100,볼,VV+ETM
2101,만,NNB
2102,한,XSA+ETM
2103,곳,NNG
2104,여수,NNG
2105,여행,NNG
2106,여수,NNG
2107,가,JKS
2108,볼,VV+ETM
2109,만,NNB
2110,한,XSA+ETM
2111,곳,NNG
2112,전주,NNP
2113,2,SN
2114,박,NNBC
2115,3,SN
2116,일,NNBC
2117,여행,NNG
2118,비용,NNG
2119,전주,NNG
2120,여행,NNG
2121,전주,NNG
2122,맛집,NNG
2123,국내,NNG
2124,여행,NNG
2125,전,NNG
2126,주달,NNG
2127,봉,NNG
2128,이,JKS
2129,달,NNG
2130,봉,NNG
2131,티비,NNG
2132,전주,NNG
2133,여행,NNG
2134,코스,NNG
2135,전주,NNG
2136,가,JKS
2137,볼,VV+ETM
2138,만,NNB
2139,한,XSA+ETM
2140,곳,NNG
2141,여수,NNG
2142,여행,NNG
2143,여수,NNG
2144,가,JKS
2145,볼,VV+ETM
2146,만,NNB
2147,한,XSA+ETM
2148,곳,NNB
2149,제주,NNP
2150,도,JX
2151,여행,NNG
2152,제주도,NNP
2153,가,JKS
2154,볼,VV+ETM
2155,만,NNB
2156,한,XSA+ETM
2157,곳,NNG
2158,여행,NNG
2159,전문,NNG
2160,인,VCP+ETM
2161,플,NNG
2162,루,JKB
2163,언서,NNG
2164,전,NNG
2165,주달,NNG
2166,봉이,NNG
2167,입니다,VCP+EF
2168,한옥마을,NNP
2169,은,JX
2170,입장료,NNG
2171,는,JX
2172,따로,MAG
2173,없,VA
2174,습니다,EF
2175,기본,NNG
2176,친구,NNG
2177,랑,JKB
2178,전주,NNG
2179,여행,NNG
2180,친구,NNG
2181,랑,JC
2182,첫,MM
2183,전주,NNG
2184,여행,NNG
2185,을,JKO
2186,가,VV+EC
2187,보,VX
2188,려고,EC
2189,합니다,VX+EC
2190,가,VX
2191,볼,EC+VX+ETM
2192,만,NNB
2193,한,XSA+ETM
2194,곳,NNG
2195,호텔,NNG
2196,맛집,NNG
2197,추천,NNG
2198,해,XSV+EC
2199,주,VX
2200,세요,EP+EF
2201,호텔,NNG
2202,은,JX
2203,시설,NNG
2204,이,JKS
2205,괜찮,VA
2206,고,EC
2207,깨끗,XR
2208,했으면,XSA+EP+EC
2209,좋,VA
2210,겠,EP
2211,어요,EF
2212,한옥,NNP
2213,이,VCP
2214,어도,EC
2215,괜찮,VA
2216,아요,EF
2217,침대,NNG
2218,가,JKS
2219,있,VA
2220,는,ETM
2221,곳,NNG
2222,이,VCP
2223,면,EC
2224,더,MAG
2225,좋,VA
2226,겠,EP
2227,어요,EF
2228,맛집,NNG
2229,은,JX
2230,양식,NNG
2231,중식,NNG
2232,일식,NNG
2233,상관없,VA
2234,습니다,EF
2235,비용,NNG
2236,도,JX
2237,1,SN
2238,인당,NNG
2239,2,SN
2240,박,NNBC
2241,3,SN
2242,일,NNBC
2243,전주,NNP
2244,크리스마스,NNG
2245,여행,NNG
2246,전주,NNG
2247,여행,NNG
2248,전주,NNG
2249,맛집,NNG
2250,국내,NNG
2251,여행,NNG
2252,전,NNG
2253,주달,NNG
2254,봉,NNG
2255,이,JKS
2256,달,NNG
2257,봉,NNG
2258,티비,NNG
2259,전주,NNG
2260,여행,NNG
2261,코스,NNG
2262,전주,NNG
2263,가,JKS
2264,볼,VV+ETM
2265,만,NNB
2266,한,XSA+ETM
2267,곳,NNG
2268,여수,NNG
2269,여행,NNG
2270,여수,NNG
2271,가,JKS
2272,볼,VV+ETM
2273,만,NNB
2274,한,XSA+ETM
2275,곳,NNB
2276,제주,NNP
2277,도,JX
2278,여행,NNG
2279,제주도,NNP
2280,가,JKS
2281,볼,VV+ETM
2282,만,NNB
2283,한,XSA+ETM
2284,곳,NNG
2285,여행,NNG
2286,전문,NNG
2287,인,VCP+ETM
2288,플,NNG
2289,루,JKB
2290,언서,NNG
2291,전,NNG
2292,주달,NNG
2293,봉이,NNG
2294,입니다,VCP+EF
2295,전주,NNG
2296,여행,NNG
2297,코스,NNG
2298,는,JX
2299,한옥,NNG
2300,마을,NNG
2301,에서부터,JKB
2302,시작,NNG
2303,을,JKO
2304,1,SN
2305,박,NNBC
2306,2,SN
2307,일,NNBC
2308,전주,NNG
2309,여행,NNG
2310,~.~,SY
2311,질문,NNG
2312,하,XSV
2313,신,EP+ETM
2314,전주,NNG
2315,여행,NNG
2316,일정,NNG
2317,관련,NNG
2318,답변,NNG
2319,드리,VV
2320,도록,EC
2321,하,VX
2322,겠,EP
2323,습니다,EF
2324,여행,NNG
2325,가실,NNG
2326,때,NNG
2327,계획,NNG
2328,짜,VV
2329,기,ETN
2330,너무,MAG
2331,귀찮,VA
2332,죠,EF
2333,제,NP
2334,가,JKS
2335,전주,NNP
2336,에서,JKB
2337,즐길,VV+ETM
2338,수,NNB
2339,있,VV
2340,는,ETM
2341,1,SN
2342,박,NNBC
2343,2,SN
2344,일,NNBC
2345,여행,NNG
2346,을,JKO
2347,준비,NNG
2348,해,XSV+EC
2349,보,VX
2350,았,EP
2351,어요,EF
2352,아래,NNG
2353,일정,NNG
2354,을,JKO
2355,참고,NNG
2356,해,XSV+EC
2357,보,VX
2358,시,EP
2359,고,EC
2360,즐거운,VA+ETM
2361,여행,NNG
2362,되,XSV
2363,시,EP
2364,길,ETN+JKO
2365,바라,VV
2366,요,EC
2367,1,SN
2368,일,NNBC
2369,차,NNG
2370,초등,NNG
2371,6,SN
2372,학년,NNG
2373,210,SN
2374,명,NNBC
2375,전주,NNG
2376,일,NR
2377,대,NNBC
2378,1,SN
2379,박,NNBC
2380,2,SN
2381,일,NNBC
2382,수학여행,NNG
2383,코스,NNG
2384,전주,NNG
2385,관광,NNG
2386,에,JKB
2387,달인,NNG
2388,이,VCP
2389,신,EP+ETM
2390,전,MM
2391,주달,NNG
2392,봉이,NNG
2393,님,XSN
2394,께서,JKS
2395,코스,NNG
2396,추천,NNG
2397,을,JKO
2398,해,VV+EC
2399,주,VX
2400,시,EP
2401,면,EC
2402,대단히,MAG
2403,감사,NNG
2404,드리,VV
2405,겠,EP
2406,습니다,EF
2407,전주,NNG
2408,여행,NNG
2409,전주,NNG
2410,맛집,NNG
2411,국내,NNG
2412,여행,NNG
2413,전,NNG
2414,주달,NNG
2415,봉,NNG
2416,이,JKS
2417,달,NNG
2418,봉,NNG
2419,티비,NNG
2420,전주,NNG
2421,여행,NNG
2422,코스,NNG
2423,전주,NNG
2424,가,JKS
2425,볼,VV+ETM
2426,만,NNB
2427,한,XSA+ETM
2428,곳,NNG
2429,여수,NNG
2430,여행,NNG
2431,여수,NNG
2432,가,JKS
2433,볼,VV+ETM
2434,만,NNB
2435,한,XSA+ETM
2436,곳,NNB
2437,제주,NNP
2438,도,JX
2439,여행,NNG
2440,1,SN
2441,박,NNBC
2442,2,SN
2443,일,NNBC
2444,전주,NNP
2445,혼자,NNG
2446,여행,NNG
2447,코스,NNG
2448,질문,NNG
2449,하,XSV
2450,신,EP+ETM
2451,전주,NNG
2452,여행,NNG
2453,정보,NNG
2454,정리,NNG
2455,해,XSV+EC
2456,봤,VX+EP
2457,습니다,EF
2458,참고,NNG
2459,해,XSV+EC
2460,주,VX
2461,세요,EP+EF
2462,전,MM
2463,주,NNG
2464,에서,JKB
2465,가,VV
2466,볼,EC+VX+ETM
2467,만,NNB
2468,한,XSA+ETM
2469,곳,NNB
2470,덕진,NNP
2471,공원,NNG
2472,추천,NNP
2473,덕진,NNP
2474,공원,NNG
2475,이,JKS
2476,전주,NNP
2477,터미널,NNG
2478,에서,JKB
2479,가장,MAG
2480,가까운,VA+ETM
2481,곳,NNG
2482,이,VCP
2483,에요,EF
2484,산책,NNG
2485,하,XSV
2486,기,ETN
2487,에,JKB
2488,좋,VA
2489,은,ETM
2490,호수,NNG
2491,공원,NNG
2492,이,VCP
2493,에요,EF
2494,덕진,NNP
2495,공원,NNG
2496,을,JKO
2497,생략,NNG
2498,하,XSV
2499,고,EC
2500,곧바로,MAG
2501,남부,NNG
2502,시장,NNG
2503,과,JC
2504,전주,NNG
2505,여행,NNG
2506,갈,VV+ETM
2507,곳,NNB
2508,",",SC
2509,전시회,NNG
2510,추천,NNG
2511,제,NP
2512,가,JKS
2513,이번,NNG
2514,달,NNG
2515,말,NNG
2516,에,JKB
2517,남자,NNG
2518,친구,NNG
2519,랑,JKB
2520,전주,NNG
2521,여행,NNG
2522,을,JKO
2523,가,VV
2524,는데요,EC
2525,전주,NNP
2526,한옥마을,NNP
2527,만,JX
2528,가,VV
2529,기,ETN
2530,엔,JKB+JX
2531,그래서,MAJ
2532,갈만,NNG
2533,한,XSA+ETM
2534,곳,NNG
2535,공방,NNG
2536,전시회,NNG
2537,같,VA
2538,은,ETM
2539,거,NNB
2540,있,VA
2541,음,ETN
2542,추천,NNG
2543,부탁,NNG
2544,드려요,VV+EC
2545,안녕,NNG
2546,하,XSV
2547,세요,EP+EF
2548,질문,NNG
2549,하,XSV
2550,신,EP+ETM
2551,전주,NNG
2552,여행,NNG
2553,관련,NNG
2554,답변,NNG
2555,드리,VV
2556,도록,EC
2557,하,VX
2558,겠,EP
2559,습니다,EF
2560,전,NP+JX
2561,주로,MAG
2562,놀,VV
2563,러,EC
2564,가,VX
2565,시,EP
2566,나,EC
2567,봅니다,VX+EC
2568,전주,NNG
2569,여행,NNG
2570,코스,NNG
2571,추천,NNG
2572,안녕,NNG
2573,하,XSV
2574,세요,EP+EF
2575,여자,NNG
2576,친구,NNG
2577,랑,JKB
2578,전주,NNG
2579,여행,NNG
2580,을,JKO
2581,갈,VV+ETM
2582,예정,NNG
2583,인데,VCP+EC
2584,숙소,NNG
2585,를,JKO
2586,전주,NNP
2587,더클래식,NNP
2588,호텔,NNG
2589,로,JKB
2590,잡,VV
2591,고,EC
2592,1,SN
2593,박,NNBC
2594,2,SN
2595,일,NNBC
2596,일정,NNG
2597,으로,JKB
2598,여행,NNG
2599,을,JKO
2600,가,VV
2601,게,EC
2602,되,VV
2603,었,EP
2604,습니다,EF
2605,근데,MAJ
2606,금요일,NNG
2607,오후,NNG
2608,5,SN
2609,시,NNBC
2610,쯤,XSN
2611,전주,NNG
2612,에,JKB
2613,도착,NNG
2614,예정,NNG
2615,이,VCP
2616,고,EC
2617,자,NNG
2618,가,JKS
2619,차,NNG
2620,가,JKS
2621,없,VA
2622,어,EC
2623,이동,NNG
2624,수단,NNG
2625,을,JKO
2626,대중교통,NNG
2627,과,JC
2628,택시,NNG
2629,로,JKB
2630,할,VV+ETM
2631,예정,NNG
2632,입니다,VCP+EC
2633,전주,NNG
2634,여행,NNG
2635,각각,MAG
2636,거리,NNG
2637,가,JKS
2638,가까운지,VA+EC
2639,알,VV
2640,고,EC
2641,싶,VX
2642,어요,EF
2643,추석,NNG
2644,에,JKB
2645,여행,NNG
2646,예정,NNG
2647,입니다,VCP+EF
2648,그,MM
2649,외,NNB
2650,갈만,NNG
2651,한,XSA+ETM
2652,곳,NNG
2653,추천,NNG
2654,해,XSV+EC
2655,주,VX
2656,세요,EP+EF
2657,전주,NNG
2658,여행,NNG
2659,전주,NNG
2660,맛집,NNG
2661,국내,NNG
2662,여행,NNG
2663,전,NNG
2664,주달,NNG
2665,봉,NNG
2666,이,JKS
2667,달,NNG
2668,봉,NNG
2669,티비,NNG
2670,전주,NNG
2671,여행,NNG
2672,코스,NNG
2673,전주,NNG
2674,가,JKS
2675,볼,VV+ETM
2676,만,NNB
2677,한,XSA+ETM
2678,곳,NNG
2679,여수,NNG
2680,여행,NNG
2681,여수,NNG
2682,가,JKS
2683,볼,VV+ETM
2684,만,NNB
2685,한,XSA+ETM
2686,곳,NNB
2687,제주,NNP
2688,도,JX
2689,여행,NNG
2690,전주,NNG
2691,여행,NNG
2692,갈만,NNG
2693,한,XSA+ETM
2694,곳,NNB
2695,있,VA
2696,을까요,EF
2697,?,SF
2698,전주,NNG
2699,여행,NNG
2700,전주,NNG
2701,맛집,NNG
2702,국내,NNG
2703,여행,NNG
2704,전,NNG
2705,주달,NNG
2706,봉,NNG
2707,이,JKS
2708,달,NNG
2709,봉,NNG
2710,티비,NNG
2711,전주,NNG
2712,여행,NNG
2713,코스,NNG
2714,전주,NNG
2715,가,JKS
2716,볼,VV+ETM
2717,만,NNB
2718,한,XSA+ETM
2719,곳,NNG
2720,여수,NNG
2721,여행,NNG
2722,여수,NNG
2723,가,JKS
2724,볼,VV+ETM
2725,만,NNB
2726,한,XSA+ETM
2727,곳,NNB
2728,제주,NNP
2729,도,JX
2730,여행,NNG
2731,제주도,NNP
2732,가,JKS
2733,볼,VV+ETM
2734,만,NNB
2735,한,XSA+ETM
2736,곳,NNG
2737,여행,NNG
2738,전문,NNG
2739,인,VCP+ETM
2740,플,NNG
2741,루,JKB
2742,언서,NNG
2743,전,NNG
2744,주달,NNG
2745,봉이,NNG
2746,입니다,VCP+EF
2747,전주,NNG
2748,여행,NNG
2749,코스,NNG
2750,는,JX
2751,한옥,NNG
2752,마을,NNG
2753,에서부터,JKB
2754,전주,NNG
2755,여행,NNG
2756,코스,NNG
2757,전주,NNG
2758,여행,NNG
2759,일정,NNG
2760,에,JKB
2761,질,VV+ETM
2762,문자,NNG
2763,님,XSN
2764,께서,JKS
2765,봐둔,VV+EC+VX+ETM
2766,곳,NNB
2767,모두,MAG
2768,반양,NNG
2769,하,XSV
2770,기,ETN
2771,에,JKB
2772,시간,NNG
2773,상,XSN
2774,무리,NNG
2775,가,JKS
2776,있,VV
2777,을,ETM
2778,거,NNB
2779,같,VA
2780,아,EC
2781,꼭,MAG
2782,가,VV
2783,고,EC
2784,싶,VX
2785,은,ETM
2786,곳,NNG
2787,을,JKO
2788,넣,VV
2789,어,EC
2790,일정,NNG
2791,을,JKO
2792,만들,VV
2793,어,EC
2794,보,VX
2795,았,EP
2796,습니다,EF
2797,1,SN
2798,일,NNBC
2799,차,NNG
2800,가운데,NNG
2801,집,NNG
2802,점심,NNG
2803,전주,NNG
2804,한지,XSA+EC
2805,박물관,NNG
2806,관광,NNG
2807,전주,NNG
2808,수목원,NNG
2809,관광,NNG
2810,오목,MAG
2811,대,XPN
2812,관광,NNG
2813,교동,NNP
2814,다윈,NNP
2815,전주,NNG
2816,여행,NNG
2817,추천,NNG
2818,부탁,NNG
2819,드립니다,VV+EC
2820,2,SN
2821,월,NNBC
2822,12,SN
2823,13,SN
2824,일,NNBC
2825,에,JKB
2826,전주,NNG
2827,여행,NNG
2828,할려구,VV+EC
2829,합니다,VX+EC
2830,1,SN
2831,박,NNBC
2832,2,SN
2833,일,NNBC
2834,가,VV
2835,볼,EC+VX+ETM
2836,만,NNB
2837,한,XSA+ETM
2838,곳,NNG
2839,이랑,JC
2840,맛집,NNG
2841,추천,NNG
2842,부탁,NNG
2843,드립니다,VV+EC
2844,감사,NNG
2845,합니다,XSV+EF
2846,전주,NNG
2847,맛집,NNG
2848,여행,NNG
2849,전,NNG
2850,주달,NNG
2851,봉,NNG
2852,이,JKS
2853,달,NNG
2854,봉,NNG
2855,티비,NNG
2856,전주,NNG
2857,여행,NNG
2858,코스,NNG
2859,전주,NNG
2860,가,JKS
2861,볼,VV+ETM
2862,만,NNB
2863,한,XSA+ETM
2864,곳,NNG
2865,여행,NNG
2866,인,VCP+ETM
2867,플,NNG
2868,루,JKB
2869,언서,NNG
2870,전,NNG
2871,주달,NNG
2872,봉이,NNG
2873,입니다,VCP+EF
2874,전주,NNG
2875,여행,NNG
2876,강아지,NNG
2877,와,JKB
2878,함께,MAG
2879,전주,NNG
2880,여행,NNG
2881,가능,NNG
2882,한,XSA+ETM
2883,곳,NNB
2884,ㅜ,UNKNOWN
2885,전주,NNG
2886,여행,NNG
2887,갈,VV+ETM
2888,껀,NNB+JX
2889,데요,EF
2890,강아지,NNG
2891,같이,MAG
2892,동반,NNG
2893,할,XSV+ETM
2894,꺼,NNB+VCP
2895,라서요,EF
2896,혹시,MAG
2897,강아지,NNG
2898,같이,JKB
2899,갈,VV+ETM
2900,수,NNB
2901,있,VV
2902,는,ETM
2903,곳,NNB
2904,좀,MAG
2905,알려,VV+EC
2906,주,VX
2907,세요,EP+EF
2908,맛집,NNG
2909,이랑,JKB
2910,관광,NNG
2911,징,NNG
2912,반려,NNG
2913,동물,NNG
2914,1,SN
2915,등,NNBC
2916,여행,NNG
2917,앱,NNG
2918,반려,NNG
2919,생활,NNG
2920,입니다,VCP+EF
2921,하늘,NNG
2922,이,JKS
2923,맑,VA
2924,은,ETM
2925,가을,NNG
2926,에,JKB
2927,전주,NNG
2928,여행,NNG
2929,을,JKO
2930,떠나,VV
2931,시,EP
2932,는군요,EC
2933,강아지,NNG
2934,랑,JKB
2935,함께,MAG
2936,더,MAG
2937,좋,VA
2938,은,ETM
2939,추억,NNG
2940,광주,NNP
2941,에서,JKB
2942,전주,NNG
2943,2,SN
2944,박,NNBC
2945,3,SN
2946,일,NNBC
2947,여행,NNG
2948,감사,NNG
2949,하,XSV
2950,겠,EP
2951,습니다,EF
2952,전주,NNG
2953,여행,NNG
2954,전주,NNG
2955,맛집,NNG
2956,국내,NNG
2957,여행,NNG
2958,전,NNG
2959,주달,NNG
2960,봉,NNG
2961,이,JKS
2962,달,NNG
2963,봉,NNG
2964,티비,NNG
2965,전주,NNG
2966,여행,NNG
2967,코스,NNG
2968,전주,NNG
2969,가,JKS
2970,볼,VV+ETM
2971,만,NNB
2972,한,XSA+ETM
2973,곳,NNG
2974,여수,NNG
2975,여행,NNG
2976,여수,NNG
2977,가,JKS
2978,볼,VV+ETM
2979,만,NNB
2980,한,XSA+ETM
2981,곳,NNB
2982,제주,NNP
2983,도,JX
2984,여행,NNG
2985,제주도,NNP
2986,가,JKS
2987,볼,VV+ETM
2988,만,NNB
2989,한,XSA+ETM
2990,곳,NNG
2991,여행,NNG
2992,전문,NNG
2993,인,VCP+ETM
2994,플,NNG
2995,루,JKB
2996,언서,NNG
2997,전,NNG
2998,주달,NNG
2999,봉이,NNG
3000,입니다,VCP+EF
3001,버스,NNG
3002,터미널,NNG
3003,에서,JKB
3004,내리,VV
3005,셔서,EP+EC
3006,전주,NNG
3007,여행,NNG
3008,코스,NNG
3009,좀,MAG
3010,짜,VV+EC
3011,주,VX
3012,세요,EP+EF
3013,~,SY
3014,질문,NNG
3015,하,XSV
3016,신,EP+ETM
3017,전주,NNG
3018,여행,NNG
3019,일정,NNG
3020,관련,NNG
3021,답변,NNG
3022,드리,VV
3023,도록,EC
3024,하,VX
3025,겠,EP
3026,습니다,EF
3027,친정,NNG
3028,어머니,NNG
3029,와,JC
3030,딸,NNG
3031,과,JKB
3032,다,MAG
3033,함께,MAG
3034,하,VV
3035,는,ETM
3036,여행,NNG
3037,듣,VV
3038,기,ETN
3039,만,JX
3040,해도,VV+EC
3041,설레,VV
3042,네요,EC
3043,아래,NNG
3044,세,MM
3045,분,NNBC
3046,께서,JKS
3047,모두,MAG
3048,즐길,VV+ETM
3049,수,NNB
3050,있,VV
3051,는,ETM
3052,여행,NNG
3053,일정,NNG
3054,을,JKO
3055,준비,NNG
3056,해,XSV+EC
3057,보,VX
3058,았,EP
3059,어요,EF
3060,참고,NNG
3061,해,XSV+EC
3062,보,VX
3063,시,EP
3064,고,EC
3065,여행,NNG
3066,에,JKB
3067,도움,NNG
3068,되,XSV
3069,셨,EP+EP
3070,으면,EC
3071,[,SSO
3072,추천,NNG
3073,해,XSV+EC
3074,주,VX
3075,세요,EP+EF+VCP
3076,],SSC
3077,전주,NNG
3078,당일치기,NNG
3079,여행,NNG
3080,추천,NNG
3081,해,XSV+EC
3082,주,VX
3083,세요,EP+EF
3084,전주,NNG
3085,당일치기,NNG
3086,여행,NNG
3087,전주,NNG
3088,여행,NNG
3089,전주,NNG
3090,맛집,NNG
3091,국내,NNG
3092,여행,NNG
3093,전,NNG
3094,주달,NNG
3095,봉,NNG
3096,이,JKS
3097,달,NNG
3098,봉,NNG
3099,티비,NNG
3100,전주,NNG
3101,여행,NNG
3102,코스,NNG
3103,전주,NNG
3104,가,JKS
3105,볼,VV+ETM
3106,만,NNB
3107,한,XSA+ETM
3108,곳,NNG
3109,여수,NNG
3110,여행,NNG
3111,여수,NNG
3112,가,JKS
3113,볼,VV+ETM
3114,만,NNB
3115,한,XSA+ETM
3116,곳,NNB
3117,제주,NNP
3118,도,JX
3119,여행,NNG
3120,제주도,NNP
3121,가,JKS
3122,볼,VV+ETM
3123,만,NNB
3124,한,XSA+ETM
3125,곳,NNG
3126,여행,NNG
3127,전문,NNG
3128,인,VCP+ETM
3129,플,NNG
3130,루,JKB
3131,언서,NNG
3132,전,NNG
3133,주달,NNG
3134,봉이,NNG
3135,입니다,VCP+EC
3136,전주,NNG
3137,여행,NNG
3138,팀조,NNP
3139,뮤,NNG
3140,ㅠ,UNKNOWN
3141,전주,NNG
3142,여행,NNG
3143,1,SN
3144,박,NNBC
3145,2,SN
3146,일,NNBC
3147,가,VV
3148,는데,EC
3149,가,VX
3150,기,ETN
3151,좋,VA
3152,은,ETM
3153,곳,NNG
3154,이랑,JC
3155,맛집,NNG
3156,좀,MAG
3157,알려,VV+EC
3158,주,VX
3159,세요,EP+EF
3160,안녕,IC
3161,하,VV
3162,세요,EP+EF
3163,서울,NNP
3164,지방,NNG
3165,변호,NNG
3166,사회,NNG
3167,소속,NNG
3168,으로,JKB
3169,지식,NNG
3170,iN,SL
3171,법률,NNG
3172,상담,NNG
3173,을,JKO
3174,진행,NNG
3175,하,XSV
3176,고,EC
3177,있,VX
3178,는,ETM
3179,김선용,NNP
3180,변호사,NNG
3181,입니다,VCP+EF
3182,알아보,VV
3183,는,ETM
3184,것,NNB
3185,이,JKS
3186,어려우,VA
3187,시,EP
3188,다면,EC
3189,인,NNG
3190,스타,NNG
3191,그램,NNG
3192,에,JKB
3193,전주,NNG
3194,라고,VCP+EC
3195,검색,NNG
3196,하,XSV
3197,셔서,EP+EC
3198,전주,NNP
3199,한옥마을,NNP
3200,여행,NNG
3201,준비,NNG
3202,중,NNB
3203,입니다,VCP+EF
3204,대여,NNG
3205,는,JX
3206,천차만별,NNG
3207,입니다,VCP+EF
3208,기본,NNG
3209,금액,NNG
3210,은,JX
3211,10000,SN
3212,원,NNBC
3213,부터,JX
3214,시작,NNG
3215,합니다,XSV+EF
3216,시간,NNG
3217,과,JC
3218,한복,NNG
3219,에,JKB
3220,따라서,VV+EC
3221,가격,NNG
3222,이,JKS
3223,다릅니다,VA+EC
3224,전주,NNG
3225,여행,NNG
3226,전주,NNG
3227,맛집,NNG
3228,국내,NNG
3229,여행,NNG
3230,전,NNG
3231,주달,NNG
3232,봉,NNG
3233,이,JKS
3234,달,NNG
3235,봉,NNG
3236,티비,NNG
3237,전주,NNG
3238,여행,NNG
3239,코스,NNG
3240,전주,NNG
3241,가,JKS
3242,볼,VV+ETM
3243,만,NNB
3244,한,XSA+ETM
3245,곳,NNG
3246,여수,NNG
3247,여행,NNG
3248,여수,NNG
3249,가,JKS
3250,볼,VV+ETM
3251,만,NNB
3252,한,XSA+ETM
3253,곳,NNB
3254,제주,NNP
3255,도,JX
3256,여행,NNG
3257,고등학교,NNG
3258,친구,NNG
3259,들,XSN
3260,과,JC
3261,전주,NNG
3262,여행,NNG
3263,당일치기,NNG
3264,지금,MAG
3265,고등학교,NNG
3266,3,SN
3267,학년,NNG
3268,친구,NNG
3269,들,XSN
3270,과,JKB
3271,함께,MAG
3272,4,SN
3273,월,NNBC
3274,달,NNG
3275,에,JKB
3276,전주,NNG
3277,여행,NNG
3278,을,JKO
3279,당일,NNG
3280,치,VV
3281,기,ETN
3282,로,JKB
3283,갈,VV+ETM
3284,예정,NNG
3285,인데,VCP+EC
3286,부모,NNG
3287,님,XSN
3288,께,JKB
3289,뭐,NP
3290,라고,VCP+EC
3291,말씀,NNG
3292,드리,VV
3293,면,EC
3294,허락,NNG
3295,을,JKO
3296,받,VV
3297,을,ETM
3298,수,NNB
3299,있,VV
3300,을까요,EC
3301,고등학교,NNG
3302,시절,NNG
3303,친구,NNG
3304,들,XSN
3305,과,JKB
3306,의,JKG
3307,소중,XR
3308,한,XSA+ETM
3309,추억,NNG
3310,을,JKO
3311,만들,VV
3312,기,ETN
3313,위해,VV+EC
3314,전주,NNG
3315,여행,NNG
3316,을,JKO
3317,다녀오,VV
3318,기,ETN
3319,로,JKB
3320,했,VV+EP
3321,습니다,EF
3322,전주,NNG
3323,는,JX
3324,전,NP+JX
3325,주로,MAG
3326,휴가,NNG
3327,갈,VV+ETM
3328,건데,NNB+VCP+EC
3329,여행,NNG
3330,코스,NNG
3331,추천,NNG
3332,해,XSV+EC
3333,주,VX
3334,세요,EP+EF
3335,위,NNG
3336,의,JKG
3337,일정,NNG
3338,은,JX
3339,참고,NNG
3340,용,XSN
3341,으로,JKB
3342,제시,NNG
3343,한,XSV+ETM
3344,것,NNB
3345,이,VCP
3346,며,EC
3347,여행,NNG
3348,일정,NNG
3349,에,JKB
3350,따라,VV+EC
3351,조정,NNG
3352,할,XSV+ETM
3353,수,NNB
3354,있,VV
3355,습니다,EF
3356,또한,MAJ
3357,음식점,NNG
3358,의,JKG
3359,웨이팅,NNG
3360,시간,NNG
3361,은,JX
3362,방문,NNG
3363,시간,NNG
3364,과,JC
3365,요일,NNG
3366,에,JKB
3367,따라,VV+EC
3368,달라질,VV+ETM
3369,수,NNB
3370,있,VV
3371,으니,EC
3372,참고,NNG
3373,해,XSV+EC
3374,주,VX
3375,세요,EP+EF
3376,즐거운,VA+ETM
3377,전주,NNG
3378,여행,NNG
3379,되,XSV
3380,시,EP
3381,길,ETN+JKO
3382,바랍니다,VV+EC
3383,여자,NNG
3384,2,SN
3385,명,NNBC
3386,이,XSN
3387,서,JKS
3388,2,SN
3389,박,NNBC
3390,3,SN
3391,일,NNBC
3392,로,JKB
3393,전주,NNG
3394,여행,NNG
3395,질문,NNG
3396,2,SN
3397,박,NNBC
3398,3,SN
3399,일,NNBC
3400,로,JKB
3401,전주,NNG
3402,를,JKO
3403,여행,NNG
3404,하,XSV
3405,신다면,EP+EC
3406,다음,NNG
3407,과,JKB
3408,같,VA
3409,은,ETM
3410,일정,NNG
3411,을,JKO
3412,추천,NNG
3413,해,XSV+EC
3414,드립니다,VX+EC
3415,Day,SL
3416,1,SN
3417,전주,NNP
3418,한옥마을,NNP
3419,전통,NNG
3420,한옥,NNG
3421,건물,NNG
3422,과,JC
3423,전통,NNG
3424,문화,NNG
3425,를,JKO
3426,경험,NNG
3427,할,XSV+ETM
3428,수,NNB
3429,있,VV
3430,는,ETM
3431,곳,NNB
3432,입니다,VCP+EF
3433,전주,NNP
3434,향교,NNP
3435,조선,NNP
3436,시대,NNG
3437,교육,NNG
3438,기관,NNG
3439,인,VCP+ETM
3440,향교,NNG
3441,를,JKO
3442,볼,VV+ETM
3443,수,NNB
3444,있,VV
3445,습니다,EF
3446,전주,NNP
3447,남부,NNG
3448,시장,NNG
3449,전,NNG
3450,주의,NNG
3451,전주,NNG
3452,여행,NNG
3453,코스,NNG
3454,짜,VV+EC
3455,주,VX
3456,세요,EP+EF
3457,!,SF
3458,많이,MAG
3459,급합니다,VA+EF
3460,.,SF
3461,.!,SY
3462,안녕,NNG
3463,하,XSV
3464,세요,EP+EF
3465,가족,NNG
3466,여행,NNG
3467,으로,JKB
3468,전주,NNG
3469,에,JKB
3470,놀,VV
3471,러,EC
3472,가,VX
3473,려는데,EC
3474,요,MM
3475,당장,NNG
3476,이번,NNG
3477,주,NNG
3478,금요일,NNG
3479,에,JKB
3480,가,VV
3481,는데,EC
3482,어딜,NP+JKO
3483,갈지,VV+EC
3484,몰라서,VV+EC
3485,숙소,NNG
3486,는,JX
3487,라,NNG
3488,한,XSA+ETM
3489,호텔,NNG
3490,로,JKB
3491,잡,VV
3492,았,EP
3493,고,EC
3494,한옥마을,NNP
3495,쪽,NNB
3496,을,JKO
3497,가,VV
3498,고,EC
3499,싶,VX
3500,은데,EC
3501,별로,MAG
3502,걷,VV
3503,지,EC
3504,않,VX
3505,으면서,EC
3506,카페,NNG
3507,투어,NNG
3508,는,JX
3509,아닌,VCN+ETM
3510,여행,NNG
3511,코스,NNG
3512,짜,VV+EC
3513,주,VX
3514,실,EP+ETM
3515,수,NNB
3516,있,VV
3517,나요,EF
3518,호,NNBC
3519,캉,JKB
3520,스로,NNG
3521,전주,NNP
3522,1,SN
3523,박,NNBC
3524,2,SN
3525,일,NNBC
3526,여행,NNG
3527,대둔산,NNP
3528,케이블카,NNG
3529,주말,NNG
3530,에,JKB
3531,사람,NNG
3532,많,VA
3533,겠,EP
3534,죠,EF
3535,괜찮,VA
3536,은,ETM
3537,코스,NNG
3538,추천,NNG
3539,해,XSV+EC
3540,주,VX
3541,세요,EP+EF
3542,전주,NNG
3543,여행,NNG
3544,전주,NNG
3545,맛집,NNG
3546,국내,NNG
3547,여행,NNG
3548,전,NNG
3549,주달,NNG
3550,봉,NNG
3551,이,JKS
3552,달,NNG
3553,봉,NNG
3554,티비,NNG
3555,전주,NNG
3556,여행,NNG
3557,코스,NNG
3558,전주,NNG
3559,가,JKS
3560,볼,VV+ETM
3561,만,NNB
3562,한,XSA+ETM
3563,곳,NNG
3564,여수,NNG
3565,여행,NNG
3566,여수,NNG
3567,가,JKS
3568,볼,VV+ETM
3569,만,NNB
3570,한,XSA+ETM
3571,곳,NNB
3572,제주,NNP
3573,도,JX
3574,여행,NNG
3575,제주도,NNP
3576,가,JKS
3577,볼,VV+ETM
3578,만,NNB
3579,한,XSA+ETM
3580,곳,NNG
3581,여행,NNG
3582,전문,NNG
3583,전주,NNG
3584,여행,NNG
3585,코스,NNG
3586,!,SF
3587,!!,SY
3588,이미,MAG
3589,전주,NNG
3590,여행,NNG
3591,을,JKO
3592,마치,VV
3593,고,EC
3594,복귀,NNG
3595,하,XSV
3596,셨,EP+EP
3597,을,ETM
3598,것,NNB
3599,같,VA
3600,네요,EF
3601,저희,NP
3602,도,JX
3603,지난주,NNG
3604,에,JKB
3605,당일,NNG
3606,코스,NNG
3607,로,JKB
3608,전주,NNG
3609,에,JKB
3610,다녀왔,VV+EP
3611,는데요,EF
3612,주말,NNG
3613,이,VCP
3614,라서,EC
3615,그런지,VA+EC
3616,차,NNG
3617,들,XSN
3618,도,JX
3619,많,VA
3620,고,EC
3621,관광지,NNG
3622,에,JKB
3623,는,JX
3624,사람,NNG
3625,들,XSN
3626,도,JX
3627,많,VA
3628,아서,EC
3629,생각,NNG
3630,처럼,JKB
3631,많이,MAG
3632,둘러보,VV
3633,지,EC
3634,못해서,VX+EC
3635,아쉽,VA
3636,더라고요,EC
3637,최소한,NNG
3638,1,SN
3639,박,NNBC
3640,2,SN
3641,일,NNBC
3642,전주,NNP
3643,한옥마을,NNP
3644,당일치기,NNG
3645,여행,NNG
3646,질문,NNG
3647,전주,NNP
3648,여수,NNP
3649,제주도,NNP
3650,맛집,NNG
3651,여행,NNG
3652,전,NNG
3653,주달,NNG
3654,봉,NNG
3655,이,JKS
3656,달,NNG
3657,봉,NNG
3658,티비,NNG
3659,전주,NNG
3660,여행,NNG
3661,코스,NNG
3662,전주,NNG
3663,가,JKS
3664,볼,VV+ETM
3665,만,NNB
3666,한,XSA+ETM
3667,곳,NNG
3668,여수,NNG
3669,여행,NNG
3670,여수,NNG
3671,가,JKS
3672,볼,VV+ETM
3673,만,NNB
3674,한,XSA+ETM
3675,곳,NNB
3676,제주,NNP
3677,도,JX
3678,여행,NNG
3679,제주도,NNP
3680,가,JKS
3681,볼,VV+ETM
3682,만,NNB
3683,한,XSA+ETM
3684,곳,NNG
3685,여행,NNG
3686,전문,NNG
3687,인,VCP+ETM
3688,플,NNG
3689,루,JKB
3690,언서,NNG
3691,전,NNG
3692,주달,NNG
3693,봉이,NNG
3694,입니다,VCP+EC
3695,1,SN
3696,7000,SN
3697,8000,SN
3698,원,NNBC
3699,2,SN
3700,흐노,NNP
3701,니,VCP+EC
3702,마시,VV
3703,랑게,EC
3704,전망,NNG
3705,달,VV
3706,곰,EC
3707,3,SN
3708,전주,NNP
3709,혼자,NNG
3710,2,SN
3711,박,NNBC
3712,3,SN
3713,일,NNBC
3714,여행,NNG
3715,아무래도,MAG
3716,사람,NNG
3717,이,JKS
3718,많,VA
3719,으면,EC
3720,맛집,NNG
3721,같,VA
3722,은,ETM
3723,곳,NNG
3724,에서,JKB
3725,혼자,MAG
3726,못,MAG
3727,먹,VV
3728,을,ETM
3729,것,NNB
3730,같,VA
3731,아서,EC
3732,5,SN
3733,월,NNBC
3734,중순,NNG
3735,은,JX
3736,전주,NNG
3737,여행,NNG
3738,을,JKO
3739,즐기,VV
3740,기,ETN
3741,좋,VA
3742,은,ETM
3743,계절,NNG
3744,입니다,VCP+EF
3745,하지만,MAJ
3746,현재,NNG
3747,는,JX
3748,코로나,NNP
3749,19,SN
3750,로,JKB
3751,인해,VV+EC
3752,여행객,NNG
3753,이,JKS
3754,줄어들,VV
3755,고,EC
3756,있,VX
3757,으므로,EC
3758,사람,NNG
3759,이,JKS
3760,많,VA
3761,지,EC
3762,않,VX
3763,을,ETM
3764,것,NNB
3765,으로,JKB
3766,예상,NNG
3767,됩니다,XSV+EF
3768,전,NP+JX
3769,주,VX
3770,는,ETM
3771,맛집,NNG
3772,이,JKS
3773,전주,NNG
3774,여행,NNG
3775,제,NP
3776,가,JKS
3777,이번,NNG
3778,달,NNG
3779,16,SN
3780,일,NNBC
3781,에,JKB
3782,친구,NNG
3783,3,SN
3784,명,NNBC
3785,하고,JC
3786,전,NP+JX
3787,주로,MAG
3788,여행,NNG
3789,을,JKO
3790,가,VV
3791,는데,EC
3792,궁금,XR
3793,한,XSA+ETM
3794,게,NNB+JKS
3795,많,VA
3796,아서,EC
3797,요,JX
3798,하나하나,MAG
3799,답장,NNG
3800,해,XSV+EC
3801,주,VX
3802,시,EP
3803,면,EC
3804,감사,NNG
3805,하,XSV
3806,겟,EP
3807,습니다,EF
3808,1,SN
3809,여수,NNP
3810,에서,JKB
3811,전주,NNG
3812,KTX,SL
3813,왕복,NNG
3814,기차표,NNG
3815,값,NNG
3816,이,JKS
3817,얼마,NNG
3818,인가요,VCP+EC
3819,2,SN
3820,중,NNG
3821,2,SN
3822,들,XSN
3823,이,JKS
3824,전,MM
3825,주가,NNG
3826,서,JKB
3827,놀,VV+ETM
3828,게,NNB+JKS
3829,뭐,NP
3830,가,JKS
3831,잇,VV
3832,을까요,EC
3833,3,SN
3834,전주,NNG
3835,여행,NNG
3836,갈,VV+ETM
3837,껀,NNB+JX
3838,데,NNB
3839,월요일,NNG
3840,휴무,NNG
3841,가,JKS
3842,많,VA
3843,나요,EF
3844,?,SF
3845,전주,NNG
3846,여행,NNG
3847,전주,NNG
3848,맛집,NNG
3849,국내,NNG
3850,여행,NNG
3851,전,NNG
3852,주달,NNG
3853,봉,NNG
3854,이,JKS
3855,달,NNG
3856,봉,NNG
3857,티비,NNG
3858,전주,NNG
3859,여행,NNG
3860,코스,NNG
3861,전주,NNG
3862,가,JKS
3863,볼,VV+ETM
3864,만,NNB
3865,한,XSA+ETM
3866,곳,NNG
3867,여수,NNG
3868,여행,NNG
3869,여수,NNG
3870,가,JKS
3871,볼,VV+ETM
3872,만,NNB
3873,한,XSA+ETM
3874,곳,NNB
3875,제주,NNP
3876,도,JX
3877,여행,NNG
3878,제주도,NNP
3879,가,JKS
3880,볼,VV+ETM
3881,만,NNB
3882,한,XSA+ETM
3883,곳,NNG
3884,여행,NNG
3885,전문,NNG
3886,인,VCP+ETM
3887,플,NNG
3888,루,JKB
3889,언서,NNG
3890,전,NNG
3891,주달,NNG
3892,봉이,NNG
3893,입니다,VCP+EF
3894,걱정,NNG
3895,안,MAG
3896,하,VV
3897,셔도,EP+EC
3898,되,VV
3899,셔요,EC
3900,대부분,NNG
3901,오픈,NNG
3902,합니다,XSV+EC
3903,내일,MAG
3904,전주,NNG
3905,당일치기,NNG
3906,부모,NNG
3907,님,XSN
3908,과,JC
3909,여행,NNG
3910,을,JKO
3911,전주,NNG
3912,여행,NNG
3913,전주,NNG
3914,맛집,NNG
3915,국내,NNG
3916,여행,NNG
3917,전,NNG
3918,주달,NNG
3919,봉,NNG
3920,이,JKS
3921,달,NNG
3922,봉,NNG
3923,티비,NNG
3924,전주,NNG
3925,여행,NNG
3926,코스,NNG
3927,전주,NNG
3928,가,JKS
3929,볼,VV+ETM
3930,만,NNB
3931,한,XSA+ETM
3932,곳,NNG
3933,여수,NNG
3934,여행,NNG
3935,여수,NNG
3936,가,JKS
3937,볼,VV+ETM
3938,만,NNB
3939,한,XSA+ETM
3940,곳,NNB
3941,제주,NNP
3942,도,JX
3943,여행,NNG
3944,제주도,NNP
3945,가,JKS
3946,볼,VV+ETM
3947,만,NNB
3948,한,XSA+ETM
3949,곳,NNG
3950,여행,NNG
3951,전문,NNG
3952,인,VCP+ETM
3953,플,NNG
3954,루,JKB
3955,언서,NNG
3956,전,NNG
3957,주달,NNG
3958,봉이,NNG
3959,입니다,VCP+EF
3960,바다,NNP
3961,는,JX
3962,군산,NNP
3963,새만금,NNP
3964,돌아보,VV
3965,시,EP
3966,면,EC
3967,전주,NNG
3968,여행,NNG
3969,갈만,NNG
3970,한,XSA+ETM
3971,곳,NNG
3972,(,SSO
3973,숙소,NNG
3974,/,SC
3975,한옥마을,NNP
3976,게스트,NNP
3977,하우스,NNP
3978,),SSC
3979,안녕,NNG
3980,하,XSV
3981,세요,EP+EF
3982,가족,NNG
3983,들,XSN
3984,과,JKB
3985,함께,MAG
3986,전주,NNG
3987,여행,NNG
3988,을,JKO
3989,가,VV
3990,려고,EC
3991,합니다,VX+EF
3992,한옥마을,NNP
3993,로,JKB
3994,유명,XR
3995,한,XSA+ETM
3996,전주,NNG
3997,여행,NNG
3998,을,JKO
3999,꼭,MAG
4000,한번,MAG
4001,해,VV+EC
4002,보,VX
4003,고,EC
4004,싶,VX
4005,어,EC
4006,했었,VX+EP
4007,는데,EC
4008,이번,NNG
4009,을,JKO
4010,기회,NNG
4011,로,JKB
4012,꼭,MAG
4013,다녀와,VV+EC
4014,보,VX
4015,려구요,EC
4016,전라도,NNP
4017,음식,NNG
4018,이,JKS
4019,맛있,VA
4020,다고,EC
4021,전주,NNG
4022,에,JKB
4023,가,VV
4024,면,EC
4025,전라도,NNP
4026,의,JKG
4027,대표,NNG
4028,음식,NNG
4029,도,JX
4030,먹,VV
4031,어,EC
4032,볼,VX+ETM
4033,뿐,NNB
4034,만,JX
4035,아니,VCN
4036,라,EC
4037,맛집,NNG
4038,도,JX
4039,전주,NNG
4040,여행,NNG
4041,코스,NNG
4042,추천,NNG
4043,좀,MAG
4044,전주,NNG
4045,여행,NNG
4046,코스,NNG
4047,추천,NNG
4048,좀,MAG
4049,전주,NNP
4050,여수,NNP
4051,맛집,NNG
4052,전주,NNG
4053,여행,NNG
4054,여수,NNG
4055,여행,NNG
4056,전,NNG
4057,주달,NNG
4058,봉,NNG
4059,이,JKS
4060,달,NNG
4061,봉,NNG
4062,티비,NNG
4063,전주,NNG
4064,여행,NNG
4065,코스,NNG
4066,전주,NNG
4067,가,JKS
4068,볼,VV+ETM
4069,만,NNB
4070,한,XSA+ETM
4071,곳,NNG
4072,여수,NNG
4073,여행,NNG
4074,여수,NNG
4075,가,JKS
4076,볼,VV+ETM
4077,만,NNB
4078,한,XSA+ETM
4079,곳,NNG
4080,여행,NNG
4081,인,VCP+ETM
4082,플,NNG
4083,루,JKB
4084,언서,NNG
4085,전,NNG
4086,주달,NNG
4087,봉이,NNG
4088,입니다,VCP+EF
4089,전주,NNG
4090,여행,NNG
4091,코스,NNG
4092,는,JX
4093,대부분,NNG
4094,한옥,NNG
4095,마을,NNG
4096,에서,JKB
4097,시작,NNG
4098,을,JKO
4099,합니다,VV+EC
4100,전주,NNG
4101,여행,NNG
4102,볼거리,NNG
4103,이번,NNG
4104,주,NNG
4105,전주,NNG
4106,여행,NNG
4107,가,VV
4108,는,ETM
4109,데,NNB
4110,볼,VV+ETM
4111,거리,NNG
4112,맛집,NNG
4113,등,NNB
4114,알려,VV+EC
4115,주,VX
4116,세요,EP+EF
4117,전,MM
4118,주,NNG
4119,에서,JKB
4120,가,VV
4121,볼,EC+VX+ETM
4122,만,NNB
4123,한,XSA+ETM
4124,곳,NNG
4125,들,XSN
4126,추천,NNG
4127,해,XSV+EC
4128,드리,VX
4129,겠,EP
4130,습니다,EF
4131,전주,NNP
4132,한옥마을,NNP
4133,전주,NNP
4134,동물원,NNP
4135,한국도로공사,NNP
4136,수목원,NNG
4137,덕진,NNP
4138,공원,NNG
4139,전주,NNG
4140,난장,NNG
4141,전주,NNG
4142,에,JKB
4143,여행,NNG
4144,가,VV
4145,는,ETM
4146,데,NNB
4147,오,VV
4148,션,EC
4149,뷰,NNP
4150,카페,NNP
4151,추천,NNG
4152,해,XSV+EC
4153,주,VX
4154,세요,EP+EF
4155,.,SF
4156,전주,NNG
4157,여행,NNG
4158,전주,NNG
4159,맛집,NNG
4160,국내,NNG
4161,여행,NNG
4162,전,NNG
4163,주달,NNG
4164,봉,NNG
4165,이,JKS
4166,달,NNG
4167,봉,NNG
4168,티비,NNG
4169,전주,NNG
4170,여행,NNG
4171,코스,NNG
4172,전주,NNG
4173,가,JKS
4174,볼,VV+ETM
4175,만,NNB
4176,한,XSA+ETM
4177,곳,NNG
4178,여수,NNG
4179,여행,NNG
4180,여수,NNG
4181,가,JKS
4182,볼,VV+ETM
4183,만,NNB
4184,한,XSA+ETM
4185,곳,NNB
4186,제주,NNP
4187,도,JX
4188,여행,NNG
4189,제주도,NNP
4190,가,JKS
4191,볼,VV+ETM
4192,만,NNB
4193,한,XSA+ETM
4194,곳,NNG
4195,여행,NNG
4196,전문,NNG
4197,인,VCP+ETM
4198,플,NNG
4199,루,JKB
4200,언서,NNG
4201,전,NNG
4202,주달,NNG
4203,봉이,NNG
4204,입니다,VCP+EF
4205,아쉽,VA
4206,게,EC
4207,도,JX
4208,전,MM
4209,주이,NNG
4210,는,JX
4211,바다,NNG
4212,가,JKS
4213,없,VA
4214,어서,EC
4215,전주,NNP
4216,가족,NNG
4217,여행,NNG
4218,코스,NNG
4219,문,NNG
4220,의,JKG
4221,드려요,VV+EF
4222,!,SF
4223,전주,NNG
4224,여행,NNG
4225,전주,NNG
4226,맛집,NNG
4227,국내,NNG
4228,여행,NNG
4229,전,NNG
4230,주달,NNG
4231,봉,NNG
4232,이,JKS
4233,달,NNG
4234,봉,NNG
4235,티비,NNG
4236,전주,NNG
4237,여행,NNG
4238,코스,NNG
4239,전주,NNG
4240,가,JKS
4241,볼,VV+ETM
4242,만,NNB
4243,한,XSA+ETM
4244,곳,NNG
4245,여수,NNG
4246,여행,NNG
4247,여수,NNG
4248,가,JKS
4249,볼,VV+ETM
4250,만,NNB
4251,한,XSA+ETM
4252,곳,NNB
4253,제주,NNP
4254,도,JX
4255,여행,NNG
4256,제주도,NNP
4257,가,JKS
4258,볼,VV+ETM
4259,만,NNB
4260,한,XSA+ETM
4261,곳,NNG
4262,여행,NNG
4263,전문,NNG
4264,인,VCP+ETM
4265,플,NNG
4266,루,JKB
4267,언서,NNG
4268,전,NNG
4269,주달,NNG
4270,봉이,NNG
4271,입니다,VCP+EF
4272,전주,NNG
4273,여행,NNG
4274,코스,NNG
4275,는,JX
4276,한옥,NNG
4277,마을,NNG
4278,에서부터,JKB
4279,전주,NNG
4280,여행,NNG
4281,코스,NNG
4282,및,MAJ
4283,일정,NNG
4284,추천,NNG
4285,부탁,NNG
4286,드려요,VV+EC
4287,(,SSO
4288,토요일,NNG
4289,하루,NNG
4290,),SSC
4291,일정,NNG
4292,이,JKS
4293,괜찮,VA
4294,은지,EC
4295,수정,NNG
4296,이,JKS
4297,필요,NNG
4298,한,XSA+ETM
4299,부분,NNG
4300,이,JKS
4301,있,VV
4302,는지,EC
4303,인근,NNG
4304,맛집,NNG
4305,등,NNB
4306,은,JX
4307,또,MAG
4308,있,VV
4309,는지,EC
4310,등등,NNB
4311,의견,NNG
4312,부탁,NNG
4313,드립니다,VV+EC
4314,전주,NNG
4315,여행,NNG
4316,전주,NNG
4317,맛집,NNG
4318,국내,NNG
4319,여행,NNG
4320,전,NNG
4321,주달,NNG
4322,봉,NNG
4323,이,JKS
4324,달,NNG
4325,봉,NNG
4326,티비,NNG
4327,전주,NNG
4328,여행,NNG
4329,코스,NNG
4330,전주,NNG
4331,가,JKS
4332,볼,VV+ETM
4333,만,NNB
4334,한,XSA+ETM
4335,곳,NNG
4336,여수,NNG
4337,여행,NNG
4338,여수,NNG
4339,가,JKS
4340,볼,VV+ETM
4341,만,NNB
4342,한,XSA+ETM
4343,곳,NNB
4344,제주,NNP
4345,도,JX
4346,여행,NNG
4347,전주,NNG
4348,여행,NNG
4349,가,VV
4350,려는데,EC
4351,.,SF
4352,.,SY
4353,전주,NNP
4354,한옥,NNG
4355,마을,NNG
4356,근처,NNG
4357,에서,JKB
4358,숙박,NNG
4359,하,XSV
4360,며,EC
4361,여행,NNG
4362,한다면,XSV+EC
4363,어디,NP
4364,어디,NP
4365,가,VV
4366,고,EC
4367,어떤,MM
4368,맛집,NNG
4369,이,JKS
4370,좋,VA
4371,은지,EC
4372,버스,NNG
4373,나,JC
4374,택시,NNG
4375,타,VV
4376,고,EC
4377,조금,MAG
4378,만,JX
4379,나가,VV+EC
4380,도,JX
4381,되,VV
4382,는,ETM
4383,가,VV
4384,볼,EC+VX+ETM
4385,만,NNB
4386,한,XSA+ETM
4387,곳,NNG
4388,이,JKS
4389,어딘지,NP+VCP+EC
4390,등등,NNB
4391,추천,NNG
4392,해,XSV+EC
4393,주,VX
4394,세요,EP+EF
4395,2,SN
4396,그,MM
4397,외,NNB
4398,에,JKB
4399,다른,MM
4400,곳,NNB
4401,어디,NP
4402,전주,NNG
4403,여행,NNG
4404,코스,NNG
4405,아침,NNG
4406,으로,JKB
4407,전주,NNG
4408,현대,NNG
4409,옥,NNG
4410,본점,NNG
4411,가,VV
4412,서,EC
4413,먹,VV
4414,고,EC
4415,점심,NNG
4416,으로,JKB
4417,는,JX
4418,전주,NNP
4419,비빔,NNG
4420,소리,NNG
4421,를,JKO
4422,가,VV
4423,려고,EC
4424,하,VV
4425,는데,EC
4426,현,MM
4427,대옥,NNG
4428,과,JC
4429,비빔,NNG
4430,소리,NNG
4431,중간,NNG
4432,에,JKB
4433,어디,NP
4434,구경,NNG
4435,할,XSV+ETM
4436,곳,NNG
4437,이나,JC
4438,갈만,NNG
4439,한,XSA+ETM
4440,곳,NNB
4441,없,VA
4442,을까요,EC
4443,전주,NNG
4444,여행,NNG
4445,전주,NNG
4446,맛집,NNG
4447,국내,NNG
4448,여행,NNG
4449,전,NNG
4450,주달,NNG
4451,봉,NNG
4452,이,JKS
4453,달,NNG
4454,봉,NNG
4455,티비,NNG
4456,전주,NNG
4457,여행,NNG
4458,코스,NNG
4459,전라도,NNP
4460,전주,NNP
4461,여행,NNG
4462,전주,NNG
4463,에,JKB
4464,여행,NNG
4465,을,JKO
4466,가,VV
4467,려고,EC
4468,하,VV
4469,는데,EC
4470,한,MM
4471,번,NNBC
4472,도,JX
4473,안,MAG
4474,가,VV+EC
4475,봐서,VX+EC
4476,요,JX
4477,1,SN
4478,박,NNBC
4479,2,SN
4480,일,NNBC
4481,이나,JX
4482,2,SN
4483,박,NNBC
4484,3,SN
4485,일,NNBC
4486,있,VA
4487,을,ETM
4488,예정,NNG
4489,인데,VCP+EC
4490,가,VX
4491,볼,EC+VX+ETM
4492,만,NNB
4493,한,XSA+ETM
4494,곳,NNG
4495,추천,NNG
4496,받,VV
4497,아용,EC
4498,체험,NNG
4499,도,JX
4500,좋,VA+ETM
4501,구용,NNG
4502,전주,NNG
4503,에서,JKB
4504,가,VV
4505,볼,EC+VX+ETM
4506,만,NNB
4507,한,XSA+ETM
4508,곳,NNG
4509,들,XSN
4510,추천,NNG
4511,해,XSV+EC
4512,드리,VX
4513,겠,EP
4514,습니다,EF
4515,전주,NNP
4516,한옥마을,NNP
4517,전주,NNG
4518,여행,NNG
4519,참고,NNG
4520,로,JKB
4521,저희,NP
4522,는,JX
4523,뚜벅,MAG
4524,이,JKC
4525,입,VV
4526,니,EC
4527,댜,VV+EF
4528,전주,NNG
4529,여행,NNG
4530,을,JKO
4531,계획,NNG
4532,중,NNB
4533,이,VCP
4534,시,EP
4535,군요,EF
4536,그럼,MAJ
4537,전,MM
4538,주,NNG
4539,에서,JKB
4540,가,VV
4541,볼,EC+VX+ETM
4542,만,NNB
4543,한,XSA+ETM
4544,곳,NNG
4545,들,XSN
4546,추천,NNG
4547,해,XSV+EC
4548,드리,VX
4549,겠,EP
4550,습니다,EF
4551,한국,NNP
4552,도로공사,NNP
4553,수목원,NNG
4554,전주,NNG
4555,동물원,NNP
4556,자만,NNP
4557,마을,NNG
4558,벽화,NNG
4559,갤러리,NNG
4560,국립,NNG
4561,전,MM
4562,주박,NNG
4563,물관,NNG
4564,전주,NNG
4565,여행,NNG
4566,코스,NNG
4567,추천,NNG
4568,전주,NNG
4569,여행,NNG
4570,코스,NNG
4571,추천,NNG
4572,안녕,NNG
4573,하,XSV
4574,세요,EP+EF
4575,전주,NNG
4576,맛집,NNG
4577,전주,NNG
4578,블로그,NNG
4579,전,NNG
4580,주달,NNG
4581,봉이,NNG
4582,입니다,VCP+EF
4583,대부분,NNG
4584,1,SN
4585,박,NNBC
4586,2,SN
4587,일,NNBC
4588,코스,NNG
4589,로,JKB
4590,들,VV+ETM
4591,전주,NNG
4592,를,JKO
4593,놀러오,VV
4594,십니다,EP+EF
4595,한옥마을,NNP
4596,경기전,NNG
4597,남부,NNG
4598,시장,NNG
4599,야,VCP+EF
4600,시장,NNG
4601,벽화,NNG
4602,마을,NNG
4603,전동성당,NNP
4604,향교,NNG
4605,오,NR
4606,목대,NNG
4607,이렇게,MAG
4608,들,XSN
4609,많이,MAG
4610,들,XSN
4611,둘러보,VV
4612,시,EP
4613,고,EC
4614,요,JX
4615,더,MAG
4616,추가,NNG
4617,로,JKB
4618,전주,NNG
4619,여행,NNG
4620,코스,NNG
4621,동선,NNG
4622,좀,MAG
4623,짜,VV+EC
4624,주,VX
4625,세요,EP+EF
4626,숙소,NNG
4627,는,JX
4628,완산구,NNP
4629,서신동,NNP
4630,입니다,VCP+EF
4631,전주,NNG
4632,여행,NNG
4633,전주,NNG
4634,맛집,NNG
4635,국내,NNG
4636,여행,NNG
4637,전,NNG
4638,주달,NNG
4639,봉,NNG
4640,이,JKS
4641,달,NNG
4642,봉,NNG
4643,티비,NNG
4644,전주,NNG
4645,여행,NNG
4646,코스,NNG
4647,전주,NNG
4648,가,JKS
4649,볼,VV+ETM
4650,만,NNB
4651,한,XSA+ETM
4652,곳,NNG
4653,여수,NNG
4654,여행,NNG
4655,여수,NNG
4656,가,JKS
4657,볼,VV+ETM
4658,만,NNB
4659,한,XSA+ETM
4660,곳,NNB
4661,제주,NNP
4662,도,JX
4663,여행,NNG
4664,제주도,NNP
4665,가,JKS
4666,볼,VV+ETM
4667,만,NNB
4668,한,XSA+ETM
4669,곳,NNG
4670,여행,NNG
4671,전문,NNG
4672,인,VCP+ETM
4673,플,NNG
4674,루,JKB
4675,언서,NNG
4676,전,NNG
4677,주달,NNG
4678,봉이,NNG
4679,입니다,VCP+EC
4680,1,SN
4681,한옥마을,NNP
4682,전주,NNG
4683,여행,NNG
4684,!,SY
4685,크리스마스,NNG
4686,에,JKB
4687,단,MM
4688,둘,NR
4689,이,XSN
4690,서,JKS
4691,당일치기,NNG
4692,로,JKB
4693,전주,NNG
4694,여행,NNG
4695,하,XSV
4696,기,ETN
4697,로,JKB
4698,했,VV+EP
4699,습니다,EF
4700,고등학생,NNG
4701,인데요,VCP+EF
4702,어느,MM
4703,정도,NNG
4704,들,VV
4705,고,EC
4706,가,VX
4707,는,ETM
4708,게,NNB+JKS
4709,맞,VV
4710,고,EC
4711,전주,NNG
4712,는,JX
4713,할,VV+ETM
4714,게,NNB+JKS
4715,뭐,IC
4716,뭐,IC
4717,있,VA
4718,을까요,EC
4719,제대로,MAG
4720,답변,NNG
4721,해,XSV+EC
4722,주,VX
4723,세요,EP+EF
4724,대학,NNG
4725,로,JKB
4726,와,JC
4727,투어,NNG
4728,공연,NNG
4729,하,XSV
4730,는,ETM
4731,연극,NNG
4732,추천,NNG
4733,해,XSV+EC
4734,드릴께요,VX+EF
4735,제,NP
4736,가,JKS
4737,전주,NNG
4738,여행,NNG
4739,을,JKO
4740,갔,VV+EP
4741,는데,EC
4742,여,JKV
4743,제,NP
4744,가,JKS
4745,왜,MAG
4746,그런진,VA+EC+JX
4747,모르,VV
4748,겠,EP
4749,지만,EC
4750,그냥,MAG
4751,전라도,NNP
4752,사투리,NNG
4753,듣,VV
4754,기,ETN
4755,싫,VA
4756,더라구요,EF
4757,억양,NNG
4758,이,JKS
4759,쎄,VA
4760,서,EC
4761,그런,MM
4762,감,NNG
4763,좀,MAG
4764,듣,VV
4765,기,ETN
4766,가,JKS
4767,거북,NNG
4768,했,XSV+EP
4769,는데,EC
4770,전주,NNG
4771,여행,NNG
4772,갔었,VV+EP
4773,는데,EC
4774,무슨,MM
4775,일,NNG
4776,인진,VCP+EC+JX
4777,모르,VV
4778,겠,EP
4779,지만,EC
4780,사람,NNG
4781,들,XSN
4782,전라도,NNP
4783,사투리,NNG
4784,1,SN
4785,도,NNBC
4786,안,MAG
4787,쓰,VV
4788,던데요,EC
4789,쫌,MAG
4790,의외,NNG
4791,였,VCP+EP
4792,어요,EF
4793,전라북도,NNP
4794,전주시,NNP
4795,아닌가요,VCN+EC
4796,전주,NNP
4797,1,SN
4798,박,NNBC
4799,2,SN
4800,일,NNBC
4801,여행,NNG
4802,코스,NNG
4803,추천,NNG
4804,및,MAJ
4805,조언,NNG
4806,해,XSV+EC
4807,주,VX
4808,세요,EP+EF
4809,가,VV
4810,고,EC
4811,싶,VX
4812,은,ETM
4813,곳,NNB
4814,전주,NNP
4815,한옥마을,NNP
4816,경기전,NNG
4817,전주,NNG
4818,난장,NNG
4819,전주,NNG
4820,국립,NNG
4821,박물관,NNG
4822,전주,NNP
4823,동물원,NNG
4824,이동,NNG
4825,수단,NNG
4826,자동차,NNG
4827,전주,NNG
4828,여행,NNG
4829,전주,NNG
4830,맛집,NNG
4831,국내,NNG
4832,여행,NNG
4833,전,NNG
4834,주달,NNG
4835,봉,NNG
4836,이,JKS
4837,달,NNG
4838,봉,NNG
4839,티비,NNG
4840,전주,NNG
4841,여행,NNG
4842,코스,NNG
4843,전주,NNG
4844,가,JKS
4845,볼,VV+ETM
4846,만,NNB
4847,한,XSA+ETM
4848,곳,NNG
4849,여수,NNG
4850,여행,NNG
4851,여수,NNG
4852,가,JKS
4853,볼,VV+ETM
4854,만,NNB
4855,한,XSA+ETM
4856,곳,NNB
4857,제주,NNP
4858,도,JX
4859,여행,NNG
4860,뚜벅,MAG
4861,이,MM
4862,여행,NNG
4863,으로,JKB
4864,전주,NNG
4865,가,VV
4866,려는데,EC
4867,한옥,NNG
4868,마을,NNG
4869,근처,NNG
4870,짐,NNG
4871,.,SF
4872,..,SY
4873,이용,NNG
4874,하,XSV
4875,시,EP
4876,면,EC
4877,원,NNG
4878,하,XSV
4879,는,ETM
4880,장소,NNG
4881,에서,JKB
4882,장소,NNG
4883,로,JKB
4884,짐,NNG
4885,운송,NNG
4886,이,JKS
4887,가능,NNG
4888,합니다,XSA+EF
4889,가격,NNG
4890,도,JX
4891,저렴,XR
4892,하,XSA
4893,고,EC
4894,앱,NNG
4895,을,JKO
4896,통해,VV+EC
4897,실시간,NNG
4898,으로,JKB
4899,주문,NNG
4900,및,MAJ
4901,현황,NNG
4902,확인,NNG
4903,까지,JX
4904,가능,NNG
4905,해,XSV+EC
4906,여행,NNG
4907,중,NNB
4908,편리,NNG
4909,하,XSV
4910,게,EC
4911,이용,NNG
4912,이,JKS
4913,가능,NNG
4914,하,XSA
4915,니,EC
4916,전주,NNG
4917,뚜벅,MAG
4918,이,MM
4919,여행,NNG
4920,시,NNB
4921,참고,NNG
4922,해,XSV+EC
4923,보,VX
4924,세요,EP+EF
4925,즐거운,VA+ETM
4926,전주,NNG
4927,여행,NNG
4928,되,XSV
4929,시,EP
4930,길,ETN+JKO
4931,바랄,VV+ETM
4932,게요,NNB+VCP+EC
4933,전주,NNG
4934,여행,NNG
4935,일정,NNG
4936,이번,NNG
4937,에,JKB
4938,전,NP+JX
4939,주로,MAG
4940,여행,NNG
4941,을,JKO
4942,가,VV
4943,는데,EC
4944,소요,NNG
4945,시간,NNG
4946,을,JKO
4947,알,VV
4948,고,EC
4949,싶,VX
4950,어요,EF
4951,한옥마을,NNP
4952,초코파이,NNP
4953,체험,NNG
4954,장,NNG
4955,수목원,NNG
4956,드림,VV+ETM
4957,랜드,NNG
4958,순,NNG
4959,으로,JKB
4960,가,VV
4961,는데,EC
4962,이동,NNG
4963,시간,NNG
4964,이,JKS
4965,얼마나,MAG
4966,걸릴까요,VV+EF
4967,자세,XR
4968,하,XSA
4969,게,EC
4970,부탁,NNG
4971,드릴게요,VV+EC
4972,우선,MAG
4973,전주,NNP
4974,한옥마을,NNP
4975,내,NNB
4976,에,JKB
4977,초코파이,NNP
4978,체험,NNG
4979,장이,XSN
4980,있,VA
4981,으니까요,EC
4982,이걸,NP+JKO
4983,이번,NNG
4984,에,JKB
4985,태교,NNG
4986,여행,NNG
4987,으로,JKB
4988,2,SN
4989,박,NNBC
4990,3,SN
4991,일,NNBC
4992,놀,VV
4993,러,EC
4994,가,VX
4995,려고,EC
4996,하,VV
4997,는데,EC
4998,강아지,NNG
4999,.,SF
5000,..,SY
5001,전주,NNG
5002,여행,NNG
5003,전주,NNG
5004,맛집,NNG
5005,국내,NNG
5006,여행,NNG
5007,전,NNG
5008,주달,NNG
5009,봉,NNG
5010,이,JKS
5011,달,NNG
5012,봉,NNG
5013,티비,NNG
5014,전주,NNG
5015,여행,NNG
5016,코스,NNG
5017,전주,NNG
5018,가,JKS
5019,볼,VV+ETM
5020,만,NNB
5021,한,XSA+ETM
5022,곳,NNG
5023,여수,NNG
5024,여행,NNG
5025,여수,NNG
5026,가,JKS
5027,볼,VV+ETM
5028,만,NNB
5029,한,XSA+ETM
5030,곳,NNB
5031,제주,NNP
5032,도,JX
5033,여행,NNG
5034,제주도,NNP
5035,가,JKS
5036,볼,VV+ETM
5037,만,NNB
5038,한,XSA+ETM
5039,곳,NNG
5040,여행,NNG
5041,전문,NNG
5042,인,VCP+ETM
5043,플,NNG
5044,루,JKB
5045,언서,NNG
5046,전,NNG
5047,주달,NNG
5048,봉이,NNG
5049,입니다,VCP+EF
5050,전주,NNG
5051,여행,NNG
5052,숙소,NNG
5053,잡,VV
5054,기,ETN
5055,가,JKS
5056,힘드,VA
5057,시,EP
5058,다면,EC
5059,바닷가,NNG
5060,가,JKS
5061,전주,NNG
5062,여행,NNG
5063,추천,NNG
5064,해,XSV+EC
5065,주,VX
5066,세요,EP+EF
5067,전주,NNG
5068,여행,NNG
5069,추천,NNG
5070,해,XSV+EC
5071,주,VX
5072,세요,EP+EF
5073,전,MM
5074,주식,NNG
5075,가,VV+EC
5076,맥,NNG
5077,문화,NNG
5078,의,JKG
5079,전일,NNG
5080,슈퍼,NNG
5081,등,NNB
5082,의,JKG
5083,전,MM
5084,주만,NNP
5085,의,JKG
5086,술,NNG
5087,문화,NNG
5088,외,NNB
5089,에,JKB
5090,도,JX
5091,에,IC
5092,피큐어,NNP
5093,평점,NNG
5094,AA,SL
5095,를,JKO
5096,받,VV
5097,은,ETM
5098,전주식,NNP
5099,한정식,NNP
5100,의,JKG
5101,최고봉,NNP
5102,수구,NNP
5103,정,NNP
5104,전라,NNP
5105,회관,NNG
5106,궁,NNG
5107,전주비빔밥,NNG
5108,의,JKG
5109,최고봉,NNG
5110,고궁,NNG
5111,성미,NNG
5112,당,XSN
5113,토종,NNG
5114,명품,NNG
5115,닭,NNG
5116,을,JKO
5117,사용,NNG
5118,한,XSV+ETM
5119,닭,NNG
5120,요,VCP+EC
5121,리의,NNG
5122,1,SN
5123,박,NNBC
5124,2,SN
5125,일,NNBC
5126,전주,NNP
5127,혼자,NNG
5128,여행,NNG
5129,코스,NNG
5130,질문,NNG
5131,하,XSV
5132,신,EP+ETM
5133,전주,NNG
5134,여행,NNG
5135,정보,NNG
5136,정리,NNG
5137,해,XSV+EC
5138,봤,VX+EP
5139,습니다,EF
5140,참고,NNG
5141,해,XSV+EC
5142,주,VX
5143,세요,EP+EF
5144,전,MM
5145,주,NNG
5146,에서,JKB
5147,가,VV
5148,볼,EC+VX+ETM
5149,만,NNB
5150,한,XSA+ETM
5151,곳,NNB
5152,덕진,NNP
5153,공원,NNG
5154,추천,NNP
5155,덕진,NNP
5156,공원,NNG
5157,이,JKS
5158,전주,NNP
5159,터미널,NNG
5160,에서,JKB
5161,가장,MAG
5162,가까운,VA+ETM
5163,곳,NNG
5164,이,VCP
5165,에요,EF
5166,산책,NNG
5167,하,XSV
5168,기,ETN
5169,에,JKB
5170,좋,VA
5171,은,ETM
5172,호수,NNG
5173,공원,NNG
5174,이,VCP
5175,에요,EF
5176,덕진,NNP
5177,공원,NNG
5178,을,JKO
5179,생략,NNG
5180,하,XSV
5181,고,EC
5182,곧바로,MAG
5183,남부,NNG
5184,시장,NNG
5185,과,JC
5186,전주,NNG
5187,여행,NNG
5188,갈려고,VV+EC
5189,하,VV
5190,는데,EC
5191,전주,NNG
5192,여행,NNG
5193,전주,NNG
5194,맛집,NNG
5195,국내,NNG
5196,여행,NNG
5197,전,NNG
5198,주달,NNG
5199,봉,NNG
5200,이,JKS
5201,달,NNG
5202,봉,NNG
5203,티비,NNG
5204,전주,NNG
5205,여행,NNG
5206,코스,NNG
5207,전주,NNG
5208,가,JKS
5209,볼,VV+ETM
5210,만,NNB
5211,한,XSA+ETM
5212,곳,NNG
5213,여수,NNG
5214,여행,NNG
5215,여수,NNG
5216,가,JKS
5217,볼,VV+ETM
5218,만,NNB
5219,한,XSA+ETM
5220,곳,NNB
5221,제주,NNP
5222,도,JX
5223,여행,NNG
5224,제주도,NNP
5225,가,JKS
5226,볼,VV+ETM
5227,만,NNB
5228,한,XSA+ETM
5229,곳,NNG
5230,여행,NNG
5231,전문,NNG
5232,인,VCP+ETM
5233,플,NNG
5234,루,JKB
5235,언서,NNG
5236,전,NNG
5237,주달,NNG
5238,봉이,NNG
5239,입니다,VCP+EF
5240,전주,NNG
5241,여행,NNG
5242,코스,NNG
5243,는,JX
5244,한옥,NNG
5245,마을,NNG
5246,에서부터,JKB
5247,시작,NNG
5248,을,JKO
5249,2,SN
5250,박,NNBC
5251,3,SN
5252,일,NNBC
5253,전주,NNG
5254,여행,NNG
5255,부모,NNG
5256,님,XSN
5257,과,JC
5258,전주,NNG
5259,여행,NNG
5260,가,VV
5261,려고,EC
5262,하,VV
5263,는데,EC
5264,정보,NNG
5265,가,JKS
5266,하나,NR
5267,도,JX
5268,없,VA
5269,어서요,EC
5270,숙소,NNG
5271,는,JX
5272,어디,NP
5273,가,JKS
5274,좋,VA
5275,은지,EC
5276,관광지,NNG
5277,는,JX
5278,어디,NP
5279,가,JKS
5280,있,VA
5281,는지,EC
5282,추천,NNG
5283,부탁,NNG
5284,드려요,VV+EC
5285,전주,NNG
5286,여행,NNG
5287,전주,NNG
5288,맛집,NNG
5289,국내,NNG
5290,여행,NNG
5291,전,NNG
5292,주달,NNG
5293,봉,NNG
5294,이,JKS
5295,달,NNG
5296,봉,NNG
5297,티비,NNG
5298,전주,NNG
5299,여행,NNG
5300,코스,NNG
5301,전주,NNG
5302,가,JKS
5303,볼,VV+ETM
5304,만,NNB
5305,한,XSA+ETM
5306,곳,NNG
5307,여수,NNG
5308,여행,NNG
5309,전주,NNG
5310,여행,NNG
5311,코스,NNG
5312,!,SF
5313,!!,SY
5314,이미,MAG
5315,전주,NNG
5316,여행,NNG
5317,을,JKO
5318,마치,VV
5319,고,EC
5320,복귀,NNG
5321,하,XSV
5322,셨,EP+EP
5323,을,ETM
5324,것,NNB
5325,같,VA
5326,네요,EF
5327,저희,NP
5328,도,JX
5329,지난주,NNG
5330,에,JKB
5331,당일,NNG
5332,코스,NNG
5333,로,JKB
5334,전주,NNG
5335,에,JKB
5336,다녀왔,VV+EP
5337,는데요,EF
5338,주말,NNG
5339,이,VCP
5340,라서,EC
5341,그런지,VA+EC
5342,차,NNG
5343,들,XSN
5344,도,JX
5345,많,VA
5346,고,EC
5347,관광지,NNG
5348,에,JKB
5349,는,JX
5350,사람,NNG
5351,들,XSN
5352,도,JX
5353,많,VA
5354,아서,EC
5355,생각,NNG
5356,처럼,JKB
5357,많이,MAG
5358,둘러보,VV
5359,지,EC
5360,못해서,VX+EC
5361,아쉽,VA
5362,더라고요,EC
5363,최소한,NNG
5364,1,SN
5365,박,NNBC
5366,2,SN
5367,일,NNBC
5368,전주,NNG
5369,당일치기,NNG
5370,여행,NNG
5371,을,JKO
5372,가,VV
5373,려고,EC
5374,하,VV
5375,는데,EC
5376,질문,NNG
5377,이,JKS
5378,있,VA
5379,습니다,EF
5380,전주,NNG
5381,여행,NNG
5382,전주,NNG
5383,맛집,NNG
5384,국내,NNG
5385,여행,NNG
5386,전,NNG
5387,주달,NNG
5388,봉,NNG
5389,이,JKS
5390,달,NNG
5391,봉,NNG
5392,티비,NNG
5393,전주,NNG
5394,여행,NNG
5395,코스,NNG
5396,전주,NNG
5397,가,JKS
5398,볼,VV+ETM
5399,만,NNB
5400,한,XSA+ETM
5401,곳,NNG
5402,여수,NNG
5403,여행,NNG
5404,여수,NNG
5405,가,JKS
5406,볼,VV+ETM
5407,만,NNB
5408,한,XSA+ETM
5409,곳,NNB
5410,제주,NNP
5411,도,JX
5412,여행,NNG
5413,제주도,NNP
5414,가,JKS
5415,볼,VV+ETM
5416,만,NNB
5417,한,XSA+ETM
5418,곳,NNG
5419,여행,NNG
5420,전문,NNG
5421,인,VCP+ETM
5422,플,NNG
5423,루,JKB
5424,언서,NNG
5425,전,NNG
5426,주달,NNG
5427,봉이,NNG
5428,입니다,VCP+EF
5429,기지,NNG
5430,제,XSN
5431,산책,NNG
5432,저녁,NNG
5433,에,JKB
5434,도,JX
5435,많이,MAG
5436,들,XSN
5437,하,VV
5438,셔서,EP+EC
5439,전주,NNP
5440,1,SN
5441,박,NNBC
5442,2,SN
5443,일,NNBC
5444,여행,NNG
5445,가,VV
5446,는데,EC
5447,코스,NNG
5448,추천,NNG
5449,부탁,NNG
5450,드려요,VV+EC
5451,~^^,SY
5452,남자,NNG
5453,친구,NNG
5454,와,JC
5455,생일,NNG
5456,여행,NNG
5457,으로,JKB
5458,전주,NNG
5459,여행,NNG
5460,을,JKO
5461,가,VV
5462,는데,EC
5463,전주,NNG
5464,는,JX
5465,처음,NNG
5466,이,VCP
5467,라,EC
5468,좋,VA
5469,은,ETM
5470,코스,NNG
5471,있,VV
5472,으면,EC
5473,추천,NNG
5474,좀,MAG
5475,부탁드립니다,VV+EC
5476,숙소,NNG
5477,는,JX
5478,전주,NNP
5479,한옥마을,NNP
5480,도보,NNP
5481,10,SN
5482,거리,NNG
5483,에,JKB
5484,잡,VV
5485,았,EP
5486,고,EC
5487,자차,NNG
5488,있,VV
5489,어서,EC
5490,이동은,NNP
5491,문제,NNG
5492,없,VA
5493,습니다,EF
5494,맛집,NNG
5495,도,JX
5496,추천,NNG
5497,부탁,NNG
5498,드려요,VV+EC
5499,안녕,NNG
5500,하,XSV
5501,세요,EP+EF
5502,AI,SL
5503,전주,NNP
5504,한옥,NNG
5505,마을,NNG
5506,에,JKB
5507,남자,NNG
5508,혼자,NNG
5509,여행,NNG
5510,을,JKO
5511,갈,VV+ETM
5512,예정,NNG
5513,입니다,VCP+EF
5514,.,SF
5515,욕조,NNG
5516,는,JX
5517,저,NP
5518,도,JX
5519,굉장히,MAG
5520,무리,NNG
5521,한,XSA+ETM
5522,질문,NNG
5523,인,VCP+ETM
5524,것,NNB
5525,같,VA
5526,지만,EC
5527,혹시나,MAG
5528,해서,VV+EC
5529,전주,NNG
5530,여행,NNG
5531,전주,NNG
5532,맛집,NNG
5533,국내,NNG
5534,여행,NNG
5535,전,NNG
5536,주달,NNG
5537,봉,NNG
5538,이,JKS
5539,달,NNG
5540,봉,NNG
5541,티비,NNG
5542,전주,NNG
5543,여행,NNG
5544,코스,NNG
5545,전주,NNG
5546,가,JKS
5547,볼,VV+ETM
5548,만,NNB
5549,한,XSA+ETM
5550,곳,NNG
5551,여수,NNG
5552,여행,NNG
5553,여수,NNG
5554,가,JKS
5555,볼,VV+ETM
5556,만,NNB
5557,한,XSA+ETM
5558,곳,NNB
5559,제주,NNP
5560,도,JX
5561,여행,NNG
5562,제주도,NNP
5563,가,JKS
5564,볼,VV+ETM
5565,만,NNB
5566,한,XSA+ETM
5567,곳,NNG
5568,여행,NNG
5569,전문,NNG
5570,인,VCP+ETM
5571,플,NNG
5572,루,JKB
5573,언서,NNG
5574,전주,NNG
5575,여행,NNG
5576,가,VV
5577,는데,EC
5578,렌트,NNG
5579,를,JKO
5580,하,VV
5581,는,ETM
5582,게,NNB+JKS
5583,좋,VA
5584,을까,EC
5585,전주,NNG
5586,여행,NNG
5587,가,VV
5588,는데,EC
5589,렌트,NNG
5590,를,JKO
5591,하,VV
5592,는,ETM
5593,게,NNB+JKS
5594,좋,VA
5595,을까요,EC
5596,안녕,NNG
5597,하,XSV
5598,세요,EP+EF
5599,천만,NR
5600,반,NNG
5601,려인,NNG
5602,과,JKB
5603,함께,MAG
5604,하,VV
5605,는,ETM
5606,애견,NNG
5607,동반,NNG
5608,여행,NNG
5609,플랫,NNG
5610,폼,NNG
5611,하트,NNG
5612,독,NNG
5613,입니다,VCP+EF
5614,전주,NNG
5615,는,JX
5616,작,VA
5617,은,ETM
5618,도시,NNG
5619,라서,VCP+EC
5620,택시,NNG
5621,로,JKB
5622,이동,NNG
5623,을,JKO
5624,해도,VV+EC
5625,크,VA
5626,게,EC
5627,불편,NNG
5628,함,XSA+ETN
5629,이,JKS
5630,없,VA
5631,습니다,EF
5632,답변,NNG
5633,이,JKS
5634,도움,NNG
5635,이,JKS
5636,되,VV
5637,셨,EP+EP
5638,다면,EC
5639,채택,NNG
5640,도,JX
5641,부탁드립니다,VV+EC
5642,전주,NNG
5643,여행,NNG
5644,코스,NNG
5645,질문,NNG
5646,드려요,VV+EC
5647,이상,NNG
5648,은,JX
5649,제,NP
5650,가,JKS
5651,전주,NNG
5652,여행,NNG
5653,문의,NNG
5654,하,XSV
5655,는,ETM
5656,분,NNB
5657,들,XSN
5658,께,JKB
5659,통상,NNG
5660,안내,NNG
5661,해,XSV+EC
5662,드리,VX
5663,는,ETM
5664,정보,NNG
5665,입니다,VCP+EF
5666,질문,NNG
5667,하,XSV
5668,신,EP+ETM
5669,분,NNB
5670,께,JKB
5671,간단히,MAG
5672,요약,NNG
5673,해,XSV+EC
5674,드리,VX
5675,면,EC
5676,먼저,MAG
5677,위,NNG
5678,사이트,NNG
5679,들어가,VV
5680,셔서,EP+EC
5681,방,NNG
5682,예약,NNG
5683,하,XSV
5684,시,EP
5685,고,EC
5686,오전,NNG
5687,에,JKB
5688,전주,NNG
5689,여행,NNG
5690,및,MAJ
5691,코스,NNG
5692,질문,NNG
5693,내공,NNG
5694,있,VA
5695,어요,EF
5696,~,SY
5697,100,SN
5698,부산,NNP
5699,에서,JKB
5700,전주,NNG
5701,여행,NNG
5702,을,JKO
5703,가,VV
5704,려고,EC
5705,합니다,VX+EF
5706,자차,NNG
5707,여행,NNG
5708,이,JKC
5709,아닌,VCN+ETM
5710,버스,NNG
5711,위주,NNG
5712,로,JKB
5713,가,VV
5714,려고,EC
5715,합니다,VX+EF
5716,그리고,MAJ
5717,전주,NNG
5718,만,JX
5719,가,VV
5720,는,ETM
5721,것,NNB
5722,이,JKC
5723,아니,VCN
5724,라,EC
5725,전주,NNG
5726,갔,VV+EP
5727,다가,EC
5728,전주,NNP
5729,에서,JKB
5730,가깝,VA
5731,거나,EC
5732,버스,NNG
5733,로,JKB
5734,1,SN
5735,2,SN
5736,시간,NNBC
5737,정도,NNG
5738,갈,VV+ETM
5739,수,NNB
5740,있,VV
5741,는,ETM
5742,다른,MM
5743,지역,NNG
5744,도,JX
5745,여행,NNG
5746,가,VV
5747,고,EC
5748,싶,VX
5749,은데,EC
5750,여행,NNG
5751,많이,MAG
5752,다니,VV
5753,시,EP
5754,는,ETM
5755,분,NNB
5756,들,XSN
5757,전주,NNG
5758,여행,NNG
5759,코스,NNG
5760,추천,NNG
5761,좀,MAG
5762,요,JX
5763,전주,NNP
5764,여행,NNG
5765,코스,NNG
5766,추천,NNG
5767,하,XSV
5768,세염,NNG
5769,전주,NNG
5770,동물원,NNP
5771,걍기전,UNKNOWN
5772,전주,NNP
5773,한옥마을,NNP
5774,덕진,NNP
5775,연못,NNG
5776,으로,JKB
5777,가보세요,NNG
5778,전주,NNG
5779,여행,NNG
5780,코스,NNG
5781,좀,MAG
5782,알려,VV+EC
5783,주,VX
5784,세요,EP+EF
5785,안녕,IC
5786,하,VV
5787,세요,EP+EF
5788,전,NP+JX
5789,주로,MAG
5790,당일치기,NNG
5791,여행,NNG
5792,할,XSV+ETM
5793,껀,NNB+JX
5794,데,NNB
5795,코스,NNG
5796,좀,MAG
5797,짜,VV+EC
5798,주,VX
5799,세요,EP+EF
5800,전주,NNP
5801,동물원,NNG
5802,전주,NNP
5803,한옥마을,NNP
5804,전주,NNP
5805,수목원,NNG
5806,팔복,NNG
5807,예술,NNG
5808,공장,NNG
5809,전주,NNG
5810,드림,VV+ETM
5811,랜드,NNG
5812,당일치기,NNG
5813,로,JKB
5814,갈,VV+ETM
5815,껀,NNB+JX
5816,데,NNB
5817,코스,NNG
5818,좀,MAG
5819,알려,VV+EC
5820,주,VX
5821,세요,EP+EF
5822,자가용,NNG
5823,으로,JKB
5824,이동,NNG
5825,하,XSV
5826,신다면,EP+EC
5827,아래,NNG
5828,와,JKB
5829,같,VA
5830,은,ETM
5831,코스,NNG
5832,가,JKS
5833,시간,NNG
5834,을,JKO
5835,아낄,VV+ETM
5836,수,NNB
5837,1,SN
5838,박,NNBC
5839,2,SN
5840,일,NNBC
5841,전주,NNG
5842,여행,NNG
5843,코스,NNG
5844,질문,NNG
5845,하,XSV
5846,신,EP+ETM
5847,전주,NNG
5848,여행,NNG
5849,코스,NNG
5850,관련,NNG
5851,답변,NNG
5852,드리,VV
5853,겠,EP
5854,습니다,EF
5855,가족,NNG
5856,분,NNB
5857,들,XSN
5858,과,JKB
5859,함께,MAG
5860,하,VV
5861,는,ETM
5862,전주,NNG
5863,여행,NNG
5864,을,JKO
5865,계획,NNG
5866,중,NNB
5867,이,VCP
5868,시,EP
5869,군요,EF
5870,전주,NNG
5871,의,JKG
5872,추천,NNG
5873,명소,NNG
5874,와,JC
5875,맛집,NNG
5876,들,XSN
5877,을,JKO
5878,포함,NNG
5879,해서,XSV+EC
5880,여다,VV+EC
5881,에서,JKB
5882,맞춤,NNG
5883,형,XSN
5884,1,SN
5885,박,NNBC
5886,2,SN
5887,일,NNBC
5888,전주,NNG
5889,여행,NNG
5890,코스,NNG
5891,를,JKO
5892,준비,NNG
5893,했,XSV+EP
5894,어요,EF
5895,아래,NNG
5896,첨부,NNG
5897,된,XSV+ETM
5898,일정,NNG
5899,을,JKO
5900,당일치기,NNG
5901,전주,NNG
5902,여행,NNG
5903,코스,NNG
5904,처음,NNG
5905,으로,JKB
5906,전주,NNG
5907,여행,NNG
5908,을,JKO
5909,가,VV
5910,는,ETM
5911,거,NNB
5912,라서,VCP+EC
5913,아,VV
5914,는,ETM
5915,것,NNB
5916,이,JKS
5917,많이,MAG
5918,없,VA
5919,어요,EF
5920,일단,MAG
5921,전주,NNP
5922,한옥,NNG
5923,마을,NNG
5924,에서,JKB
5925,한복,NNG
5926,을,JKO
5927,빌려서,VV+EC
5928,한옥마을,NNP
5929,전동성당,NNP
5930,이랑,JC
5931,경기전,NNG
5932,그리고,MAJ
5933,자만,NNG
5934,벽화,NNG
5935,마을,NNG
5936,까지,JX
5937,가,VV
5938,기,ETN
5939,로,JKB
5940,정했,VV+EP
5941,는데,EC
5942,또,MAG
5943,다른,MM
5944,놀,VV
5945,러,EC
5946,갈,VX+ETM
5947,곳,NNG
5948,을,JKO
5949,찾,VV
5950,진,EC+JX
5951,못했,VX+EP
5952,어요,EF
5953,전주,NNG
5954,에,JKB
5955,한옥마을,NNP
5956,과,JC
5957,초등,NNG
5958,아이,NNG
5959,랑,JKB
5960,전주,NNG
5961,여행,NNG
5962,코스,NNG
5963,",",SC
5964,맛집,NNG
5965,추천,NNG
5966,부탁,NNG
5967,합니다,XSV+EF
5968,아이,NNG
5969,와,JC
5970,전주,NNG
5971,여행,NNG
5972,을,JKO
5973,계획,NNG
5974,하,XSV
5975,고,EC
5976,계시,VX
5977,군요,EF
5978,전,MM
5979,주,NNG
5980,에서,JKB
5981,아이,NNG
5982,와,JKB
5983,함께,MAG
5984,가,VV
5985,볼,EC+VX+ETM
5986,만,NNB
5987,한,XSA+ETM
5988,곳,NNG
5989,몇,MM
5990,군데,NNBC
5991,를,JKO
5992,추천,NNG
5993,드려,VV+EC
5994,보,VX
5995,도록,EC
5996,하,VX
5997,겠,EP
5998,습니다,EF
5999,1,SN
6000,전주,NNP
6001,한옥마을,NNP
6002,이미,MAG
6003,계획,NNG
6004,에,JKB
6005,넣,VV
6006,어,EC
6007,두,VX
6008,신,EP+ETM
6009,장소,NNG
6010,인,VCP+ETM
6011,전주,NNP
6012,한옥마을,NNP
6013,이,VCP
6014,예요,EC
6015,한복,NNG
6016,도,JX
6017,입,VV
6018,고,EC
6019,한옥마을,NNP
6020,을,JKO
6021,거닐,VV
6022,며,EC
6023,사진,NNG
6024,도,JX
6025,(,SSO
6026,급,NNG
6027,합니다,XSV+EF
6028,ㅠㅠ,UNKNOWN
6029,),SSC
6030,전주,NNG
6031,여행,NNG
6032,코스,NNG
6033,전주,NNG
6034,여행,NNG
6035,코스,NNG
6036,추천,NNG
6037,드립니다,VV+EF
6038,안녕,IC
6039,하,VV
6040,세요,EP+EF
6041,여행,NNG
6042,전문,NNG
6043,블로거,NNP
6044,쭈니,NNP
6045,아빠,NNG
6046,입니다,VCP+EF
6047,방학,NNG
6048,을,JKO
6049,맞,VV
6050,아서,EC
6051,친구,NNG
6052,분,NNB
6053,들,XSN
6054,과,JC
6055,전주,NNG
6056,여행,NNG
6057,을,JKO
6058,준비,NNG
6059,하,XSV
6060,고,EC
6061,계시,VX
6062,네요,EF
6063,전,NP+JX
6064,주,VX
6065,는,ETM
6066,한옥마을,NNP
6067,을,JKO
6068,중심,NNG
6069,으로,JKB
6070,가,VV
6071,볼,EC+VX+ETM
6072,만,NNB
6073,한,XSA+ETM
6074,곳,NNG
6075,이,JKS
6076,많,VA
6077,죠,EF
6078,터미널,NNG
6079,에서,JKB
6080,버스,NNG
6081,를,JKO
6082,타,VV
6083,고,EC
6084,한옥,NNG
6085,마을,NNG
6086,에,JKB
6087,전주,NNG
6088,여행,NNG
6089,순서,NNG
6090,좀,MAG
6091,알려,VV+EC
6092,주,VX
6093,세요,EP+EF
6094,~,SY
6095,전주,NNG
6096,여행,NNG
6097,을,JKO
6098,하,VV
6099,려고,EC
6100,하,VV
6101,는데요,EC
6102,덕진,NNP
6103,공원,NNG
6104,전주,NNP
6105,동물원,NNG
6106,한옥,NNG
6107,마을,NNG
6108,남부,NNG
6109,시장,NNG
6110,을,JKO
6111,가,VV
6112,려고,EC
6113,합니다,VX+EF
6114,전주,NNG
6115,시외버스,NNG
6116,공용,NNG
6117,터미널,NNG
6118,에서,JKB
6119,가까운,VA+ETM
6120,순서,NNG
6121,가,JKS
6122,어떻게,MAG
6123,될까요,VV+EF
6124,그리고,MAJ
6125,근처,NNG
6126,에,JKB
6127,가까운,VA+ETM
6128,바닷가,NNG
6129,는,JX
6130,어디,NP
6131,인가요,VCP+EC
6132,또,MAG
6133,이,MM
6134,외,NNB
6135,에,JKB
6136,구경,NNG
6137,할,XSV+ETM
6138,좋,VA
6139,은,ETM
6140,곳,NNG
6141,도,JX
6142,전주,NNG
6143,여행,NNG
6144,갈려고,VV+EC
6145,하,VX
6146,는데요,EF
6147,!,SF
6148,전주,NNG
6149,여행,NNG
6150,을,JKO
6151,갈려고,VV+EC
6152,하,VV
6153,는데요,EC
6154,아,VV
6155,는,ETM
6156,사람,NNG
6157,과,JKB
6158,갈려고,VV+EC
6159,하,VV
6160,는데,EC
6161,호텔,NNG
6162,은,JX
6163,좋,VA
6164,은,ETM
6165,가격,NNG
6166,에,JKB
6167,정했,VV+EP
6168,고,EC
6169,음,IC
6170,2,SN
6171,박,NNBC
6172,3,SN
6173,일,NNBC
6174,여행,NNG
6175,인데,VCP+EC
6176,얼마,NNG
6177,정도,NNG
6178,갖,VV
6179,고,EC
6180,가,VX
6181,면,EC
6182,좋,VA
6183,을까요,EF
6184,그리고,MAJ
6185,맛집,NNG
6186,같,VA
6187,은,ETM
6188,거,NNB
6189,카페,NNG
6190,같,VA
6191,은,ETM
6192,거,NNB
6193,추천,NNG
6194,해,XSV+EC
6195,주,VX
6196,세요,EP+EF
6197,안녕,IC
6198,하,VV
6199,세요,EP+EF
6200,전주,NNG
6201,여행,NNG
6202,계획,NNG
6203,중,NNB
6204,이,VCP
6205,시,EP
6206,네요,EF
6207,한옥,NNG
6208,마을,NNG
6209,근처,NNG
6210,전주,NNP
6211,1,SN
6212,박,NNBC
6213,2,SN
6214,일,NNBC
6215,여행,NNG
6216,관련,NNG
6217,질문,NNG
6218,~,SY
6219,전주,NNG
6220,여행,NNG
6221,을,JKO
6222,계획,NNG
6223,하,XSV
6224,고,EC
6225,계시,VX
6226,다니,EC
6227,정말,MAG
6228,좋,VA
6229,은,ETM
6230,선택,NNG
6231,을,JKO
6232,하,VV
6233,셨,EP+EP
6234,네요,EF
6235,전,NP+JX
6236,주,VX
6237,는,ETM
6238,한옥마을,NNP
6239,과,JKB
6240,함께,MAG
6241,멋진,VA+ETM
6242,자연,NNG
6243,경관,NNG
6244,맛있,VA
6245,는,ETM
6246,음식,NNG
6247,이,JKS
6248,가득,MAG
6249,한,XSA+ETM
6250,동네,NNG
6251,이,VCP
6252,니,EC
6253,정말,MAG
6254,즐거운,VA+ETM
6255,시간,NNG
6256,을,JKO
6257,보낼,VV+ETM
6258,수,NNB
6259,있,VV
6260,을,ETM
6261,거,NNB
6262,예요,VCP+EF
6263,우선,MAG
6264,한옥,NNG
6265,마을,NNG
6266,근처,NNG
6267,에서,JKB
6268,가,VV
6269,볼,EC+VX+ETM
6270,수,NNB
6271,있,VV
6272,는,ETM
6273,장소,NNG
6274,로,JKB
6275,는,JX
6276,중,NNG
6277,2,SN
6278,여학생,NNG
6279,친구,NNG
6280,와,JC
6281,전주,NNG
6282,여행,NNG
6283,안녕,NNG
6284,하,XSV
6285,세요,EP+EF
6286,중,NNB
6287,2,SN
6288,15,SN
6289,살,NNBC
6290,여학생,NNG
6291,입니다,VCP+EF
6292,친한,VA+ETM
6293,친구,NNG
6294,와,JC
6295,둘,NR
6296,이,XSN
6297,서,JKS
6298,전주,NNG
6299,여행,NNG
6300,을,JKO
6301,가,VV
6302,기,ETN
6303,로,JKB
6304,했,VV+EP
6305,는데,EC
6306,어디,NP
6307,로,JKB
6308,가,VV
6309,야,EC
6310,할지,VX+EC
6311,를,JKO
6312,몰라서,VV+EC
6313,너무,MAG
6314,막막,XR
6315,합니다,XSA+EF
6316,저희,NP
6317,둘,NR
6318,다,MAG
6319,일본,NNP
6320,애니,NNP
6321,를,JKO
6322,너무,MAG
6323,좋,VA
6324,아,EC
6325,하,VV
6326,는데,EC
6327,전주,NNG
6328,에,JKB
6329,오타쿠,NNP
6330,들,XSN
6331,이,JKS
6332,갈만,NNG
6333,할,XSV+ETM
6334,곳,NNB
6335,있,VV
6336,을까요,EC
6337,제발,MAG
6338,알려,VV+EC
6339,주,VX
6340,세요,EP+EF
6341,부모,NNG
6342,닝,NNP
6343,모시,VV
6344,고,EC
6345,전주,NNG
6346,여행,NNG
6347,부모,NNG
6348,님,XSN
6349,모시,VV
6350,고,EC
6351,전주,NNG
6352,여행,NNG
6353,가,VV
6354,려는데,EC
6355,명소,NNG
6356,식당,NNG
6357,추천,NNG
6358,부탁,NNG
6359,드립니다,VV+EC
6360,전주,NNG
6361,는,JX
6362,한옥마을,NNP
6363,로,JKB
6364,유명,XR
6365,한,XSA+ETM
6366,완산구,NNP
6367,가,JKS
6368,있,VA
6369,으며,EC
6370,덕진구,NNP
6371,또한,MAJ
6372,멋진,VA+ETM
6373,추억,NNG
6374,을,JKO
6375,가진,VV+ETM
6376,장소,NNG
6377,가,JKS
6378,많이,MAG
6379,2,SN
6380,박,NNBC
6381,3,SN
6382,일,NNBC
6383,전주,NNG
6384,여행,NNG
6385,이번,NNG
6386,주,NNG
6387,토,NNG
6388,월,NNG
6389,2,SN
6390,박,NNBC
6391,3,SN
6392,일,NNBC
6393,여자,NNG
6394,친구,NNG
6395,와,JC
6396,전주,NNG
6397,여행,NNG
6398,을,JKO
6399,가,VV
6400,는데,EC
6401,여행,NNG
6402,경로,NNG
6403,좀,MAG
6404,알려,VV+EC
6405,주,VX
6406,세요,EP+EF
6407,토요일,NNG
6408,엔,JKB+JX
6409,비,NNG
6410,가,JKS
6411,온다고,VV+EC
6412,하,VV
6413,는데,EC
6414,실내,NNG
6415,데이트,NNG
6416,가능,NNG
6417,한,XSA+ETM
6418,곳,NNG
6419,도,JX
6420,알려,VV+EC
6421,주,VX
6422,시,EP
6423,면,EC
6424,감사,NNG
6425,하,XSV
6426,겠,EP
6427,습니다,EF
6428,숙소,NNG
6429,는,JX
6430,전주,NNP
6431,한옥,NNG
6432,마을,NNG
6433,근처,NNG
6434,에,JKB
6435,잡,VV
6436,았,EP
6437,습니다,EF
6438,토,NNP
6439,한옥마을,NNP
6440,구경,NNG
6441,후,NNG
6442,전주,NNP
6443,1,SN
6444,박,NNBC
6445,2,SN
6446,일,NNBC
6447,여행,NNG
6448,저녁,NNG
6449,엔,JKB+JX
6450,전,MM
6451,주천,NNG
6452,산책,NNG
6453,길,NNG
6454,따라,VV+EC
6455,걷,VV
6456,거나,EC
6457,한옥,NNG
6458,마을,NNG
6459,근처,NNG
6460,에서,JKB
6461,야경,NNG
6462,즐기,VV
6463,시,EP
6464,는,ETM
6465,것,NNB
6466,도,JX
6467,너무,MAG
6468,좋,VA
6469,답니다,EF
6470,혹시,MAG
6471,일정,NNG
6472,이나,JC
6473,관심,NNG
6474,있,VA
6475,는,ETM
6476,테마,NNG
6477,사진,NNG
6478,카페,NNG
6479,체험,NNG
6480,등,NNB
6481,더,MAG
6482,알려,VV+EC
6483,주,VX
6484,시,EP
6485,면,EC
6486,맞춤,VV+EC
6487,추천,NNG
6488,도,JX
6489,해,VV+EC
6490,드릴,VX+ETM
6491,수,NNB
6492,있,VV
6493,어요,EF
6494,즐거운,VA+ETM
6495,전주,NNG
6496,여행,NNG
6497,되,XSV
6498,시,EP
6499,길,ETN+JKO
6500,바랄,VV+ETM
6501,게요,NNB+VCP+EC
6502,전주,NNG
6503,여행,NNG
6504,코스,NNG
6505,추천,NNG
6506,이,VCP
6507,요,EC
6508,~!,SY
6509,영화제,NNG
6510,기간,NNG
6511,일정,NNG
6512,으로,JKB
6513,2,SN
6514,박,NNBC
6515,3,SN
6516,일,NNBC
6517,전주,NNG
6518,여행,NNG
6519,좀,MAG
6520,가,VV
6521,볼까,EC+VX+EC
6522,해서,VV+EC
6523,요,MM
6524,여행,NNG
6525,코스,NNG
6526,추천,NNG
6527,좀,MAG
6528,해,VV+EC
6529,주,VX
6530,세요,EP+EF
6531,어차피,MAG
6532,주목적,NNG
6533,은,JX
6534,전주국,NNG
6535,제,XSN
6536,영화제,NNG
6537,니까,VCP+EC
6538,많,VA
6539,은,ETM
6540,곳,NNG
6541,을,JKO
6542,둘러보,VV
6543,지,EC
6544,는,JX
6545,못,MAG
6546,할,VV+ETM
6547,거,NNB
6548,에요,VCP+EF
6549,그냥,MAG
6550,전주,NNG
6551,하,XSV
6552,면,EC
6553,꼭,MAG
6554,가,VV
6555,볼,EC+VX+ETM
6556,만,NNB
6557,한,XSA+ETM
6558,곳,NNG
6559,알짜배기,NNG
6560,만,JX
6561,추천,NNG
6562,해,XSV+EC
6563,주,VX
6564,세,VA
6565,욜,EC
6566,전주,NNG
6567,전주,NNG
6568,여행,NNG
6569,전,NNG
6570,주로,MAG
6571,커플,NNG
6572,여행,NNG
6573,가,VV
6574,려고,EC
6575,하,VV
6576,는데,EC
6577,추천,NNG
6578,좀,MAG
6579,해,VV+EC
6580,주,VX
6581,세요,EP+EF
6582,숙소,NNG
6583,는,JX
6584,잡,VV
6585,았,EP
6586,고,EC
6587,놀,VX+ETM
6588,거리,NNG
6589,랑,JKB
6590,맛집,NNG
6591,등등,NNB
6592,추천,NNG
6593,해,XSV+EC
6594,주,VX
6595,시,EP
6596,면,EC
6597,감사,NNG
6598,하,XSV
6599,겠,EP
6600,습니다,EF
6601,한옥마을,NNP
6602,은,JX
6603,갈,VV+ETM
6604,겁니다,NNB+VCP+EF
6605,답변,NNG
6606,이,JKS
6607,도움,NNG
6608,되,XSV
6609,셨,EP+EP
6610,으면,EC
6611,좋,VA
6612,겠,EP
6613,습니다,EF
6614,한옥마을,NNP
6615,전주,NNP
6616,한옥마을,NNP
6617,전주,NNP
6618,맛집,NNG
6619,전주,NNG
6620,놀,VV
6621,거리,EC
6622,전주,NNG
6623,여행,NNG
6624,추천,NNG
6625,추석,NNG
6626,전주,NNG
6627,여행,NNG
6628,16,SN
6629,18,SN
6630,일,NNBC
6631,전,NNG
6632,주로,MAG
6633,여행,NNG
6634,가,VV
6635,려고,EC
6636,하,VV
6637,는데,EC
6638,그때,NNG
6639,한옥마을,NNP
6640,같,VA
6641,은,ETM
6642,관광지,NNG
6643,들,XSN
6644,은,JX
6645,문,NNG
6646,닫,VV
6647,을까요,EC
6648,추석,NNG
6649,당일,NNG
6650,은,JX
6651,문,NNG
6652,을,JKO
6653,닫,VV
6654,습니다,EF
6655,전주,NNG
6656,에,JKB
6657,도,JX
6658,이벤트,NNG
6659,가,JKS
6660,진행,NNG
6661,중,NNB
6662,입니다,VCP+EC
6663,8,SN
6664,27,SN
6665,화,NNG
6666,10,SN
6667,13,SN
6668,일,NNBC
6669,한국,NNP
6670,관광공사,NNP
6671,에서,JKB
6672,숙박,NNG
6673,세일,NNG
6674,페스타,NNP
6675,이벤트,NNG
6676,가,JKS
6677,진행,NNG
6678,중,NNB
6679,입니다,VCP+EC
6680,3,SN
6681,만,NR
6682,원,NNBC
6683,전주,NNG
6684,여행,NNG
6685,전,NNG
6686,연령,NNG
6687,렌트카,NNG
6688,추천,NNG
6689,이번,NNG
6690,에,JKB
6691,전주,NNG
6692,여행,NNG
6693,2,SN
6694,박,NNBC
6695,3,SN
6696,일,NNBC
6697,로,JKB
6698,가,VV
6699,는,ETM
6700,저,NP
6701,는,JX
6702,21,SN
6703,살,NNBC
6704,만,NNB
6705,으로,JKB
6706,만,MM
6707,19,SN
6708,세,NNBC
6709,입니다,VCP+EF
6710,전주,NNG
6711,전,NNG
6712,연령,NNG
6713,자동차,NNG
6714,추천,NNG
6715,좀,MAG
6716,부탁,NNG
6717,드리,VV
6718,겠,EP
6719,습니다,EF
6720,그리고,MAJ
6721,가격,NNG
6722,도,JX
6723,2,SN
6724,일,NNBC
6725,렌트,NNG
6726,하,XSV
6727,면,EC
6728,총,MM
6729,어느,MM
6730,정도,NNG
6731,나올까요,VV+EF
6732,전,MM
6733,주,NNG
6734,에서,JKB
6735,21,SN
6736,세,NNBC
6737,이상,NNG
6738,렌트,NNG
6739,가능,NNG
6740,한,XSA+ETM
6741,자동차,NNG
6742,를,JKO
6743,찾아보,VV
6744,세요,EP+EF
6745,가격,NNG
6746,은,JX
6747,전주,NNP
6748,-,SY
6749,포항,NNP
6750,여행,NNG
6751,전주,NNG
6752,에서,JKB
6753,포항,NNP
6754,까지,JX
6755,여행,NNG
6756,기차,NNG
6757,가,JKS
6758,나,VV
6759,을까요,EC
6760,버스,NNG
6761,가,JKS
6762,나,VV
6763,을까요,EC
6764,안녕,NNG
6765,하,XSV
6766,세요,EP+EF
6767,전,MM
6768,주,NNG
6769,에서,JKB
6770,포항,NNP
6771,까지,JX
6772,여행,NNG
6773,을,JKO
6774,할,VV+ETM
6775,때,NNG
6776,기차,NNG
6777,와,JC
6778,버스,NNG
6779,각각,MAG
6780,장단점,NNG
6781,이,JKS
6782,있,VV
6783,으므로,EC
6784,어떤,MM
6785,방법,NNG
6786,이,JKS
6787,더,MAG
6788,나,VV
6789,은지,EC
6790,결정,NNG
6791,하,XSV
6792,는,ETM
6793,데,NNB
6794,있,VV
6795,어,EC
6796,몇,MM
6797,가지,NNBC
6798,요소,NNG
6799,를,JKO
6800,고려,NNG
6801,할,XSV+ETM
6802,필요,NNG
6803,가,JKS
6804,있,VA
6805,습니다,EF
6806,1,SN
6807,전주,NNP
6808,펜션,NNG
6809,한옥,NNG
6810,으로,JKB
6811,된,VV+ETM
6812,곳,NNG
6813,이,VCP
6814,요,EF
6815,!,SF
6816,이번,NNG
6817,에,JKB
6818,남자,NNG
6819,친구,NNG
6820,랑,JKB
6821,같이,MAG
6822,2,SN
6823,박,NNBC
6824,3,SN
6825,일,NNBC
6826,전주,NNG
6827,여행,NNG
6828,가,VV
6829,기,ETN
6830,로,JKB
6831,해서,VV+EC
6832,얼른,MAG
6833,전주,NNP
6834,펜션,NNG
6835,알,VV
6836,아,EC
6837,봐야,VX+EC
6838,하,VV
6839,는데,EC
6840,한옥,NNG
6841,마을,NNG
6842,근처,NNG
6843,나,JC
6844,한옥,NNG
6845,느낌,MAG
6846,나,NP
6847,는,JX
6848,전주,NNP
6849,펜션,NNG
6850,쪽,NNB
6851,으로,JKB
6852,갈,VV+ETM
6853,만,NNB
6854,한,XSA+ETM
6855,데,NNB
6856,없,VA
6857,을까요,EC
6858,내부,NNG
6859,는,JX
6860,정감,NNG
6861,있,VV
6862,는,ETM
6863,분위기,NNG
6864,면,VCP+EC
6865,다,MAG
6866,좋,VA
6867,을,ETM
6868,것,NNB
6869,같,VA
6870,아요,EF
6871,빠른,VA+ETM
6872,답변,NNG
6873,꼭,MAG
6874,부탁,NNG
6875,드,VV
6876,랴,EC
6877,용,NNG
6878,전주,NNG
6879,여행,NNG
6880,주세요,NNP
6881,전주,NNG
6882,는,JX
6883,한옥마을,NNP
6884,로,JKB
6885,유명,XR
6886,한,XSA+ETM
6887,완산구,NNP
6888,가,JKS
6889,있,VA
6890,으며,EC
6891,덕진구,NNP
6892,또한,MAJ
6893,멋진,VA+ETM
6894,추억,NNG
6895,을,JKO
6896,가진,VV+ETM
6897,장소,NNG
6898,가,JKS
6899,많이,MAG
6900,있,VA
6901,습니다,EF
6902,완산구,NNP
6903,덕진구,NNP
6904,에,JKB
6905,대해서,VV+EC
6906,여행지,NNG
6907,를,JKO
6908,전주,NNG
6909,뚜벅,MAG
6910,이,MM
6911,여행,NNG
6912,5,SN
6913,월,NNBC
6914,달,NNG
6915,에,JKB
6916,엄마,NNG
6917,랑,JC
6918,전,NP+JX
6919,주로,MAG
6920,뚜벅,MAG
6921,이,MM
6922,여행,NNG
6923,계획,NNG
6924,중,NNB
6925,인데,VCP+EC
6926,답변,NNG
6927,부탁,NNG
6928,드려요,VV+EC
6929,1,SN
6930,기차,NNG
6931,랑,JKB
6932,고속버스,NNG
6933,중,NNB
6934,에,JKB
6935,어떤,MM
6936,걸,NNB+JKO
6937,타,VV
6938,는,ETM
6939,게,NNB+JKS
6940,좋,VA
6941,을까요,EC
6942,2,SN
6943,전주,NNG
6944,에,JKB
6945,도착,NNG
6946,해서,XSV+EC
6947,관광,NNG
6948,할,XSV+ETM
6949,때,NNG
6950,이용,NNG
6951,할,XSV+ETM
6952,수,NNB
6953,있,VV
6954,는,ETM
6955,교통수단,NNG
6956,은,JX
6957,어떤,MM
6958,게,NNB+JKS
6959,있,VA
6960,을까요,EC
6961,3,SN
6962,숙소,NNG
6963,추천,NNG
6964,도,JX
6965,부탁드려요,VV+EF
6966,서울,NNP
6967,전주,NNG
6968,당일치기,NNG
6969,여행,NNG
6970,요,JX
6971,어렵,VA
6972,네요,EF
6973,전주,NNG
6974,당일치기,NNG
6975,여행,NNG
6976,을,JKO
6977,계획,NNG
6978,중,NNB
6979,이,VCP
6980,시,EP
6981,군요,EF
6982,전,MM
6983,주역,NNP
6984,에서,JKB
6985,한옥마을,NNP
6986,까지,JX
6987,가,VV
6988,는,ETM
6989,방법,NNG
6990,과,JC
6991,당일치기,NNG
6992,코스,NNG
6993,를,JKO
6994,알려,VV+EC
6995,드릴게요,VX+EF
6996,전,MM
6997,주역,NNP
6998,에서,JKB
6999,한옥마을,NNP
7000,까지,JX
7001,가,VV
7002,는,ETM
7003,방법,NNG
7004,으로,JKB
7005,는,JX
7006,택시,NNG
7007,와,JC
7008,버스,NNG
7009,가,JKS
7010,있,VA
7011,어요,EF
7012,전,MM
7013,주역,NNP
7014,에서,JKB
7015,한옥마을,NNP
7016,까지,JX
7017,택시,NNG
7018,를,JKO
7019,전주,NNG
7020,여행,NNG
7021,2,SN
7022,박,NNBC
7023,3,SN
7024,일,NNBC
7025,경비,NNG
7026,보통,NNG
7027,전주,NNG
7028,여행,NNG
7029,2,SN
7030,박,NNBC
7031,3,SN
7032,일,NNBC
7033,경비,NNG
7034,가,JKS
7035,얼마,NNG
7036,정도,NNG
7037,드나,VV
7038,요,EC
7039,숙소,NNG
7040,는,JX
7041,1,SN
7042,박,NNBC
7043,에,JKB
7044,13,SN
7045,만,NR
7046,원,NNBC
7047,인데,VCP+EC
7048,를,JKO
7049,가,VV
7050,려고,EC
7051,하,VV
7052,는,ETM
7053,데,NNB
7054,비싼,VA+ETM
7055,건가요,NNB+VCP+EC
7056,질문,NNG
7057,에,JKB
7058,도움,NNG
7059,이,JKS
7060,되,VV
7061,는,ETM
7062,답변,NNG
7063,이,JKS
7064,되,VV
7065,셨,EP+EP
7066,길,ETN+JKO
7067,바래,VV
7068,요,EC
7069,2,SN
7070,박,NNBC
7071,3,SN
7072,일,NNBC
7073,전주,NNG
7074,여행,NNG
7075,예산,NNG
7076,30,SN
7077,만,NR
7078,원,NNBC
7079,내외,NNG
7080,숙소,NNG
7081,13,SN
7082,만,NR
7083,원,NNBC
7084,은,JX
7085,적당,XR
7086,합니다,XSA+EC
7087,1,SN
7088,박,NNBC
7089,2,SN
7090,일,NNBC
7091,전주,NNP
7092,커플,NNG
7093,여행,NNG
7094,전주,NNG
7095,여행,NNG
7096,에,JKB
7097,대해,VV+EC
7098,도움,NNG
7099,을,JKO
7100,드릴게요,VV+EC
7101,1,SN
7102,남자,NNG
7103,친구,NNG
7104,의,JKG
7105,차,NNG
7106,를,JKO
7107,이용,NNG
7108,할지,XSV+EC
7109,KTX,SL
7110,를,JKO
7111,이용,NNG
7112,할지,XSV+EC
7113,에,JKB
7114,대해서,VV+EC
7115,는,JX
7116,여러,MM
7117,가지,NNBC
7118,요소,NNG
7119,를,JKO
7120,고려,NNG
7121,해,XSV+EC
7122,보,VX
7123,셔야,EP+EC
7124,합니다,VX+EF
7125,만약,MAG
7126,교통,NNG
7127,체증,NNG
7128,이,JKS
7129,예상,NNG
7130,되,XSV
7131,는,ETM
7132,날짜,NNG
7133,라면,VCP+EC
7134,KTX,SL
7135,를,JKO
7136,이용,NNG
7137,하,XSV
7138,는,ETM
7139,것,NNB
7140,이,JKS
7141,편할,VA+ETM
7142,수,NNB
7143,있,VV
7144,습니다,EF
7145,또한,MAJ
7146,남자,NNG
7147,친구,NNG
7148,의,NNG
7149,남,NNG
7150,해,XSV+EC
7151,",",SC
7152,전주,NNG
7153,여행,NNG
7154,남,NNG
7155,해,XSV+EC
7156,전주,NNG
7157,여행,NNG
7158,가,VV
7159,려는데,EC
7160,여행지,NNG
7161,와,JC
7162,맛집,NNG
7163,추천,NNG
7164,좀,MAG
7165,해,VV+EC
7166,주,VX
7167,세요,EP+EF
7168,보리암,NNP
7169,다랭이,NNG
7170,굴,NNG
7171,독일,NNP
7172,마을,NNG
7173,전주,NNP
7174,한옥마을,NNP
7175,빼,VV
7176,고,EC
7177,두세,MM
7178,개,NNBC
7179,씩,XSN
7180,5,SN
7181,명,NNBC
7182,이,XSN
7183,서,JKS
7184,갈,VV+ETM
7185,곳,NNG
7186,맛집,NNG
7187,빨리,MAG
7188,추천,NNG
7189,해,XSV+EC
7190,주,VX
7191,세요,EP+EF
7192,앞,NNG
7193,에,JKB
7194,말,NNG
7195,했,XSV+EP
7196,던,ETM
7197,곳,NNG
7198,은,JX
7199,갈,VV+ETM
7200,꺼,NNB+VCP
7201,라서,EC
7202,추천,NNG
7203,안,MAG
7204,해,VV+EC
7205,주,VX
7206,셔도,EP+EC
7207,됩니다,VV+EF
7208,전주,NNG
7209,여행,NNG
7210,전주,NNG
7211,맛집,NNG
7212,전주,NNG
7213,여행,NNG
7214,갈,VV+ETM
7215,곳,NNG
7216,추천,NNG
7217,전주,NNG
7218,여행,NNG
7219,전주,NNG
7220,맛집,NNG
7221,국내,NNG
7222,여행,NNG
7223,전,NNG
7224,주달,NNG
7225,봉,NNG
7226,이,JKS
7227,달,NNG
7228,봉,NNG
7229,티비,NNG
7230,전주,NNG
7231,여행,NNG
7232,코스,NNG
7233,전주,NNG
7234,가,JKS
7235,볼,VV+ETM
7236,만,NNB
7237,한,XSA+ETM
7238,곳,NNG
7239,여수,NNG
7240,여행,NNG
7241,여수,NNG
7242,가,JKS
7243,볼,VV+ETM
7244,만,NNB
7245,한,XSA+ETM
7246,곳,NNB
7247,제주,NNP
7248,도,JX
7249,여행,NNG
7250,제주도,NNP
7251,가,JKS
7252,볼,VV+ETM
7253,만,NNB
7254,한,XSA+ETM
7255,곳,NNG
7256,여행,NNG
7257,전문,NNG
7258,인,VCP+ETM
7259,플,NNG
7260,루,JKB
7261,언서,NNG
7262,전,NNG
7263,주달,NNG
7264,봉이,NNG
7265,입니다,VCP+EF
7266,전주,NNG
7267,여행,NNG
7268,코스,NNG
7269,는,JX
7270,한옥,NNG
7271,마을,NNG
7272,에서부터,JKB
7273,전주,NNG
7274,여행,NNG
7275,1,SN
7276,박,NNBC
7277,2,SN
7278,일,NNBC
7279,코스,NNG
7280,질문,NNG
7281,요,JX
7282,.,SF
7283,코스,NNG
7284,한,MM
7285,번,NNBC
7286,짜,VV+EC
7287,주,VX
7288,실,EP+ETM
7289,분,NNB
7290,전라도,NNP
7291,쪽,NNB
7292,은,JX
7293,저,NP
7294,도,JX
7295,여행,NNG
7296,을,JKO
7297,간,VV+ETM
7298,적,NNB
7299,이,JKS
7300,없,VA
7301,어서,EC
7302,전주,NNG
7303,여행,NNG
7304,전주,NNG
7305,맛집,NNG
7306,국내,NNG
7307,여행,NNG
7308,전,NNG
7309,주달,NNG
7310,봉,NNG
7311,이,JKS
7312,달,NNG
7313,봉,NNG
7314,티비,NNG
7315,전주,NNG
7316,여행,NNG
7317,코스,NNG
7318,전주,NNG
7319,가,JKS
7320,볼,VV+ETM
7321,만,NNB
7322,한,XSA+ETM
7323,곳,NNG
7324,여수,NNG
7325,여행,NNG
7326,여수,NNG
7327,가,JKS
7328,볼,VV+ETM
7329,만,NNB
7330,한,XSA+ETM
7331,곳,NNB
7332,제주,NNP
7333,도,JX
7334,여행,NNG
7335,제주도,NNP
7336,가,JKS
7337,볼,VV+ETM
7338,만,NNB
7339,한,XSA+ETM
7340,곳,NNG
7341,여행,NNG
7342,전문,NNG
7343,인,VCP+ETM
7344,플,NNG
7345,루,JKB
7346,언서,NNG
7347,전주,NNG
7348,여행,NNG
7349,3,SN
7350,일,NNBC
7351,전주,NNG
7352,여행,NNG
7353,3,SN
7354,일,NNBC
7355,간다면,VV+EC
7356,여행,NNG
7357,총,MM
7358,비용,NNG
7359,이,JKS
7360,얼마,NNG
7361,나올까요,VV+EF
7362,전주,NNG
7363,여행,NNG
7364,의,JKG
7365,총,MM
7366,비용,NNG
7367,은,JX
7368,여러,MM
7369,요소,NNG
7370,에,JKB
7371,따라,VV+EC
7372,달라지,VV
7373,지만,EC
7374,일반,NNG
7375,적,XSN
7376,으로,JKB
7377,다음,NNG
7378,과,JKB
7379,같,VA
7380,은,ETM
7381,항목,NNG
7382,들,XSN
7383,이,JKS
7384,포함,NNG
7385,됩니다,XSV+EC
7386,1,SN
7387,교통비,NNG
7388,전주,NNG
7389,까지,JX
7390,이동,NNG
7391,하,XSV
7392,기,ETN
7393,위한,VV+ETM
7394,교통,NNG
7395,비용,NNG
7396,이,JKS
7397,있,VV
7398,을,ETM
7399,것,NNB
7400,입니다,VCP+EF
7401,이,NP
7402,는,JX
7403,여행,NNG
7404,하,XSV
7405,는,ETM
7406,전주,NNG
7407,여행,NNG
7408,코스,NNG
7409,전주,NNG
7410,여행,NNG
7411,전주,NNG
7412,맛집,NNG
7413,국내,NNG
7414,여행,NNG
7415,전,NNG
7416,주달,NNG
7417,봉,NNG
7418,이,JKS
7419,달,NNG
7420,봉,NNG
7421,티비,NNG
7422,전주,NNG
7423,여행,NNG
7424,코스,NNG
7425,전주,NNG
7426,가,JKS
7427,볼,VV+ETM
7428,만,NNB
7429,한,XSA+ETM
7430,곳,NNG
7431,여수,NNG
7432,여행,NNG
7433,여수,NNG
7434,가,JKS
7435,볼,VV+ETM
7436,만,NNB
7437,한,XSA+ETM
7438,곳,NNB
7439,제주,NNP
7440,도,JX
7441,여행,NNG
7442,제주도,NNP
7443,가,JKS
7444,볼,VV+ETM
7445,만,NNB
7446,한,XSA+ETM
7447,곳,NNG
7448,여행,NNG
7449,전문,NNG
7450,인,VCP+ETM
7451,플,NNG
7452,루,JKB
7453,언서,NNG
7454,전,NNG
7455,주달,NNG
7456,봉이,NNG
7457,입니다,VCP+EF
7458,전주,NNG
7459,여행,NNG
7460,코스,NNG
7461,는,JX
7462,한옥,NNG
7463,마을,NNG
7464,에서부터,JKB
7465,시작,NNG
7466,을,JKO
7467,전주,NNG
7468,당일치기,NNG
7469,혼자,NNG
7470,여행,NNG
7471,코스,NNG
7472,추천,NNG
7473,박물관,NNG
7474,미술관,NNG
7475,지역,NNG
7476,공간,NNG
7477,을,JKO
7478,스토리,NNG
7479,로,JKB
7480,엮,VV
7481,어,EC
7482,안내,NNG
7483,하,XSV
7484,는,ETM
7485,해설,NNG
7486,형,XSN
7487,문화,NNG
7488,코스,NNG
7489,노,VV
7490,쇼,EC
7491,방지,NNG
7492,를,JKO
7493,위해,VV+EC
7494,5,SN
7495,천,NR
7496,원,NNBC
7497,예약금,NNG
7498,만,JX
7499,결제,NNG
7500,하,XSV
7501,고,EC
7502,현장,NNG
7503,에서,JKB
7504,5,SN
7505,천,NR
7506,천,NR
7507,원,NNBC
7508,상당,NNG
7509,음료,NNG
7510,기프,NNP
7511,티,NNG
7512,콘,NNG
7513,으로,JKB
7514,환급,NNG
7515,선착순,NNG
7516,마감,NNG
7517,이,VCP
7518,라,EC
7519,전주,NNG
7520,여행,NNG
7521,계획,NNG
7522,있,VV
7523,으신,EP+ETM
7524,분,NNB
7525,들,XSN
7526,은,JX
7527,전주,NNG
7528,여행,NNG
7529,차,NNG
7530,가,JKS
7531,필요,NNG
7532,한,XSA+ETM
7533,가요,NNG
7534,안녕,NNG
7535,하,XSV
7536,세요,EP+EF
7537,1,SN
7538,박,NNBC
7539,2,SN
7540,일,NNBC
7541,전주,NNG
7542,여행,NNG
7543,계획,NNG
7544,중,NNB
7545,입니다,VCP+EF
7546,서울,NNP
7547,에서,JKB
7548,전주,NNP
7549,까지,JX
7550,는,JX
7551,기차,NNG
7552,를,JKO
7553,타,VV
7554,고,EC
7555,갈,VX+ETM
7556,건데,NNB+VCP+EC
7557,전주,NNG
7558,내,NNB
7559,에서,JKB
7560,렌트,NNG
7561,를,JKO
7562,해야,VV+EC
7563,할지,VX+EC
7564,궁금,XR
7565,합니다,XSA+EF
7566,참고,NNG
7567,로,JKB
7568,전주,NNP
7569,한옥마을,NNP
7570,포함,NNG
7571,해서,XSV+EC
7572,유명,NNG
7573,관광지,NNG
7574,만,JX
7575,돌아볼,VV+ETM
7576,계획,NNG
7577,입니다,VCP+EF
7578,전주,NNG
7579,여행,NNG
7580,전주,NNG
7581,맛집,NNG
7582,국내,NNG
7583,여행,NNG
7584,전주,NNG
7585,여행,NNG
7586,.,SF
7587,.,SY
7588,전주,NNG
7589,여행,NNG
7590,전주,NNG
7591,맛집,NNG
7592,국내,NNG
7593,여행,NNG
7594,전,NNG
7595,주달,NNG
7596,봉,NNG
7597,이,JKS
7598,달,NNG
7599,봉,NNG
7600,티비,NNG
7601,전주,NNG
7602,여행,NNG
7603,코스,NNG
7604,전주,NNG
7605,가,JKS
7606,볼,VV+ETM
7607,만,NNB
7608,한,XSA+ETM
7609,곳,NNG
7610,여수,NNG
7611,여행,NNG
7612,여수,NNG
7613,가,JKS
7614,볼,VV+ETM
7615,만,NNB
7616,한,XSA+ETM
7617,곳,NNB
7618,제주,NNP
7619,도,JX
7620,여행,NNG
7621,제주도,NNP
7622,가,JKS
7623,볼,VV+ETM
7624,만,NNB
7625,한,XSA+ETM
7626,곳,NNG
7627,여행,NNG
7628,전문,NNG
7629,인,VCP+ETM
7630,플,NNG
7631,루,JKB
7632,언서,NNG
7633,전,NNG
7634,주달,NNG
7635,봉이,NNG
7636,입니다,VCP+EF
7637,전,NP+JX
7638,주,VX
7639,는,ETM
7640,대중교통,NNG
7641,이나,JC
7642,택시,NNG
7643,이용,NNG
7644,하,XSV
7645,시,EP
7646,는,ETM
7647,걸,NNB+JKO
7648,전주,NNG
7649,완주,NNG
7650,여행,NNG
7651,전주,NNG
7652,여행,NNG
7653,전주,NNG
7654,맛집,NNG
7655,국내,NNG
7656,여행,NNG
7657,전,NNG
7658,주달,NNG
7659,봉,NNG
7660,이,JKS
7661,달,NNG
7662,봉,NNG
7663,티비,NNG
7664,전주,NNG
7665,여행,NNG
7666,코스,NNG
7667,전주,NNG
7668,가,JKS
7669,볼,VV+ETM
7670,만,NNB
7671,한,XSA+ETM
7672,곳,NNG
7673,여수,NNG
7674,여행,NNG
7675,여수,NNG
7676,가,JKS
7677,볼,VV+ETM
7678,만,NNB
7679,한,XSA+ETM
7680,곳,NNB
7681,제주,NNP
7682,도,JX
7683,여행,NNG
7684,제주도,NNP
7685,가,JKS
7686,볼,VV+ETM
7687,만,NNB
7688,한,XSA+ETM
7689,곳,NNG
7690,여행,NNG
7691,전문,NNG
7692,인,VCP+ETM
7693,플,NNG
7694,루,JKB
7695,언서,NNG
7696,전,NNG
7697,주달,NNG
7698,봉이,NNG
7699,입니다,VCP+EF
7700,완주,NNP
7701,어느,MM
7702,쪽,NNB
7703,을,JKO
7704,여행,NNG
7705,하,XSV
7706,느냐,EC
7707,에,JKB
7708,따라,VV+EC
7709,전주,NNP
7710,3,SN
7711,박,NNBC
7712,4,SN
7713,일,NNBC
7714,여행,NNG
7715,부탁,NNG
7716,드립니다,VV+EC
7717,전주,NNG
7718,여행,NNG
7719,전주,NNG
7720,맛집,NNG
7721,국내,NNG
7722,여행,NNG
7723,전,NNG
7724,주달,NNG
7725,봉,NNG
7726,이,JKS
7727,달,NNG
7728,봉,NNG
7729,티비,NNG
7730,전주,NNG
7731,여행,NNG
7732,코스,NNG
7733,전주,NNG
7734,가,JKS
7735,볼,VV+ETM
7736,만,NNB
7737,한,XSA+ETM
7738,곳,NNG
7739,여수,NNG
7740,여행,NNG
7741,여수,NNG
7742,가,JKS
7743,볼,VV+ETM
7744,만,NNB
7745,한,XSA+ETM
7746,곳,NNB
7747,제주,NNP
7748,도,JX
7749,여행,NNG
7750,제주도,NNP
7751,가,JKS
7752,볼,VV+ETM
7753,만,NNB
7754,한,XSA+ETM
7755,곳,NNG
7756,여행,NNG
7757,전문,NNG
7758,인,VCP+ETM
7759,플,NNG
7760,루,JKB
7761,언서,NNG
7762,전,NNG
7763,주달,NNG
7764,봉이,NNG
7765,입니다,VCP+EF
7766,전주,NNG
7767,여행,NNG
7768,코스,NNG
7769,는,JX
7770,전주,NNG
7771,여행,NNG
7772,코스,NNG
7773,좀,MAG
7774,짜,VV+EC
7775,주,VX
7776,세요,EP+EF
7777,ㅜㅜ,UNKNOWN
7778,전주,NNG
7779,여행,NNG
7780,코스,NNG
7781,를,JKO
7782,짜,VV+EC
7783,드릴,VX+ETM
7784,수,NNB
7785,있,VV
7786,습니다,EF
7787,전,NP+JX
7788,주,VX
7789,는,ETM
7790,역사,NNG
7791,적,XSN
7792,인,VCP+ETM
7793,유적지,NNG
7794,와,JC
7795,전통문화,NNG
7796,가,JKS
7797,빛나,VV
7798,는,ETM
7799,곳,NNG
7800,으로,JKB
7801,유명,XR
7802,한데요,XSA+EF
7803,먼저,MAG
7804,전주,NNP
7805,한옥마을,NNP
7806,을,JKO
7807,방문,NNG
7808,하,XSV
7809,시,EP
7810,면,EC
7811,한,MM
7812,옥,NNG
7813,의,JKG
7814,아름다움,VA+ETN
7815,을,JKO
7816,느낄,VV+ETM
7817,수,NNB
7818,있,VV
7819,습니다,EF
7820,여행,NNG
7821,의,JKG
7822,시작,NNG
7823,지,XSV
7824,라고,EC
7825,할,VX+ETM
7826,수,NNB
7827,있,VV
7828,는,ETM
7829,전주,NNP
7830,한옥,NNG
7831,마을,NNG
7832,에서,JKB
7833,전주,NNG
7834,여행,NNG
7835,대중교통,NNG
7836,이랑,JC
7837,렌트카,NNG
7838,중,NNB
7839,어떤,MM
7840,게,NNB+JKS
7841,좋,VA
7842,을까요,EF
7843,?,SF
7844,전주,NNG
7845,여행,NNG
7846,때,NNG
7847,움직이,VV
7848,기,ETN
7849,차,NNG
7850,가,JKS
7851,편할지,VA+EC
7852,대중교통,NNG
7853,이,JKS
7854,편할지,VA+EC
7855,알려,VV+EC
7856,주,VX
7857,세요,EP+EF
7858,교통,NNG
7859,상황,NNG
7860,이,JKS
7861,어떤지,VA+EC
7862,궁금,XR
7863,합니다,XSA+EF
7864,전주,NNG
7865,여행,NNG
7866,전주,NNG
7867,맛집,NNG
7868,국내,NNG
7869,여행,NNG
7870,전,NNG
7871,주달,NNG
7872,봉,NNG
7873,이,JKS
7874,달,NNG
7875,봉,NNG
7876,티비,NNG
7877,전주,NNG
7878,여행,NNG
7879,코스,NNG
7880,전주,NNG
7881,가,JKS
7882,볼,VV+ETM
7883,만,NNB
7884,한,XSA+ETM
7885,곳,NNG
7886,여수,NNG
7887,여행,NNG
7888,여수,NNG
7889,가,JKS
7890,볼,VV+ETM
7891,만,NNB
7892,한,XSA+ETM
7893,곳,NNB
7894,제주,NNP
7895,도,JX
7896,여행,NNG
7897,전주,NNG
7898,여행,NNG
7899,전주,NNG
7900,여행,NNG
7901,을,JKO
7902,가시,VV
7903,려,EC
7904,하,VV
7905,는군요,EC
7906,그렇,VA
7907,다면,EC
7908,전주,NNP
7909,에서,JKB
7910,연인,NNG
7911,들,XSN
7912,이,JKS
7913,제일,MAG
7914,많이,MAG
7915,찾,VV
7916,는,ETM
7917,곳,NNG
7918,들,XSN
7919,추천,NNG
7920,해,XSV+EC
7921,드리,VX
7922,겠,EP
7923,습니다,EF
7924,전주,NNP
7925,한옥마을,NNP
7926,전주,NNP
7927,동물원,NNP
7928,한국도로공사,NNP
7929,수목원,NNG
7930,전주,NNP
7931,향교,NNP
7932,덕진,NNP
7933,공원,NNG
7934,전주,NNG
7935,여행,NNG
7936,관련,NNG
7937,전주,NNG
7938,여행,NNG
7939,전주,NNG
7940,맛집,NNG
7941,국내,NNG
7942,여행,NNG
7943,전,NNG
7944,주달,NNG
7945,봉,NNG
7946,이,JKS
7947,달,NNG
7948,봉,NNG
7949,티비,NNG
7950,전주,NNG
7951,여행,NNG
7952,코스,NNG
7953,전주,NNG
7954,가,JKS
7955,볼,VV+ETM
7956,만,NNB
7957,한,XSA+ETM
7958,곳,NNG
7959,여수,NNG
7960,여행,NNG
7961,여수,NNG
7962,가,JKS
7963,볼,VV+ETM
7964,만,NNB
7965,한,XSA+ETM
7966,곳,NNB
7967,제주,NNP
7968,도,JX
7969,여행,NNG
7970,제주도,NNP
7971,가,JKS
7972,볼,VV+ETM
7973,만,NNB
7974,한,XSA+ETM
7975,곳,NNG
7976,여행,NNG
7977,전문,NNG
7978,인,VCP+ETM
7979,플,NNG
7980,루,JKB
7981,언서,NNG
7982,전,NNG
7983,주달,NNG
7984,봉이,NNG
7985,입니다,VCP+EF
7986,주말,NNG
7987,인지,VCP+EC
7988,평일,NNG
7989,인지,VCP+EC
7990,에,JKB
7991,따라,VV+EC
7992,다릅니다,VA+EC
7993,전주,NNG
7994,여행,NNG
7995,가,VV
7996,려고,EC
7997,하,VV
7998,는,ETM
7999,데,NNB
8000,1,SN
8001,박,NNBC
8002,2,SN
8003,일,NNBC
8004,vs,SL
8005,2,SN
8006,박,NNBC
8007,3,SN
8008,일,NNBC
8009,어떤,MM
8010,게,NNB+JKS
8011,적당,XR
8012,할지,XSA+EC
8013,추천,NNG
8014,좀,MAG
8015,해,VV+EC
8016,주,VX
8017,세요,EP+EF
8018,전주,NNG
8019,여행,NNG
8020,전주,NNG
8021,맛집,NNG
8022,국내,NNG
8023,여행,NNG
8024,전,NNG
8025,주달,NNG
8026,봉,NNG
8027,이,JKS
8028,달,NNG
8029,봉,NNG
8030,티비,NNG
8031,전주,NNG
8032,여행,NNG
8033,코스,NNG
8034,전주,NNG
8035,가,JKS
8036,볼,VV+ETM
8037,만,NNB
8038,한,XSA+ETM
8039,곳,NNG
8040,여수,NNG
8041,여행,NNG
8042,여수,NNG
8043,가,JKS
8044,볼,VV+ETM
8045,만,NNB
8046,한,XSA+ETM
8047,곳,NNB
8048,제주,NNP
8049,도,JX
8050,여행,NNG
8051,제주도,NNP
8052,가,JKS
8053,볼,VV+ETM
8054,만,NNB
8055,한,XSA+ETM
8056,곳,NNG
8057,여행,NNG
8058,전문,NNG
8059,인,VCP+ETM
8060,플,NNG
8061,루,JKB
8062,언서,NNG
8063,전,NNG
8064,주달,NNG
8065,봉이,NNG
8066,입니다,VCP+EC
8067,전주,NNG
8068,여행,NNG
8069,이번,NNG
8070,주,NNG
8071,에,JKB
8072,전주,NNG
8073,여행,NNG
8074,1,SN
8075,박,NNBC
8076,2,SN
8077,일,NNBC
8078,로,JKB
8079,처음,MAG
8080,가,VV
8081,는데,EC
8082,가,VX
8083,볼,EC+VX+ETM
8084,데,NNB
8085,추천,NNG
8086,좀,MAG
8087,해,VV+EC
8088,주,VX
8089,세요,EP+EF
8090,걷,VV
8091,기,ETN
8092,좋,VA
8093,은데,EC
8094,위주,NNG
8095,로,JKB
8096,요,JX
8097,걷,VV
8098,는,ETM
8099,거,NNB
8100,좋,VA
8101,아,EC
8102,해요,VX+EF
8103,트레,NNP
8104,킹,NNP
8105,좋,VA
8106,아,EC
8107,해요,VX+EF
8108,전주,NNG
8109,여행,NNG
8110,을,JKO
8111,계획,NNG
8112,중,NNB
8113,이,VCP
8114,시,EP
8115,군요,EF
8116,전주,NNG
8117,에,JKB
8118,는,JX
8119,다양,XR
8120,한,XSA+ETM
8121,볼거리,NNG
8122,들,XSN
8123,과,JKB
8124,전주,NNP
8125,2,SN
8126,박,NNBC
8127,3,SN
8128,일,NNBC
8129,3,SN
8130,명,NNBC
8131,여행,NNG
8132,1,SN
8133,인,NNG
8134,경비,NNG
8135,식비,NNG
8136,랑,JKB
8137,교통비,NNG
8138,감,NNG
8139,이,JKS
8140,안,MAG
8141,잡혀서,VV+EC
8142,요,MM
8143,술,NNG
8144,은,JX
8145,마실,VV+ETM
8146,건데,NNB+VCP+EC
8147,많이,MAG
8148,안,MAG
8149,마셔서,VV+EC
8150,술값,NNG
8151,으로,JKB
8152,는,JX
8153,한,MM
8154,번,NNBC
8155,마실,VV+ETM
8156,때,NNG
8157,만,NR
8158,원,NNBC
8159,씩,XSN
8160,쓸,VV+ETM
8161,거,NNB
8162,같,VA
8163,아요,EF
8164,전주,NNG
8165,여행,NNG
8166,전주,NNG
8167,맛집,NNG
8168,국내,NNG
8169,여행,NNG
8170,전,NNG
8171,주달,NNG
8172,봉,NNG
8173,이,JKS
8174,달,NNG
8175,봉,NNG
8176,티비,NNG
8177,전주,NNG
8178,여행,NNG
8179,코스,NNG
8180,전주,NNG
8181,가,JKS
8182,볼,VV+ETM
8183,만,NNB
8184,한,XSA+ETM
8185,곳,NNG
8186,여수,NNG
8187,여행,NNG
8188,여수,NNG
8189,가,JKS
8190,볼,VV+ETM
8191,만,NNB
8192,한,XSA+ETM
8193,곳,NNG
8194,전주,NNP
8195,2,SN
8196,박,NNBC
8197,3,SN
8198,일,NNBC
8199,여행,NNG
8200,비용,NNG
8201,전주,NNG
8202,여행,NNG
8203,전주,NNG
8204,맛집,NNG
8205,국내,NNG
8206,여행,NNG
8207,전,NNG
8208,주달,NNG
8209,봉,NNG
8210,이,JKS
8211,달,NNG
8212,봉,NNG
8213,티비,NNG
8214,전주,NNG
8215,여행,NNG
8216,코스,NNG
8217,전주,NNG
8218,가,JKS
8219,볼,VV+ETM
8220,만,NNB
8221,한,XSA+ETM
8222,곳,NNG
8223,여수,NNG
8224,여행,NNG
8225,여수,NNG
8226,가,JKS
8227,볼,VV+ETM
8228,만,NNB
8229,한,XSA+ETM
8230,곳,NNB
8231,제주,NNP
8232,도,JX
8233,여행,NNG
8234,제주도,NNP
8235,가,JKS
8236,볼,VV+ETM
8237,만,NNB
8238,한,XSA+ETM
8239,곳,NNG
8240,여행,NNG
8241,전문,NNG
8242,인,VCP+ETM
8243,플,NNG
8244,루,JKB
8245,언서,NNG
8246,전,NNG
8247,주달,NNG
8248,봉이,NNG
8249,입니다,VCP+EF
8250,한옥마을,NNP
8251,은,JX
8252,입장료,NNG
8253,는,JX
8254,따로,MAG
8255,없,VA
8256,습니다,EF
8257,기본,NNG
8258,친구,NNG
8259,랑,JKB
8260,전주,NNG
8261,여행,NNG
8262,친구,NNG
8263,랑,JC
8264,첫,MM
8265,전주,NNG
8266,여행,NNG
8267,을,JKO
8268,가,VV+EC
8269,보,VX
8270,려고,EC
8271,합니다,VX+EC
8272,가,VX
8273,볼,EC+VX+ETM
8274,만,NNB
8275,한,XSA+ETM
8276,곳,NNG
8277,호텔,NNG
8278,맛집,NNG
8279,추천,NNG
8280,해,XSV+EC
8281,주,VX
8282,세요,EP+EF
8283,호텔,NNG
8284,은,JX
8285,시설,NNG
8286,이,JKS
8287,괜찮,VA
8288,고,EC
8289,깨끗,XR
8290,했으면,XSA+EP+EC
8291,좋,VA
8292,겠,EP
8293,어요,EF
8294,한옥,NNP
8295,이,VCP
8296,어도,EC
8297,괜찮,VA
8298,아요,EF
8299,침대,NNG
8300,가,JKS
8301,있,VA
8302,는,ETM
8303,곳,NNG
8304,이,VCP
8305,면,EC
8306,더,MAG
8307,좋,VA
8308,겠,EP
8309,어요,EF
8310,맛집,NNG
8311,은,JX
8312,양식,NNG
8313,중식,NNG
8314,일식,NNG
8315,상관없,VA
8316,습니다,EF
8317,비용,NNG
8318,도,JX
8319,1,SN
8320,인당,NNG
8321,2,SN
8322,박,NNBC
8323,3,SN
8324,일,NNBC
8325,전주,NNP
8326,크리스마스,NNG
8327,여행,NNG
8328,전주,NNG
8329,여행,NNG
8330,전주,NNG
8331,맛집,NNG
8332,국내,NNG
8333,여행,NNG
8334,전,NNG
8335,주달,NNG
8336,봉,NNG
8337,이,JKS
8338,달,NNG
8339,봉,NNG
8340,티비,NNG
8341,전주,NNG
8342,여행,NNG
8343,코스,NNG
8344,전주,NNG
8345,가,JKS
8346,볼,VV+ETM
8347,만,NNB
8348,한,XSA+ETM
8349,곳,NNG
8350,여수,NNG
8351,여행,NNG
8352,여수,NNG
8353,가,JKS
8354,볼,VV+ETM
8355,만,NNB
8356,한,XSA+ETM
8357,곳,NNB
8358,제주,NNP
8359,도,JX
8360,여행,NNG
8361,제주도,NNP
8362,가,JKS
8363,볼,VV+ETM
8364,만,NNB
8365,한,XSA+ETM
8366,곳,NNG
8367,여행,NNG
8368,전문,NNG
8369,인,VCP+ETM
8370,플,NNG
8371,루,JKB
8372,언서,NNG
8373,전,NNG
8374,주달,NNG
8375,봉이,NNG
8376,입니다,VCP+EF
8377,전주,NNG
8378,여행,NNG
8379,코스,NNG
8380,는,JX
8381,한옥,NNG
8382,마을,NNG
8383,에서부터,JKB
8384,시작,NNG
8385,을,JKO
8386,1,SN
8387,박,NNBC
8388,2,SN
8389,일,NNBC
8390,전주,NNG
8391,여행,NNG
8392,~.~,SY
8393,질문,NNG
8394,하,XSV
8395,신,EP+ETM
8396,전주,NNG
8397,여행,NNG
8398,일정,NNG
8399,관련,NNG
8400,답변,NNG
8401,드리,VV
8402,도록,EC
8403,하,VX
8404,겠,EP
8405,습니다,EF
8406,여행,NNG
8407,가실,NNG
8408,때,NNG
8409,계획,NNG
8410,짜,VV
8411,기,ETN
8412,너무,MAG
8413,귀찮,VA
8414,죠,EF
8415,제,NP
8416,가,JKS
8417,전주,NNP
8418,에서,JKB
8419,즐길,VV+ETM
8420,수,NNB
8421,있,VV
8422,는,ETM
8423,1,SN
8424,박,NNBC
8425,2,SN
8426,일,NNBC
8427,여행,NNG
8428,을,JKO
8429,준비,NNG
8430,해,XSV+EC
8431,보,VX
8432,았,EP
8433,어요,EF
8434,아래,NNG
8435,일정,NNG
8436,을,JKO
8437,참고,NNG
8438,해,XSV+EC
8439,보,VX
8440,시,EP
8441,고,EC
8442,즐거운,VA+ETM
8443,여행,NNG
8444,되,XSV
8445,시,EP
8446,길,ETN+JKO
8447,바라,VV
8448,요,EC
8449,1,SN
8450,일,NNBC
8451,차,NNG
8452,초등,NNG
8453,6,SN
8454,학년,NNG
8455,210,SN
8456,명,NNBC
8457,전주,NNG
8458,일,NR
8459,대,NNBC
8460,1,SN
8461,박,NNBC
8462,2,SN
8463,일,NNBC
8464,수학여행,NNG
8465,코스,NNG
8466,전주,NNG
8467,관광,NNG
8468,에,JKB
8469,달인,NNG
8470,이,VCP
8471,신,EP+ETM
8472,전,MM
8473,주달,NNG
8474,봉이,NNG
8475,님,XSN
8476,께서,JKS
8477,코스,NNG
8478,추천,NNG
8479,을,JKO
8480,해,VV+EC
8481,주,VX
8482,시,EP
8483,면,EC
8484,대단히,MAG
8485,감사,NNG
8486,드리,VV
8487,겠,EP
8488,습니다,EF
8489,전주,NNG
8490,여행,NNG
8491,전주,NNG
8492,맛집,NNG
8493,국내,NNG
8494,여행,NNG
8495,전,NNG
8496,주달,NNG
8497,봉,NNG
8498,이,JKS
8499,달,NNG
8500,봉,NNG
8501,티비,NNG
8502,전주,NNG
8503,여행,NNG
8504,코스,NNG
8505,전주,NNG
8506,가,JKS
8507,볼,VV+ETM
8508,만,NNB
8509,한,XSA+ETM
8510,곳,NNG
8511,여수,NNG
8512,여행,NNG
8513,여수,NNG
8514,가,JKS
8515,볼,VV+ETM
8516,만,NNB
8517,한,XSA+ETM
8518,곳,NNB
8519,제주,NNP
8520,도,JX
8521,여행,NNG
8522,1,SN
8523,박,NNBC
8524,2,SN
8525,일,NNBC
8526,전주,NNP
8527,혼자,NNG
8528,여행,NNG
8529,코스,NNG
8530,질문,NNG
8531,하,XSV
8532,신,EP+ETM
8533,전주,NNG
8534,여행,NNG
8535,정보,NNG
8536,정리,NNG
8537,해,XSV+EC
8538,봤,VX+EP
8539,습니다,EF
8540,참고,NNG
8541,해,XSV+EC
8542,주,VX
8543,세요,EP+EF
8544,전,MM
8545,주,NNG
8546,에서,JKB
8547,가,VV
8548,볼,EC+VX+ETM
8549,만,NNB
8550,한,XSA+ETM
8551,곳,NNB
8552,덕진,NNP
8553,공원,NNG
8554,추천,NNP
8555,덕진,NNP
8556,공원,NNG
8557,이,JKS
8558,전주,NNP
8559,터미널,NNG
8560,에서,JKB
8561,가장,MAG
8562,가까운,VA+ETM
8563,곳,NNG
8564,이,VCP
8565,에요,EF
8566,산책,NNG
8567,하,XSV
8568,기,ETN
8569,에,JKB
8570,좋,VA
8571,은,ETM
8572,호수,NNG
8573,공원,NNG
8574,이,VCP
8575,에요,EF
8576,덕진,NNP
8577,공원,NNG
8578,을,JKO
8579,생략,NNG
8580,하,XSV
8581,고,EC
8582,곧바로,MAG
8583,남부,NNG
8584,시장,NNG
8585,과,JC
8586,전주,NNG
8587,여행,NNG
8588,갈,VV+ETM
8589,곳,NNB
8590,",",SC
8591,전시회,NNG
8592,추천,NNG
8593,제,NP
8594,가,JKS
8595,이번,NNG
8596,달,NNG
8597,말,NNG
8598,에,JKB
8599,남자,NNG
8600,친구,NNG
8601,랑,JKB
8602,전주,NNG
8603,여행,NNG
8604,을,JKO
8605,가,VV
8606,는데요,EC
8607,전주,NNP
8608,한옥마을,NNP
8609,만,JX
8610,가,VV
8611,기,ETN
8612,엔,JKB+JX
8613,그래서,MAJ
8614,갈만,NNG
8615,한,XSA+ETM
8616,곳,NNG
8617,공방,NNG
8618,전시회,NNG
8619,같,VA
8620,은,ETM
8621,거,NNB
8622,있,VA
8623,음,ETN
8624,추천,NNG
8625,부탁,NNG
8626,드려요,VV+EC
8627,안녕,NNG
8628,하,XSV
8629,세요,EP+EF
8630,질문,NNG
8631,하,XSV
8632,신,EP+ETM
8633,전주,NNG
8634,여행,NNG
8635,관련,NNG
8636,답변,NNG
8637,드리,VV
8638,도록,EC
8639,하,VX
8640,겠,EP
8641,습니다,EF
8642,전,NP+JX
8643,주로,MAG
8644,놀,VV
8645,러,EC
8646,가,VX
8647,시,EP
8648,나,EC
8649,봅니다,VX+EC
8650,전주,NNG
8651,여행,NNG
8652,코스,NNG
8653,추천,NNG
8654,안녕,NNG
8655,하,XSV
8656,세요,EP+EF
8657,여자,NNG
8658,친구,NNG
8659,랑,JKB
8660,전주,NNG
8661,여행,NNG
8662,을,JKO
8663,갈,VV+ETM
8664,예정,NNG
8665,인데,VCP+EC
8666,숙소,NNG
8667,를,JKO
8668,전주,NNP
8669,더클래식,NNP
8670,호텔,NNG
8671,로,JKB
8672,잡,VV
8673,고,EC
8674,1,SN
8675,박,NNBC
8676,2,SN
8677,일,NNBC
8678,일정,NNG
8679,으로,JKB
8680,여행,NNG
8681,을,JKO
8682,가,VV
8683,게,EC
8684,되,VV
8685,었,EP
8686,습니다,EF
8687,근데,MAJ
8688,금요일,NNG
8689,오후,NNG
8690,5,SN
8691,시,NNBC
8692,쯤,XSN
8693,전주,NNG
8694,에,JKB
8695,도착,NNG
8696,예정,NNG
8697,이,VCP
8698,고,EC
8699,자,NNG
8700,가,JKS
8701,차,NNG
8702,가,JKS
8703,없,VA
8704,어,EC
8705,이동,NNG
8706,수단,NNG
8707,을,JKO
8708,대중교통,NNG
8709,과,JC
8710,택시,NNG
8711,로,JKB
8712,할,VV+ETM
8713,예정,NNG
8714,입니다,VCP+EC
8715,전주,NNG
8716,여행,NNG
8717,각각,MAG
8718,거리,NNG
8719,가,JKS
8720,가까운지,VA+EC
8721,알,VV
8722,고,EC
8723,싶,VX
8724,어요,EF
8725,추석,NNG
8726,에,JKB
8727,여행,NNG
8728,예정,NNG
8729,입니다,VCP+EF
8730,그,MM
8731,외,NNB
8732,갈만,NNG
8733,한,XSA+ETM
8734,곳,NNG
8735,추천,NNG
8736,해,XSV+EC
8737,주,VX
8738,세요,EP+EF
8739,전주,NNG
8740,여행,NNG
8741,전주,NNG
8742,맛집,NNG
8743,국내,NNG
8744,여행,NNG
8745,전,NNG
8746,주달,NNG
8747,봉,NNG
8748,이,JKS
8749,달,NNG
8750,봉,NNG
8751,티비,NNG
8752,전주,NNG
8753,여행,NNG
8754,코스,NNG
8755,전주,NNG
8756,가,JKS
8757,볼,VV+ETM
8758,만,NNB
8759,한,XSA+ETM
8760,곳,NNG
8761,여수,NNG
8762,여행,NNG
8763,여수,NNG
8764,가,JKS
8765,볼,VV+ETM
8766,만,NNB
8767,한,XSA+ETM
8768,곳,NNB
8769,제주,NNP
8770,도,JX
8771,여행,NNG
8772,전주,NNG
8773,여행,NNG
8774,갈만,NNG
8775,한,XSA+ETM
8776,곳,NNB
8777,있,VA
8778,을까요,EF
8779,?,SF
8780,전주,NNG
8781,여행,NNG
8782,전주,NNG
8783,맛집,NNG
8784,국내,NNG
8785,여행,NNG
8786,전,NNG
8787,주달,NNG
8788,봉,NNG
8789,이,JKS
8790,달,NNG
8791,봉,NNG
8792,티비,NNG
8793,전주,NNG
8794,여행,NNG
8795,코스,NNG
8796,전주,NNG
8797,가,JKS
8798,볼,VV+ETM
8799,만,NNB
8800,한,XSA+ETM
8801,곳,NNG
8802,여수,NNG
8803,여행,NNG
8804,여수,NNG
8805,가,JKS
8806,볼,VV+ETM
8807,만,NNB
8808,한,XSA+ETM
8809,곳,NNB
8810,제주,NNP
8811,도,JX
8812,여행,NNG
8813,제주도,NNP
8814,가,JKS
8815,볼,VV+ETM
8816,만,NNB
8817,한,XSA+ETM
8818,곳,NNG
8819,여행,NNG
8820,전문,NNG
8821,인,VCP+ETM
8822,플,NNG
8823,루,JKB
8824,언서,NNG
8825,전,NNG
8826,주달,NNG
8827,봉이,NNG
8828,입니다,VCP+EF
8829,전주,NNG
8830,여행,NNG
8831,코스,NNG
8832,는,JX
8833,한옥,NNG
8834,마을,NNG
8835,에서부터,JKB
8836,전주,NNG
8837,여행,NNG
8838,코스,NNG
8839,전주,NNG
8840,여행,NNG
8841,일정,NNG
8842,에,JKB
8843,질,VV+ETM
8844,문자,NNG
8845,님,XSN
8846,께서,JKS
8847,봐둔,VV+EC+VX+ETM
8848,곳,NNB
8849,모두,MAG
8850,반양,NNG
8851,하,XSV
8852,기,ETN
8853,에,JKB
8854,시간,NNG
8855,상,XSN
8856,무리,NNG
8857,가,JKS
8858,있,VV
8859,을,ETM
8860,거,NNB
8861,같,VA
8862,아,EC
8863,꼭,MAG
8864,가,VV
8865,고,EC
8866,싶,VX
8867,은,ETM
8868,곳,NNG
8869,을,JKO
8870,넣,VV
8871,어,EC
8872,일정,NNG
8873,을,JKO
8874,만들,VV
8875,어,EC
8876,보,VX
8877,았,EP
8878,습니다,EF
8879,1,SN
8880,일,NNBC
8881,차,NNG
8882,가운데,NNG
8883,집,NNG
8884,점심,NNG
8885,전주,NNG
8886,한지,XSA+EC
8887,박물관,NNG
8888,관광,NNG
8889,전주,NNG
8890,수목원,NNG
8891,관광,NNG
8892,오목,MAG
8893,대,XPN
8894,관광,NNG
8895,교동,NNP
8896,다윈,NNP
8897,전주,NNG
8898,여행,NNG
8899,추천,NNG
8900,부탁,NNG
8901,드립니다,VV+EC
8902,2,SN
8903,월,NNBC
8904,12,SN
8905,13,SN
8906,일,NNBC
8907,에,JKB
8908,전주,NNG
8909,여행,NNG
8910,할려구,VV+EC
8911,합니다,VX+EC
8912,1,SN
8913,박,NNBC
8914,2,SN
8915,일,NNBC
8916,가,VV
8917,볼,EC+VX+ETM
8918,만,NNB
8919,한,XSA+ETM
8920,곳,NNG
8921,이랑,JC
8922,맛집,NNG
8923,추천,NNG
8924,부탁,NNG
8925,드립니다,VV+EC
8926,감사,NNG
8927,합니다,XSV+EF
8928,전주,NNG
8929,맛집,NNG
8930,여행,NNG
8931,전,NNG
8932,주달,NNG
8933,봉,NNG
8934,이,JKS
8935,달,NNG
8936,봉,NNG
8937,티비,NNG
8938,전주,NNG
8939,여행,NNG
8940,코스,NNG
8941,전주,NNG
8942,가,JKS
8943,볼,VV+ETM
8944,만,NNB
8945,한,XSA+ETM
8946,곳,NNG
8947,여행,NNG
8948,인,VCP+ETM
8949,플,NNG
8950,루,JKB
8951,언서,NNG
8952,전,NNG
8953,주달,NNG
8954,봉이,NNG
8955,입니다,VCP+EF
8956,전주,NNG
8957,여행,NNG
8958,강아지,NNG
8959,와,JKB
8960,함께,MAG
8961,전주,NNG
8962,여행,NNG
8963,가능,NNG
8964,한,XSA+ETM
8965,곳,NNB
8966,ㅜ,UNKNOWN
8967,전주,NNG
8968,여행,NNG
8969,갈,VV+ETM
8970,껀,NNB+JX
8971,데요,EF
8972,강아지,NNG
8973,같이,MAG
8974,동반,NNG
8975,할,XSV+ETM
8976,꺼,NNB+VCP
8977,라서요,EF
8978,혹시,MAG
8979,강아지,NNG
8980,같이,JKB
8981,갈,VV+ETM
8982,수,NNB
8983,있,VV
8984,는,ETM
8985,곳,NNB
8986,좀,MAG
8987,알려,VV+EC
8988,주,VX
8989,세요,EP+EF
8990,맛집,NNG
8991,이랑,JKB
8992,관광,NNG
8993,징,NNG
8994,반려,NNG
8995,동물,NNG
8996,1,SN
8997,등,NNBC
8998,여행,NNG
8999,앱,NNG
9000,반려,NNG
9001,생활,NNG
9002,입니다,VCP+EF
9003,하늘,NNG
9004,이,JKS
9005,맑,VA
9006,은,ETM
9007,가을,NNG
9008,에,JKB
9009,전주,NNG
9010,여행,NNG
9011,을,JKO
9012,떠나,VV
9013,시,EP
9014,는군요,EC
9015,강아지,NNG
9016,랑,JKB
9017,함께,MAG
9018,더,MAG
9019,좋,VA
9020,은,ETM
9021,추억,NNG
9022,광주,NNP
9023,에서,JKB
9024,전주,NNG
9025,2,SN
9026,박,NNBC
9027,3,SN
9028,일,NNBC
9029,여행,NNG
9030,감사,NNG
9031,하,XSV
9032,겠,EP
9033,습니다,EF
9034,전주,NNG
9035,여행,NNG
9036,전주,NNG
9037,맛집,NNG
9038,국내,NNG
9039,여행,NNG
9040,전,NNG
9041,주달,NNG
9042,봉,NNG
9043,이,JKS
9044,달,NNG
9045,봉,NNG
9046,티비,NNG
9047,전주,NNG
9048,여행,NNG
9049,코스,NNG
9050,전주,NNG
9051,가,JKS
9052,볼,VV+ETM
9053,만,NNB
9054,한,XSA+ETM
9055,곳,NNG
9056,여수,NNG
9057,여행,NNG
9058,여수,NNG
9059,가,JKS
9060,볼,VV+ETM
9061,만,NNB
9062,한,XSA+ETM
9063,곳,NNB
9064,제주,NNP
9065,도,JX
9066,여행,NNG
9067,제주도,NNP
9068,가,JKS
9069,볼,VV+ETM
9070,만,NNB
9071,한,XSA+ETM
9072,곳,NNG
9073,여행,NNG
9074,전문,NNG
9075,인,VCP+ETM
9076,플,NNG
9077,루,JKB
9078,언서,NNG
9079,전,NNG
9080,주달,NNG
9081,봉이,NNG
9082,입니다,VCP+EF
9083,버스,NNG
9084,터미널,NNG
9085,에서,JKB
9086,내리,VV
9087,셔서,EP+EC
9088,전주,NNG
9089,여행,NNG
9090,코스,NNG
9091,좀,MAG
9092,짜,VV+EC
9093,주,VX
9094,세요,EP+EF
9095,~,SY
9096,질문,NNG
9097,하,XSV
9098,신,EP+ETM
9099,전주,NNG
9100,여행,NNG
9101,일정,NNG
9102,관련,NNG
9103,답변,NNG
9104,드리,VV
9105,도록,EC
9106,하,VX
9107,겠,EP
9108,습니다,EF
9109,친정,NNG
9110,어머니,NNG
9111,와,JC
9112,딸,NNG
9113,과,JKB
9114,다,MAG
9115,함께,MAG
9116,하,VV
9117,는,ETM
9118,여행,NNG
9119,듣,VV
9120,기,ETN
9121,만,JX
9122,해도,VV+EC
9123,설레,VV
9124,네요,EC
9125,아래,NNG
9126,세,MM
9127,분,NNBC
9128,께서,JKS
9129,모두,MAG
9130,즐길,VV+ETM
9131,수,NNB
9132,있,VV
9133,는,ETM
9134,여행,NNG
9135,일정,NNG
9136,을,JKO
9137,준비,NNG
9138,해,XSV+EC
9139,보,VX
9140,았,EP
9141,어요,EF
9142,참고,NNG
9143,해,XSV+EC
9144,보,VX
9145,시,EP
9146,고,EC
9147,여행,NNG
9148,에,JKB
9149,도움,NNG
9150,되,XSV
9151,셨,EP+EP
9152,으면,EC
9153,[,SSO
9154,추천,NNG
9155,해,XSV+EC
9156,주,VX
9157,세요,EP+EF+VCP
9158,],SSC
9159,전주,NNG
9160,당일치기,NNG
9161,여행,NNG
9162,추천,NNG
9163,해,XSV+EC
9164,주,VX
9165,세요,EP+EF
9166,전주,NNG
9167,당일치기,NNG
9168,여행,NNG
9169,전주,NNG
9170,여행,NNG
9171,전주,NNG
9172,맛집,NNG
9173,국내,NNG
9174,여행,NNG
9175,전,NNG
9176,주달,NNG
9177,봉,NNG
9178,이,JKS
9179,달,NNG
9180,봉,NNG
9181,티비,NNG
9182,전주,NNG
9183,여행,NNG
9184,코스,NNG
9185,전주,NNG
9186,가,JKS
9187,볼,VV+ETM
9188,만,NNB
9189,한,XSA+ETM
9190,곳,NNG
9191,여수,NNG
9192,여행,NNG
9193,여수,NNG
9194,가,JKS
9195,볼,VV+ETM
9196,만,NNB
9197,한,XSA+ETM
9198,곳,NNB
9199,제주,NNP
9200,도,JX
9201,여행,NNG
9202,제주도,NNP
9203,가,JKS
9204,볼,VV+ETM
9205,만,NNB
9206,한,XSA+ETM
9207,곳,NNG
9208,여행,NNG
9209,전문,NNG
9210,인,VCP+ETM
9211,플,NNG
9212,루,JKB
9213,언서,NNG
9214,전,NNG
9215,주달,NNG
9216,봉이,NNG
9217,입니다,VCP+EC
9218,전주,NNG
9219,여행,NNG
9220,팀조,NNP
9221,뮤,NNG
9222,ㅠ,UNKNOWN
9223,전주,NNG
9224,여행,NNG
9225,1,SN
9226,박,NNBC
9227,2,SN
9228,일,NNBC
9229,가,VV
9230,는데,EC
9231,가,VX
9232,기,ETN
9233,좋,VA
9234,은,ETM
9235,곳,NNG
9236,이랑,JC
9237,맛집,NNG
9238,좀,MAG
9239,알려,VV+EC
9240,주,VX
9241,세요,EP+EF
9242,안녕,IC
9243,하,VV
9244,세요,EP+EF
9245,서울,NNP
9246,지방,NNG
9247,변호,NNG
9248,사회,NNG
9249,소속,NNG
9250,으로,JKB
9251,지식,NNG
9252,iN,SL
9253,법률,NNG
9254,상담,NNG
9255,을,JKO
9256,진행,NNG
9257,하,XSV
9258,고,EC
9259,있,VX
9260,는,ETM
9261,김선용,NNP
9262,변호사,NNG
9263,입니다,VCP+EF
9264,알아보,VV
9265,는,ETM
9266,것,NNB
9267,이,JKS
9268,어려우,VA
9269,시,EP
9270,다면,EC
9271,인,NNG
9272,스타,NNG
9273,그램,NNG
9274,에,JKB
9275,전주,NNG
9276,라고,VCP+EC
9277,검색,NNG
9278,하,XSV
9279,셔서,EP+EC
9280,전주,NNP
9281,한옥마을,NNP
9282,여행,NNG
9283,준비,NNG
9284,중,NNB
9285,입니다,VCP+EF
9286,대여,NNG
9287,는,JX
9288,천차만별,NNG
9289,입니다,VCP+EF
9290,기본,NNG
9291,금액,NNG
9292,은,JX
9293,10000,SN
9294,원,NNBC
9295,부터,JX
9296,시작,NNG
9297,합니다,XSV+EF
9298,시간,NNG
9299,과,JC
9300,한복,NNG
9301,에,JKB
9302,따라서,VV+EC
9303,가격,NNG
9304,이,JKS
9305,다릅니다,VA+EC
9306,전주,NNG
9307,여행,NNG
9308,전주,NNG
9309,맛집,NNG
9310,국내,NNG
9311,여행,NNG
9312,전,NNG
9313,주달,NNG
9314,봉,NNG
9315,이,JKS
9316,달,NNG
9317,봉,NNG
9318,티비,NNG
9319,전주,NNG
9320,여행,NNG
9321,코스,NNG
9322,전주,NNG
9323,가,JKS
9324,볼,VV+ETM
9325,만,NNB
9326,한,XSA+ETM
9327,곳,NNG
9328,여수,NNG
9329,여행,NNG
9330,여수,NNG
9331,가,JKS
9332,볼,VV+ETM
9333,만,NNB
9334,한,XSA+ETM
9335,곳,NNB
9336,제주,NNP
9337,도,JX
9338,여행,NNG
9339,고등학교,NNG
9340,친구,NNG
9341,들,XSN
9342,과,JC
9343,전주,NNG
9344,여행,NNG
9345,당일치기,NNG
9346,지금,MAG
9347,고등학교,NNG
9348,3,SN
9349,학년,NNG
9350,친구,NNG
9351,들,XSN
9352,과,JKB
9353,함께,MAG
9354,4,SN
9355,월,NNBC
9356,달,NNG
9357,에,JKB
9358,전주,NNG
9359,여행,NNG
9360,을,JKO
9361,당일,NNG
9362,치,VV
9363,기,ETN
9364,로,JKB
9365,갈,VV+ETM
9366,예정,NNG
9367,인데,VCP+EC
9368,부모,NNG
9369,님,XSN
9370,께,JKB
9371,뭐,NP
9372,라고,VCP+EC
9373,말씀,NNG
9374,드리,VV
9375,면,EC
9376,허락,NNG
9377,을,JKO
9378,받,VV
9379,을,ETM
9380,수,NNB
9381,있,VV
9382,을까요,EC
9383,고등학교,NNG
9384,시절,NNG
9385,친구,NNG
9386,들,XSN
9387,과,JKB
9388,의,JKG
9389,소중,XR
9390,한,XSA+ETM
9391,추억,NNG
9392,을,JKO
9393,만들,VV
9394,기,ETN
9395,위해,VV+EC
9396,전주,NNG
9397,여행,NNG
9398,을,JKO
9399,다녀오,VV
9400,기,ETN
9401,로,JKB
9402,했,VV+EP
9403,습니다,EF
9404,전주,NNG
9405,는,JX
9406,전,NP+JX
9407,주로,MAG
9408,휴가,NNG
9409,갈,VV+ETM
9410,건데,NNB+VCP+EC
9411,여행,NNG
9412,코스,NNG
9413,추천,NNG
9414,해,XSV+EC
9415,주,VX
9416,세요,EP+EF
9417,위,NNG
9418,의,JKG
9419,일정,NNG
9420,은,JX
9421,참고,NNG
9422,용,XSN
9423,으로,JKB
9424,제시,NNG
9425,한,XSV+ETM
9426,것,NNB
9427,이,VCP
9428,며,EC
9429,여행,NNG
9430,일정,NNG
9431,에,JKB
9432,따라,VV+EC
9433,조정,NNG
9434,할,XSV+ETM
9435,수,NNB
9436,있,VV
9437,습니다,EF
9438,또한,MAJ
9439,음식점,NNG
9440,의,JKG
9441,웨이팅,NNG
9442,시간,NNG
9443,은,JX
9444,방문,NNG
9445,시간,NNG
9446,과,JC
9447,요일,NNG
9448,에,JKB
9449,따라,VV+EC
9450,달라질,VV+ETM
9451,수,NNB
9452,있,VV
9453,으니,EC
9454,참고,NNG
9455,해,XSV+EC
9456,주,VX
9457,세요,EP+EF
9458,즐거운,VA+ETM
9459,전주,NNG
9460,여행,NNG
9461,되,XSV
9462,시,EP
9463,길,ETN+JKO
9464,바랍니다,VV+EC
9465,여자,NNG
9466,2,SN
9467,명,NNBC
9468,이,XSN
9469,서,JKS
9470,2,SN
9471,박,NNBC
9472,3,SN
9473,일,NNBC
9474,로,JKB
9475,전주,NNG
9476,여행,NNG
9477,질문,NNG
9478,2,SN
9479,박,NNBC
9480,3,SN
9481,일,NNBC
9482,로,JKB
9483,전주,NNG
9484,를,JKO
9485,여행,NNG
9486,하,XSV
9487,신다면,EP+EC
9488,다음,NNG
9489,과,JKB
9490,같,VA
9491,은,ETM
9492,일정,NNG
9493,을,JKO
9494,추천,NNG
9495,해,XSV+EC
9496,드립니다,VX+EC
9497,Day,SL
9498,1,SN
9499,전주,NNP
9500,한옥마을,NNP
9501,전통,NNG
9502,한옥,NNG
9503,건물,NNG
9504,과,JC
9505,전통,NNG
9506,문화,NNG
9507,를,JKO
9508,경험,NNG
9509,할,XSV+ETM
9510,수,NNB
9511,있,VV
9512,는,ETM
9513,곳,NNB
9514,입니다,VCP+EF
9515,전주,NNP
9516,향교,NNP
9517,조선,NNP
9518,시대,NNG
9519,교육,NNG
9520,기관,NNG
9521,인,VCP+ETM
9522,향교,NNG
9523,를,JKO
9524,볼,VV+ETM
9525,수,NNB
9526,있,VV
9527,습니다,EF
9528,전주,NNP
9529,남부,NNG
9530,시장,NNG
9531,전,NNG
9532,주의,NNG
9533,전주,NNG
9534,여행,NNG
9535,코스,NNG
9536,짜,VV+EC
9537,주,VX
9538,세요,EP+EF
9539,!,SF
9540,많이,MAG
9541,급합니다,VA+EF
9542,.,SF
9543,.!,SY
9544,안녕,NNG
9545,하,XSV
9546,세요,EP+EF
9547,가족,NNG
9548,여행,NNG
9549,으로,JKB
9550,전주,NNG
9551,에,JKB
9552,놀,VV
9553,러,EC
9554,가,VX
9555,려는데,EC
9556,요,MM
9557,당장,NNG
9558,이번,NNG
9559,주,NNG
9560,금요일,NNG
9561,에,JKB
9562,가,VV
9563,는데,EC
9564,어딜,NP+JKO
9565,갈지,VV+EC
9566,몰라서,VV+EC
9567,숙소,NNG
9568,는,JX
9569,라,NNG
9570,한,XSA+ETM
9571,호텔,NNG
9572,로,JKB
9573,잡,VV
9574,았,EP
9575,고,EC
9576,한옥마을,NNP
9577,쪽,NNB
9578,을,JKO
9579,가,VV
9580,고,EC
9581,싶,VX
9582,은데,EC
9583,별로,MAG
9584,걷,VV
9585,지,EC
9586,않,VX
9587,으면서,EC
9588,카페,NNG
9589,투어,NNG
9590,는,JX
9591,아닌,VCN+ETM
9592,여행,NNG
9593,코스,NNG
9594,짜,VV+EC
9595,주,VX
9596,실,EP+ETM
9597,수,NNB
9598,있,VV
9599,나요,EF
9600,호,NNBC
9601,캉,JKB
9602,스로,NNG
9603,전주,NNP
9604,1,SN
9605,박,NNBC
9606,2,SN
9607,일,NNBC
9608,여행,NNG
9609,대둔산,NNP
9610,케이블카,NNG
9611,주말,NNG
9612,에,JKB
9613,사람,NNG
9614,많,VA
9615,겠,EP
9616,죠,EF
9617,괜찮,VA
9618,은,ETM
9619,코스,NNG
9620,추천,NNG
9621,해,XSV+EC
9622,주,VX
9623,세요,EP+EF
9624,전주,NNG
9625,여행,NNG
9626,전주,NNG
9627,맛집,NNG
9628,국내,NNG
9629,여행,NNG
9630,전,NNG
9631,주달,NNG
9632,봉,NNG
9633,이,JKS
9634,달,NNG
9635,봉,NNG
9636,티비,NNG
9637,전주,NNG
9638,여행,NNG
9639,코스,NNG
9640,전주,NNG
9641,가,JKS
9642,볼,VV+ETM
9643,만,NNB
9644,한,XSA+ETM
9645,곳,NNG
9646,여수,NNG
9647,여행,NNG
9648,여수,NNG
9649,가,JKS
9650,볼,VV+ETM
9651,만,NNB
9652,한,XSA+ETM
9653,곳,NNB
9654,제주,NNP
9655,도,JX
9656,여행,NNG
9657,제주도,NNP
9658,가,JKS
9659,볼,VV+ETM
9660,만,NNB
9661,한,XSA+ETM
9662,곳,NNG
9663,여행,NNG
9664,전문,NNG
9665,전주,NNG
9666,여행,NNG
9667,코스,NNG
9668,!,SF
9669,!!,SY
9670,이미,MAG
9671,전주,NNG
9672,여행,NNG
9673,을,JKO
9674,마치,VV
9675,고,EC
9676,복귀,NNG
9677,하,XSV
9678,셨,EP+EP
9679,을,ETM
9680,것,NNB
9681,같,VA
9682,네요,EF
9683,저희,NP
9684,도,JX
9685,지난주,NNG
9686,에,JKB
9687,당일,NNG
9688,코스,NNG
9689,로,JKB
9690,전주,NNG
9691,에,JKB
9692,다녀왔,VV+EP
9693,는데요,EF
9694,주말,NNG
9695,이,VCP
9696,라서,EC
9697,그런지,VA+EC
9698,차,NNG
9699,들,XSN
9700,도,JX
9701,많,VA
9702,고,EC
9703,관광지,NNG
9704,에,JKB
9705,는,JX
9706,사람,NNG
9707,들,XSN
9708,도,JX
9709,많,VA
9710,아서,EC
9711,생각,NNG
9712,처럼,JKB
9713,많이,MAG
9714,둘러보,VV
9715,지,EC
9716,못해서,VX+EC
9717,아쉽,VA
9718,더라고요,EC
9719,최소한,NNG
9720,1,SN
9721,박,NNBC
9722,2,SN
9723,일,NNBC
9724,전주,NNP
9725,한옥마을,NNP
9726,당일치기,NNG
9727,여행,NNG
9728,질문,NNG
9729,전주,NNP
9730,여수,NNP
9731,제주도,NNP
9732,맛집,NNG
9733,여행,NNG
9734,전,NNG
9735,주달,NNG
9736,봉,NNG
9737,이,JKS
9738,달,NNG
9739,봉,NNG
9740,티비,NNG
9741,전주,NNG
9742,여행,NNG
9743,코스,NNG
9744,전주,NNG
9745,가,JKS
9746,볼,VV+ETM
9747,만,NNB
9748,한,XSA+ETM
9749,곳,NNG
9750,여수,NNG
9751,여행,NNG
9752,여수,NNG
9753,가,JKS
9754,볼,VV+ETM
9755,만,NNB
9756,한,XSA+ETM
9757,곳,NNB
9758,제주,NNP
9759,도,JX
9760,여행,NNG
9761,제주도,NNP
9762,가,JKS
9763,볼,VV+ETM
9764,만,NNB
9765,한,XSA+ETM
9766,곳,NNG
9767,여행,NNG
9768,전문,NNG
9769,인,VCP+ETM
9770,플,NNG
9771,루,JKB
9772,언서,NNG
9773,전,NNG
9774,주달,NNG
9775,봉이,NNG
9776,입니다,VCP+EC
9777,1,SN
9778,7000,SN
9779,8000,SN
9780,원,NNBC
9781,2,SN
9782,흐노,NNP
9783,니,VCP+EC
9784,마시,VV
9785,랑게,EC
9786,전망,NNG
9787,달,VV
9788,곰,EC
9789,3,SN
9790,전주,NNP
9791,혼자,NNG
9792,2,SN
9793,박,NNBC
9794,3,SN
9795,일,NNBC
9796,여행,NNG
9797,아무래도,MAG
9798,사람,NNG
9799,이,JKS
9800,많,VA
9801,으면,EC
9802,맛집,NNG
9803,같,VA
9804,은,ETM
9805,곳,NNG
9806,에서,JKB
9807,혼자,MAG
9808,못,MAG
9809,먹,VV
9810,을,ETM
9811,것,NNB
9812,같,VA
9813,아서,EC
9814,5,SN
9815,월,NNBC
9816,중순,NNG
9817,은,JX
9818,전주,NNG
9819,여행,NNG
9820,을,JKO
9821,즐기,VV
9822,기,ETN
9823,좋,VA
9824,은,ETM
9825,계절,NNG
9826,입니다,VCP+EF
9827,하지만,MAJ
9828,현재,NNG
9829,는,JX
9830,코로나,NNP
9831,19,SN
9832,로,JKB
9833,인해,VV+EC
9834,여행객,NNG
9835,이,JKS
9836,줄어들,VV
9837,고,EC
9838,있,VX
9839,으므로,EC
9840,사람,NNG
9841,이,JKS
9842,많,VA
9843,지,EC
9844,않,VX
9845,을,ETM
9846,것,NNB
9847,으로,JKB
9848,예상,NNG
9849,됩니다,XSV+EF
9850,전,NP+JX
9851,주,VX
9852,는,ETM
9853,맛집,NNG
9854,이,JKS
9855,전주,NNG
9856,여행,NNG
9857,제,NP
9858,가,JKS
9859,이번,NNG
9860,달,NNG
9861,16,SN
9862,일,NNBC
9863,에,JKB
9864,친구,NNG
9865,3,SN
9866,명,NNBC
9867,하고,JC
9868,전,NP+JX
9869,주로,MAG
9870,여행,NNG
9871,을,JKO
9872,가,VV
9873,는데,EC
9874,궁금,XR
9875,한,XSA+ETM
9876,게,NNB+JKS
9877,많,VA
9878,아서,EC
9879,요,JX
9880,하나하나,MAG
9881,답장,NNG
9882,해,XSV+EC
9883,주,VX
9884,시,EP
9885,면,EC
9886,감사,NNG
9887,하,XSV
9888,겟,EP
9889,습니다,EF
9890,1,SN
9891,여수,NNP
9892,에서,JKB
9893,전주,NNG
9894,KTX,SL
9895,왕복,NNG
9896,기차표,NNG
9897,값,NNG
9898,이,JKS
9899,얼마,NNG
9900,인가요,VCP+EC
9901,2,SN
9902,중,NNG
9903,2,SN
9904,들,XSN
9905,이,JKS
9906,전,MM
9907,주가,NNG
9908,서,JKB
9909,놀,VV+ETM
9910,게,NNB+JKS
9911,뭐,NP
9912,가,JKS
9913,잇,VV
9914,을까요,EC
9915,3,SN
9916,전주,NNG
9917,여행,NNG
9918,갈,VV+ETM
9919,껀,NNB+JX
9920,데,NNB
9921,월요일,NNG
9922,휴무,NNG
9923,가,JKS
9924,많,VA
9925,나요,EF
9926,?,SF
9927,전주,NNG
9928,여행,NNG
9929,전주,NNG
9930,맛집,NNG
9931,국내,NNG
9932,여행,NNG
9933,전,NNG
9934,주달,NNG
9935,봉,NNG
9936,이,JKS
9937,달,NNG
9938,봉,NNG
9939,티비,NNG
9940,전주,NNG
9941,여행,NNG
9942,코스,NNG
9943,전주,NNG
9944,가,JKS
9945,볼,VV+ETM
9946,만,NNB
9947,한,XSA+ETM
9948,곳,NNG
9949,여수,NNG
9950,여행,NNG
9951,여수,NNG
9952,가,JKS
9953,볼,VV+ETM
9954,만,NNB
9955,한,XSA+ETM
9956,곳,NNB
9957,제주,NNP
9958,도,JX
9959,여행,NNG
9960,제주도,NNP
9961,가,JKS
9962,볼,VV+ETM
9963,만,NNB
9964,한,XSA+ETM
9965,곳,NNG
9966,여행,NNG
9967,전문,NNG
9968,인,VCP+ETM
9969,플,NNG
9970,루,JKB
9971,언서,NNG
9972,전,NNG
9973,주달,NNG
9974,봉이,NNG
9975,입니다,VCP+EF
9976,걱정,NNG
9977,안,MAG
9978,하,VV
9979,셔도,EP+EC
9980,되,VV
9981,셔요,EC
9982,대부분,NNG
9983,오픈,NNG
9984,합니다,XSV+EC
9985,내일,MAG
9986,전주,NNG
9987,당일치기,NNG
9988,부모,NNG
9989,님,XSN
9990,과,JC
9991,여행,NNG
9992,을,JKO
9993,전주,NNG
9994,여행,NNG
9995,전주,NNG
9996,맛집,NNG
9997,국내,NNG
9998,여행,NNG
9999,전,NNG
10000,주달,NNG
10001,봉,NNG
10002,이,JKS
10003,달,NNG
10004,봉,NNG
10005,티비,NNG
10006,전주,NNG
10007,여행,NNG
10008,코스,NNG
10009,전주,NNG
10010,가,JKS
10011,볼,VV+ETM
10012,만,NNB
10013,한,XSA+ETM
10014,곳,NNG
10015,여수,NNG
10016,여행,NNG
10017,여수,NNG
10018,가,JKS
10019,볼,VV+ETM
10020,만,NNB
10021,한,XSA+ETM
10022,곳,NNB
10023,제주,NNP
10024,도,JX
10025,여행,NNG
10026,제주도,NNP
10027,가,JKS
10028,볼,VV+ETM
10029,만,NNB
10030,한,XSA+ETM
10031,곳,NNG
10032,여행,NNG
10033,전문,NNG
10034,인,VCP+ETM
10035,플,NNG
10036,루,JKB
10037,언서,NNG
10038,전,NNG
10039,주달,NNG
10040,봉이,NNG
10041,입니다,VCP+EF
10042,바다,NNP
10043,는,JX
10044,군산,NNP
10045,새만금,NNP
10046,돌아보,VV
10047,시,EP
10048,면,EC
10049,전주,NNG
10050,여행,NNG
10051,갈만,NNG
10052,한,XSA+ETM
10053,곳,NNG
10054,(,SSO
10055,숙소,NNG
10056,/,SC
10057,한옥마을,NNP
10058,게스트,NNP
10059,하우스,NNP
10060,),SSC
10061,안녕,NNG
10062,하,XSV
10063,세요,EP+EF
10064,가족,NNG
10065,들,XSN
10066,과,JKB
10067,함께,MAG
10068,전주,NNG
10069,여행,NNG
10070,을,JKO
10071,가,VV
10072,려고,EC
10073,합니다,VX+EF
10074,한옥마을,NNP
10075,로,JKB
10076,유명,XR
10077,한,XSA+ETM
10078,전주,NNG
10079,여행,NNG
10080,을,JKO
10081,꼭,MAG
10082,한번,MAG
10083,해,VV+EC
10084,보,VX
10085,고,EC
10086,싶,VX
10087,어,EC
10088,했었,VX+EP
10089,는데,EC
10090,이번,NNG
10091,을,JKO
10092,기회,NNG
10093,로,JKB
10094,꼭,MAG
10095,다녀와,VV+EC
10096,보,VX
10097,려구요,EC
10098,전라도,NNP
10099,음식,NNG
10100,이,JKS
10101,맛있,VA
10102,다고,EC
10103,전주,NNG
10104,에,JKB
10105,가,VV
10106,면,EC
10107,전라도,NNP
10108,의,JKG
10109,대표,NNG
10110,음식,NNG
10111,도,JX
10112,먹,VV
10113,어,EC
10114,볼,VX+ETM
10115,뿐,NNB
10116,만,JX
10117,아니,VCN
10118,라,EC
10119,맛집,NNG
10120,도,JX
10121,전주,NNG
10122,여행,NNG
10123,코스,NNG
10124,추천,NNG
10125,좀,MAG
10126,전주,NNG
10127,여행,NNG
10128,코스,NNG
10129,추천,NNG
10130,좀,MAG
10131,전주,NNP
10132,여수,NNP
10133,맛집,NNG
10134,전주,NNG
10135,여행,NNG
10136,여수,NNG
10137,여행,NNG
10138,전,NNG
10139,주달,NNG
10140,봉,NNG
10141,이,JKS
10142,달,NNG
10143,봉,NNG
10144,티비,NNG
10145,전주,NNG
10146,여행,NNG
10147,코스,NNG
10148,전주,NNG
10149,가,JKS
10150,볼,VV+ETM
10151,만,NNB
10152,한,XSA+ETM
10153,곳,NNG
10154,여수,NNG
10155,여행,NNG
10156,여수,NNG
10157,가,JKS
10158,볼,VV+ETM
10159,만,NNB
10160,한,XSA+ETM
10161,곳,NNG
10162,여행,NNG
10163,인,VCP+ETM
10164,플,NNG
10165,루,JKB
10166,언서,NNG
10167,전,NNG
10168,주달,NNG
10169,봉이,NNG
10170,입니다,VCP+EF
10171,전주,NNG
10172,여행,NNG
10173,코스,NNG
10174,는,JX
10175,대부분,NNG
10176,한옥,NNG
10177,마을,NNG
10178,에서,JKB
10179,시작,NNG
10180,을,JKO
10181,합니다,VV+EC
10182,전주,NNG
10183,여행,NNG
10184,볼거리,NNG
10185,이번,NNG
10186,주,NNG
10187,전주,NNG
10188,여행,NNG
10189,가,VV
10190,는,ETM
10191,데,NNB
10192,볼,VV+ETM
10193,거리,NNG
10194,맛집,NNG
10195,등,NNB
10196,알려,VV+EC
10197,주,VX
10198,세요,EP+EF
10199,전,MM
10200,주,NNG
10201,에서,JKB
10202,가,VV
10203,볼,EC+VX+ETM
10204,만,NNB
10205,한,XSA+ETM
10206,곳,NNG
10207,들,XSN
10208,추천,NNG
10209,해,XSV+EC
10210,드리,VX
10211,겠,EP
10212,습니다,EF
10213,전주,NNP
10214,한옥마을,NNP
10215,전주,NNP
10216,동물원,NNP
10217,한국도로공사,NNP
10218,수목원,NNG
10219,덕진,NNP
10220,공원,NNG
10221,전주,NNG
10222,난장,NNG
10223,전주,NNG
10224,에,JKB
10225,여행,NNG
10226,가,VV
10227,는,ETM
10228,데,NNB
10229,오,VV
10230,션,EC
10231,뷰,NNP
10232,카페,NNP
10233,추천,NNG
10234,해,XSV+EC
10235,주,VX
10236,세요,EP+EF
10237,.,SF
10238,전주,NNG
10239,여행,NNG
10240,전주,NNG
10241,맛집,NNG
10242,국내,NNG
10243,여행,NNG
10244,전,NNG
10245,주달,NNG
10246,봉,NNG
10247,이,JKS
10248,달,NNG
10249,봉,NNG
10250,티비,NNG
10251,전주,NNG
10252,여행,NNG
10253,코스,NNG
10254,전주,NNG
10255,가,JKS
10256,볼,VV+ETM
10257,만,NNB
10258,한,XSA+ETM
10259,곳,NNG
10260,여수,NNG
10261,여행,NNG
10262,여수,NNG
10263,가,JKS
10264,볼,VV+ETM
10265,만,NNB
10266,한,XSA+ETM
10267,곳,NNB
10268,제주,NNP
10269,도,JX
10270,여행,NNG
10271,제주도,NNP
10272,가,JKS
10273,볼,VV+ETM
10274,만,NNB
10275,한,XSA+ETM
10276,곳,NNG
10277,여행,NNG
10278,전문,NNG
10279,인,VCP+ETM
10280,플,NNG
10281,루,JKB
10282,언서,NNG
10283,전,NNG
10284,주달,NNG
10285,봉이,NNG
10286,입니다,VCP+EF
10287,아쉽,VA
10288,게,EC
10289,도,JX
10290,전,MM
10291,주이,NNG
10292,는,JX
10293,바다,NNG
10294,가,JKS
10295,없,VA
10296,어서,EC
10297,전주,NNP
10298,가족,NNG
10299,여행,NNG
10300,코스,NNG
10301,문,NNG
10302,의,JKG
10303,드려요,VV+EF
10304,!,SF
10305,전주,NNG
10306,여행,NNG
10307,전주,NNG
10308,맛집,NNG
10309,국내,NNG
10310,여행,NNG
10311,전,NNG
10312,주달,NNG
10313,봉,NNG
10314,이,JKS
10315,달,NNG
10316,봉,NNG
10317,티비,NNG
10318,전주,NNG
10319,여행,NNG
10320,코스,NNG
10321,전주,NNG
10322,가,JKS
10323,볼,VV+ETM
10324,만,NNB
10325,한,XSA+ETM
10326,곳,NNG
10327,여수,NNG
10328,여행,NNG
10329,여수,NNG
10330,가,JKS
10331,볼,VV+ETM
10332,만,NNB
10333,한,XSA+ETM
10334,곳,NNB
10335,제주,NNP
10336,도,JX
10337,여행,NNG
10338,제주도,NNP
10339,가,JKS
10340,볼,VV+ETM
10341,만,NNB
10342,한,XSA+ETM
10343,곳,NNG
10344,여행,NNG
10345,전문,NNG
10346,인,VCP+ETM
10347,플,NNG
10348,루,JKB
10349,언서,NNG
10350,전,NNG
10351,주달,NNG
10352,봉이,NNG
10353,입니다,VCP+EF
10354,전주,NNG
10355,여행,NNG
10356,코스,NNG
10357,는,JX
10358,한옥,NNG
10359,마을,NNG
10360,에서부터,JKB
10361,전주,NNG
10362,여행,NNG
10363,코스,NNG
10364,및,MAJ
10365,일정,NNG
10366,추천,NNG
10367,부탁,NNG
10368,드려요,VV+EC
10369,(,SSO
10370,토요일,NNG
10371,하루,NNG
10372,),SSC
10373,일정,NNG
10374,이,JKS
10375,괜찮,VA
10376,은지,EC
10377,수정,NNG
10378,이,JKS
10379,필요,NNG
10380,한,XSA+ETM
10381,부분,NNG
10382,이,JKS
10383,있,VV
10384,는지,EC
10385,인근,NNG
10386,맛집,NNG
10387,등,NNB
10388,은,JX
10389,또,MAG
10390,있,VV
10391,는지,EC
10392,등등,NNB
10393,의견,NNG
10394,부탁,NNG
10395,드립니다,VV+EC
10396,전주,NNG
10397,여행,NNG
10398,전주,NNG
10399,맛집,NNG
10400,국내,NNG
10401,여행,NNG
10402,전,NNG
10403,주달,NNG
10404,봉,NNG
10405,이,JKS
10406,달,NNG
10407,봉,NNG
10408,티비,NNG
10409,전주,NNG
10410,여행,NNG
10411,코스,NNG
10412,전주,NNG
10413,가,JKS
10414,볼,VV+ETM
10415,만,NNB
10416,한,XSA+ETM
10417,곳,NNG
10418,여수,NNG
10419,여행,NNG
10420,여수,NNG
10421,가,JKS
10422,볼,VV+ETM
10423,만,NNB
10424,한,XSA+ETM
10425,곳,NNB
10426,제주,NNP
10427,도,JX
10428,여행,NNG
10429,전주,NNG
10430,여행,NNG
10431,가,VV
10432,려는데,EC
10433,.,SF
10434,.,SY
10435,전주,NNP
10436,한옥,NNG
10437,마을,NNG
10438,근처,NNG
10439,에서,JKB
10440,숙박,NNG
10441,하,XSV
10442,며,EC
10443,여행,NNG
10444,한다면,XSV+EC
10445,어디,NP
10446,어디,NP
10447,가,VV
10448,고,EC
10449,어떤,MM
10450,맛집,NNG
10451,이,JKS
10452,좋,VA
10453,은지,EC
10454,버스,NNG
10455,나,JC
10456,택시,NNG
10457,타,VV
10458,고,EC
10459,조금,MAG
10460,만,JX
10461,나가,VV+EC
10462,도,JX
10463,되,VV
10464,는,ETM
10465,가,VV
10466,볼,EC+VX+ETM
10467,만,NNB
10468,한,XSA+ETM
10469,곳,NNG
10470,이,JKS
10471,어딘지,NP+VCP+EC
10472,등등,NNB
10473,추천,NNG
10474,해,XSV+EC
10475,주,VX
10476,세요,EP+EF
10477,2,SN
10478,그,MM
10479,외,NNB
10480,에,JKB
10481,다른,MM
10482,곳,NNB
10483,어디,NP
10484,전주,NNG
10485,여행,NNG
10486,코스,NNG
10487,아침,NNG
10488,으로,JKB
10489,전주,NNG
10490,현대,NNG
10491,옥,NNG
10492,본점,NNG
10493,가,VV
10494,서,EC
10495,먹,VV
10496,고,EC
10497,점심,NNG
10498,으로,JKB
10499,는,JX
10500,전주,NNP
10501,비빔,NNG
10502,소리,NNG
10503,를,JKO
10504,가,VV
10505,려고,EC
10506,하,VV
10507,는데,EC
10508,현,MM
10509,대옥,NNG
10510,과,JC
10511,비빔,NNG
10512,소리,NNG
10513,중간,NNG
10514,에,JKB
10515,어디,NP
10516,구경,NNG
10517,할,XSV+ETM
10518,곳,NNG
10519,이나,JC
10520,갈만,NNG
10521,한,XSA+ETM
10522,곳,NNB
10523,없,VA
10524,을까요,EC
10525,전주,NNG
10526,여행,NNG
10527,전주,NNG
10528,맛집,NNG
10529,국내,NNG
10530,여행,NNG
10531,전,NNG
10532,주달,NNG
10533,봉,NNG
10534,이,JKS
10535,달,NNG
10536,봉,NNG
10537,티비,NNG
10538,전주,NNG
10539,여행,NNG
10540,코스,NNG
10541,전라도,NNP
10542,전주,NNP
10543,여행,NNG
10544,전주,NNG
10545,에,JKB
10546,여행,NNG
10547,을,JKO
10548,가,VV
10549,려고,EC
10550,하,VV
10551,는데,EC
10552,한,MM
10553,번,NNBC
10554,도,JX
10555,안,MAG
10556,가,VV+EC
10557,봐서,VX+EC
10558,요,JX
10559,1,SN
10560,박,NNBC
10561,2,SN
10562,일,NNBC
10563,이나,JX
10564,2,SN
10565,박,NNBC
10566,3,SN
10567,일,NNBC
10568,있,VA
10569,을,ETM
10570,예정,NNG
10571,인데,VCP+EC
10572,가,VX
10573,볼,EC+VX+ETM
10574,만,NNB
10575,한,XSA+ETM
10576,곳,NNG
10577,추천,NNG
10578,받,VV
10579,아용,EC
10580,체험,NNG
10581,도,JX
10582,좋,VA+ETM
10583,구용,NNG
10584,전주,NNG
10585,에서,JKB
10586,가,VV
10587,볼,EC+VX+ETM
10588,만,NNB
10589,한,XSA+ETM
10590,곳,NNG
10591,들,XSN
10592,추천,NNG
10593,해,XSV+EC
10594,드리,VX
10595,겠,EP
10596,습니다,EF
10597,전주,NNP
10598,한옥마을,NNP
10599,전주,NNG
10600,여행,NNG
10601,참고,NNG
10602,로,JKB
10603,저희,NP
10604,는,JX
10605,뚜벅,MAG
10606,이,JKC
10607,입,VV
10608,니,EC
10609,댜,VV+EF
10610,전주,NNG
10611,여행,NNG
10612,을,JKO
10613,계획,NNG
10614,중,NNB
10615,이,VCP
10616,시,EP
10617,군요,EF
10618,그럼,MAJ
10619,전,MM
10620,주,NNG
10621,에서,JKB
10622,가,VV
10623,볼,EC+VX+ETM
10624,만,NNB
10625,한,XSA+ETM
10626,곳,NNG
10627,들,XSN
10628,추천,NNG
10629,해,XSV+EC
10630,드리,VX
10631,겠,EP
10632,습니다,EF
10633,한국,NNP
10634,도로공사,NNP
10635,수목원,NNG
10636,전주,NNG
10637,동물원,NNP
10638,자만,NNP
10639,마을,NNG
10640,벽화,NNG
10641,갤러리,NNG
10642,국립,NNG
10643,전,MM
10644,주박,NNG
10645,물관,NNG
10646,전주,NNG
10647,여행,NNG
10648,코스,NNG
10649,추천,NNG
10650,전주,NNG
10651,여행,NNG
10652,코스,NNG
10653,추천,NNG
10654,안녕,NNG
10655,하,XSV
10656,세요,EP+EF
10657,전주,NNG
10658,맛집,NNG
10659,전주,NNG
10660,블로그,NNG
10661,전,NNG
10662,주달,NNG
10663,봉이,NNG
10664,입니다,VCP+EF
10665,대부분,NNG
10666,1,SN
10667,박,NNBC
10668,2,SN
10669,일,NNBC
10670,코스,NNG
10671,로,JKB
10672,들,VV+ETM
10673,전주,NNG
10674,를,JKO
10675,놀러오,VV
10676,십니다,EP+EF
10677,한옥마을,NNP
10678,경기전,NNG
10679,남부,NNG
10680,시장,NNG
10681,야,VCP+EF
10682,시장,NNG
10683,벽화,NNG
10684,마을,NNG
10685,전동성당,NNP
10686,향교,NNG
10687,오,NR
10688,목대,NNG
10689,이렇게,MAG
10690,들,XSN
10691,많이,MAG
10692,들,XSN
10693,둘러보,VV
10694,시,EP
10695,고,EC
10696,요,JX
10697,더,MAG
10698,추가,NNG
10699,로,JKB
10700,전주,NNG
10701,여행,NNG
10702,코스,NNG
10703,동선,NNG
10704,좀,MAG
10705,짜,VV+EC
10706,주,VX
10707,세요,EP+EF
10708,숙소,NNG
10709,는,JX
10710,완산구,NNP
10711,서신동,NNP
10712,입니다,VCP+EF
10713,전주,NNG
10714,여행,NNG
10715,전주,NNG
10716,맛집,NNG
10717,국내,NNG
10718,여행,NNG
10719,전,NNG
10720,주달,NNG
10721,봉,NNG
10722,이,JKS
10723,달,NNG
10724,봉,NNG
10725,티비,NNG
10726,전주,NNG
10727,여행,NNG
10728,코스,NNG
10729,전주,NNG
10730,가,JKS
10731,볼,VV+ETM
10732,만,NNB
10733,한,XSA+ETM
10734,곳,NNG
10735,여수,NNG
10736,여행,NNG
10737,여수,NNG
10738,가,JKS
10739,볼,VV+ETM
10740,만,NNB
10741,한,XSA+ETM
10742,곳,NNB
10743,제주,NNP
10744,도,JX
10745,여행,NNG
10746,제주도,NNP
10747,가,JKS
10748,볼,VV+ETM
10749,만,NNB
10750,한,XSA+ETM
10751,곳,NNG
10752,여행,NNG
10753,전문,NNG
10754,인,VCP+ETM
10755,플,NNG
10756,루,JKB
10757,언서,NNG
10758,전,NNG
10759,주달,NNG
10760,봉이,NNG
10761,입니다,VCP+EC
10762,1,SN
10763,한옥마을,NNP
10764,전주,NNG
10765,여행,NNG
10766,!,SY
10767,크리스마스,NNG
10768,에,JKB
10769,단,MM
10770,둘,NR
10771,이,XSN
10772,서,JKS
10773,당일치기,NNG
10774,로,JKB
10775,전주,NNG
10776,여행,NNG
10777,하,XSV
10778,기,ETN
10779,로,JKB
10780,했,VV+EP
10781,습니다,EF
10782,고등학생,NNG
10783,인데요,VCP+EF
10784,어느,MM
10785,정도,NNG
10786,들,VV
10787,고,EC
10788,가,VX
10789,는,ETM
10790,게,NNB+JKS
10791,맞,VV
10792,고,EC
10793,전주,NNG
10794,는,JX
10795,할,VV+ETM
10796,게,NNB+JKS
10797,뭐,IC
10798,뭐,IC
10799,있,VA
10800,을까요,EC
10801,제대로,MAG
10802,답변,NNG
10803,해,XSV+EC
10804,주,VX
10805,세요,EP+EF
10806,대학,NNG
10807,로,JKB
10808,와,JC
10809,투어,NNG
10810,공연,NNG
10811,하,XSV
10812,는,ETM
10813,연극,NNG
10814,추천,NNG
10815,해,XSV+EC
10816,드릴께요,VX+EF
10817,제,NP
10818,가,JKS
10819,전주,NNG
10820,여행,NNG
10821,을,JKO
10822,갔,VV+EP
10823,는데,EC
10824,여,JKV
10825,제,NP
10826,가,JKS
10827,왜,MAG
10828,그런진,VA+EC+JX
10829,모르,VV
10830,겠,EP
10831,지만,EC
10832,그냥,MAG
10833,전라도,NNP
10834,사투리,NNG
10835,듣,VV
10836,기,ETN
10837,싫,VA
10838,더라구요,EF
10839,억양,NNG
10840,이,JKS
10841,쎄,VA
10842,서,EC
10843,그런,MM
10844,감,NNG
10845,좀,MAG
10846,듣,VV
10847,기,ETN
10848,가,JKS
10849,거북,NNG
10850,했,XSV+EP
10851,는데,EC
10852,전주,NNG
10853,여행,NNG
10854,갔었,VV+EP
10855,는데,EC
10856,무슨,MM
10857,일,NNG
10858,인진,VCP+EC+JX
10859,모르,VV
10860,겠,EP
10861,지만,EC
10862,사람,NNG
10863,들,XSN
10864,전라도,NNP
10865,사투리,NNG
10866,1,SN
10867,도,NNBC
10868,안,MAG
10869,쓰,VV
10870,던데요,EC
10871,쫌,MAG
10872,의외,NNG
10873,였,VCP+EP
10874,어요,EF
10875,전라북도,NNP
10876,전주시,NNP
10877,아닌가요,VCN+EC
10878,전주,NNP
10879,1,SN
10880,박,NNBC
10881,2,SN
10882,일,NNBC
10883,여행,NNG
10884,코스,NNG
10885,추천,NNG
10886,및,MAJ
10887,조언,NNG
10888,해,XSV+EC
10889,주,VX
10890,세요,EP+EF
10891,가,VV
10892,고,EC
10893,싶,VX
10894,은,ETM
10895,곳,NNB
10896,전주,NNP
10897,한옥마을,NNP
10898,경기전,NNG
10899,전주,NNG
10900,난장,NNG
10901,전주,NNG
10902,국립,NNG
10903,박물관,NNG
10904,전주,NNP
10905,동물원,NNG
10906,이동,NNG
10907,수단,NNG
10908,자동차,NNG
10909,전주,NNG
10910,여행,NNG
10911,전주,NNG
10912,맛집,NNG
10913,국내,NNG
10914,여행,NNG
10915,전,NNG
10916,주달,NNG
10917,봉,NNG
10918,이,JKS
10919,달,NNG
10920,봉,NNG
10921,티비,NNG
10922,전주,NNG
10923,여행,NNG
10924,코스,NNG
10925,전주,NNG
10926,가,JKS
10927,볼,VV+ETM
10928,만,NNB
10929,한,XSA+ETM
10930,곳,NNG
10931,여수,NNG
10932,여행,NNG
10933,여수,NNG
10934,가,JKS
10935,볼,VV+ETM
10936,만,NNB
10937,한,XSA+ETM
10938,곳,NNB
10939,제주,NNP
10940,도,JX
10941,여행,NNG
10942,뚜벅,MAG
10943,이,MM
10944,여행,NNG
10945,으로,JKB
10946,전주,NNG
10947,가,VV
10948,려는데,EC
10949,한옥,NNG
10950,마을,NNG
10951,근처,NNG
10952,짐,NNG
10953,.,SF
10954,..,SY
10955,이용,NNG
10956,하,XSV
10957,시,EP
10958,면,EC
10959,원,NNG
10960,하,XSV
10961,는,ETM
10962,장소,NNG
10963,에서,JKB
10964,장소,NNG
10965,로,JKB
10966,짐,NNG
10967,운송,NNG
10968,이,JKS
10969,가능,NNG
10970,합니다,XSA+EF
10971,가격,NNG
10972,도,JX
10973,저렴,XR
10974,하,XSA
10975,고,EC
10976,앱,NNG
10977,을,JKO
10978,통해,VV+EC
10979,실시간,NNG
10980,으로,JKB
10981,주문,NNG
10982,및,MAJ
10983,현황,NNG
10984,확인,NNG
10985,까지,JX
10986,가능,NNG
10987,해,XSV+EC
10988,여행,NNG
10989,중,NNB
10990,편리,NNG
10991,하,XSV
10992,게,EC
10993,이용,NNG
10994,이,JKS
10995,가능,NNG
10996,하,XSA
10997,니,EC
10998,전주,NNG
10999,뚜벅,MAG
11000,이,MM
11001,여행,NNG
11002,시,NNB
11003,참고,NNG
11004,해,XSV+EC
11005,보,VX
11006,세요,EP+EF
11007,즐거운,VA+ETM
11008,전주,NNG
11009,여행,NNG
11010,되,XSV
11011,시,EP
11012,길,ETN+JKO
11013,바랄,VV+ETM
11014,게요,NNB+VCP+EC
11015,전주,NNG
11016,여행,NNG
11017,일정,NNG
11018,이번,NNG
11019,에,JKB
11020,전,NP+JX
11021,주로,MAG
11022,여행,NNG
11023,을,JKO
11024,가,VV
11025,는데,EC
11026,소요,NNG
11027,시간,NNG
11028,을,JKO
11029,알,VV
11030,고,EC
11031,싶,VX
11032,어요,EF
11033,한옥마을,NNP
11034,초코파이,NNP
11035,체험,NNG
11036,장,NNG
11037,수목원,NNG
11038,드림,VV+ETM
11039,랜드,NNG
11040,순,NNG
11041,으로,JKB
11042,가,VV
11043,는데,EC
11044,이동,NNG
11045,시간,NNG
11046,이,JKS
11047,얼마나,MAG
11048,걸릴까요,VV+EF
11049,자세,XR
11050,하,XSA
11051,게,EC
11052,부탁,NNG
11053,드릴게요,VV+EC
11054,우선,MAG
11055,전주,NNP
11056,한옥마을,NNP
11057,내,NNB
11058,에,JKB
11059,초코파이,NNP
11060,체험,NNG
11061,장이,XSN
11062,있,VA
11063,으니까요,EC
11064,이걸,NP+JKO
11065,이번,NNG
11066,에,JKB
11067,태교,NNG
11068,여행,NNG
11069,으로,JKB
11070,2,SN
11071,박,NNBC
11072,3,SN
11073,일,NNBC
11074,놀,VV
11075,러,EC
11076,가,VX
11077,려고,EC
11078,하,VV
11079,는데,EC
11080,강아지,NNG
11081,.,SF
11082,..,SY
11083,전주,NNG
11084,여행,NNG
11085,전주,NNG
11086,맛집,NNG
11087,국내,NNG
11088,여행,NNG
11089,전,NNG
11090,주달,NNG
11091,봉,NNG
11092,이,JKS
11093,달,NNG
11094,봉,NNG
11095,티비,NNG
11096,전주,NNG
11097,여행,NNG
11098,코스,NNG
11099,전주,NNG
11100,가,JKS
11101,볼,VV+ETM
11102,만,NNB
11103,한,XSA+ETM
11104,곳,NNG
11105,여수,NNG
11106,여행,NNG
11107,여수,NNG
11108,가,JKS
11109,볼,VV+ETM
11110,만,NNB
11111,한,XSA+ETM
11112,곳,NNB
11113,제주,NNP
11114,도,JX
11115,여행,NNG
11116,제주도,NNP
11117,가,JKS
11118,볼,VV+ETM
11119,만,NNB
11120,한,XSA+ETM
11121,곳,NNG
11122,여행,NNG
11123,전문,NNG
11124,인,VCP+ETM
11125,플,NNG
11126,루,JKB
11127,언서,NNG
11128,전,NNG
11129,주달,NNG
11130,봉이,NNG
11131,입니다,VCP+EF
11132,전주,NNG
11133,여행,NNG
11134,숙소,NNG
11135,잡,VV
11136,기,ETN
11137,가,JKS
11138,힘드,VA
11139,시,EP
11140,다면,EC
11141,바닷가,NNG
11142,가,JKS
11143,전주,NNG
11144,여행,NNG
11145,추천,NNG
11146,해,XSV+EC
11147,주,VX
11148,세요,EP+EF
11149,전주,NNG
11150,여행,NNG
11151,추천,NNG
11152,해,XSV+EC
11153,주,VX
11154,세요,EP+EF
11155,전,MM
11156,주식,NNG
11157,가,VV+EC
11158,맥,NNG
11159,문화,NNG
11160,의,JKG
11161,전일,NNG
11162,슈퍼,NNG
11163,등,NNB
11164,의,JKG
11165,전,MM
11166,주만,NNP
11167,의,JKG
11168,술,NNG
11169,문화,NNG
11170,외,NNB
11171,에,JKB
11172,도,JX
11173,에,IC
11174,피큐어,NNP
11175,평점,NNG
11176,AA,SL
11177,를,JKO
11178,받,VV
11179,은,ETM
11180,전주식,NNP
11181,한정식,NNP
11182,의,JKG
11183,최고봉,NNP
11184,수구,NNP
11185,정,NNP
11186,전라,NNP
11187,회관,NNG
11188,궁,NNG
11189,전주비빔밥,NNG
11190,의,JKG
11191,최고봉,NNG
11192,고궁,NNG
11193,성미,NNG
11194,당,XSN
11195,토종,NNG
11196,명품,NNG
11197,닭,NNG
11198,을,JKO
11199,사용,NNG
11200,한,XSV+ETM
11201,닭,NNG
11202,요,VCP+EC
11203,리의,NNG
11204,1,SN
11205,박,NNBC
11206,2,SN
11207,일,NNBC
11208,전주,NNP
11209,혼자,NNG
11210,여행,NNG
11211,코스,NNG
11212,질문,NNG
11213,하,XSV
11214,신,EP+ETM
11215,전주,NNG
11216,여행,NNG
11217,정보,NNG
11218,정리,NNG
11219,해,XSV+EC
11220,봤,VX+EP
11221,습니다,EF
11222,참고,NNG
11223,해,XSV+EC
11224,주,VX
11225,세요,EP+EF
11226,전,MM
11227,주,NNG
11228,에서,JKB
11229,가,VV
11230,볼,EC+VX+ETM
11231,만,NNB
11232,한,XSA+ETM
11233,곳,NNB
11234,덕진,NNP
11235,공원,NNG
11236,추천,NNP
11237,덕진,NNP
11238,공원,NNG
11239,이,JKS
11240,전주,NNP
11241,터미널,NNG
11242,에서,JKB
11243,가장,MAG
11244,가까운,VA+ETM
11245,곳,NNG
11246,이,VCP
11247,에요,EF
11248,산책,NNG
11249,하,XSV
11250,기,ETN
11251,에,JKB
11252,좋,VA
11253,은,ETM
11254,호수,NNG
11255,공원,NNG
11256,이,VCP
11257,에요,EF
11258,덕진,NNP
11259,공원,NNG
11260,을,JKO
11261,생략,NNG
11262,하,XSV
11263,고,EC
11264,곧바로,MAG
11265,남부,NNG
11266,시장,NNG
11267,과,JC
11268,전주,NNG
11269,여행,NNG
11270,갈려고,VV+EC
11271,하,VV
11272,는데,EC
11273,전주,NNG
11274,여행,NNG
11275,전주,NNG
11276,맛집,NNG
11277,국내,NNG
11278,여행,NNG
11279,전,NNG
11280,주달,NNG
11281,봉,NNG
11282,이,JKS
11283,달,NNG
11284,봉,NNG
11285,티비,NNG
11286,전주,NNG
11287,여행,NNG
11288,코스,NNG
11289,전주,NNG
11290,가,JKS
11291,볼,VV+ETM
11292,만,NNB
11293,한,XSA+ETM
11294,곳,NNG
11295,여수,NNG
11296,여행,NNG
11297,여수,NNG
11298,가,JKS
11299,볼,VV+ETM
11300,만,NNB
11301,한,XSA+ETM
11302,곳,NNB
11303,제주,NNP
11304,도,JX
11305,여행,NNG
11306,제주도,NNP
11307,가,JKS
11308,볼,VV+ETM
11309,만,NNB
11310,한,XSA+ETM
11311,곳,NNG
11312,여행,NNG
11313,전문,NNG
11314,인,VCP+ETM
11315,플,NNG
11316,루,JKB
11317,언서,NNG
11318,전,NNG
11319,주달,NNG
11320,봉이,NNG
11321,입니다,VCP+EF
11322,전주,NNG
11323,여행,NNG
11324,코스,NNG
11325,는,JX
11326,한옥,NNG
11327,마을,NNG
11328,에서부터,JKB
11329,시작,NNG
11330,을,JKO
11331,2,SN
11332,박,NNBC
11333,3,SN
11334,일,NNBC
11335,전주,NNG
11336,여행,NNG
11337,부모,NNG
11338,님,XSN
11339,과,JC
11340,전주,NNG
11341,여행,NNG
11342,가,VV
11343,려고,EC
11344,하,VV
11345,는데,EC
11346,정보,NNG
11347,가,JKS
11348,하나,NR
11349,도,JX
11350,없,VA
11351,어서요,EC
11352,숙소,NNG
11353,는,JX
11354,어디,NP
11355,가,JKS
11356,좋,VA
11357,은지,EC
11358,관광지,NNG
11359,는,JX
11360,어디,NP
11361,가,JKS
11362,있,VA
11363,는지,EC
11364,추천,NNG
11365,부탁,NNG
11366,드려요,VV+EC
11367,전주,NNG
11368,여행,NNG
11369,전주,NNG
11370,맛집,NNG
11371,국내,NNG
11372,여행,NNG
11373,전,NNG
11374,주달,NNG
11375,봉,NNG
11376,이,JKS
11377,달,NNG
11378,봉,NNG
11379,티비,NNG
11380,전주,NNG
11381,여행,NNG
11382,코스,NNG
11383,전주,NNG
11384,가,JKS
11385,볼,VV+ETM
11386,만,NNB
11387,한,XSA+ETM
11388,곳,NNG
11389,여수,NNG
11390,여행,NNG
11391,전주,NNG
11392,여행,NNG
11393,코스,NNG
11394,!,SF
11395,!!,SY
11396,이미,MAG
11397,전주,NNG
11398,여행,NNG
11399,을,JKO
11400,마치,VV
11401,고,EC
11402,복귀,NNG
11403,하,XSV
11404,셨,EP+EP
11405,을,ETM
11406,것,NNB
11407,같,VA
11408,네요,EF
11409,저희,NP
11410,도,JX
11411,지난주,NNG
11412,에,JKB
11413,당일,NNG
11414,코스,NNG
11415,로,JKB
11416,전주,NNG
11417,에,JKB
11418,다녀왔,VV+EP
11419,는데요,EF
11420,주말,NNG
11421,이,VCP
11422,라서,EC
11423,그런지,VA+EC
11424,차,NNG
11425,들,XSN
11426,도,JX
11427,많,VA
11428,고,EC
11429,관광지,NNG
11430,에,JKB
11431,는,JX
11432,사람,NNG
11433,들,XSN
11434,도,JX
11435,많,VA
11436,아서,EC
11437,생각,NNG
11438,처럼,JKB
11439,많이,MAG
11440,둘러보,VV
11441,지,EC
11442,못해서,VX+EC
11443,아쉽,VA
11444,더라고요,EC
11445,최소한,NNG
11446,1,SN
11447,박,NNBC
11448,2,SN
11449,일,NNBC
11450,전주,NNG
11451,당일치기,NNG
11452,여행,NNG
11453,을,JKO
11454,가,VV
11455,려고,EC
11456,하,VV
11457,는데,EC
11458,질문,NNG
11459,이,JKS
11460,있,VA
11461,습니다,EF
11462,전주,NNG
11463,여행,NNG
11464,전주,NNG
11465,맛집,NNG
11466,국내,NNG
11467,여행,NNG
11468,전,NNG
11469,주달,NNG
11470,봉,NNG
11471,이,JKS
11472,달,NNG
11473,봉,NNG
11474,티비,NNG
11475,전주,NNG
11476,여행,NNG
11477,코스,NNG
11478,전주,NNG
11479,가,JKS
11480,볼,VV+ETM
11481,만,NNB
11482,한,XSA+ETM
11483,곳,NNG
11484,여수,NNG
11485,여행,NNG
11486,여수,NNG
11487,가,JKS
11488,볼,VV+ETM
11489,만,NNB
11490,한,XSA+ETM
11491,곳,NNB
11492,제주,NNP
11493,도,JX
11494,여행,NNG
11495,제주도,NNP
11496,가,JKS
11497,볼,VV+ETM
11498,만,NNB
11499,한,XSA+ETM
11500,곳,NNG
11501,여행,NNG
11502,전문,NNG
11503,인,VCP+ETM
11504,플,NNG
11505,루,JKB
11506,언서,NNG
11507,전,NNG
11508,주달,NNG
11509,봉이,NNG
11510,입니다,VCP+EF
11511,기지,NNG
11512,제,XSN
11513,산책,NNG
11514,저녁,NNG
11515,에,JKB
11516,도,JX
11517,많이,MAG
11518,들,XSN
11519,하,VV
11520,셔서,EP+EC
11521,전주,NNP
11522,1,SN
11523,박,NNBC
11524,2,SN
11525,일,NNBC
11526,여행,NNG
11527,가,VV
11528,는데,EC
11529,코스,NNG
11530,추천,NNG
11531,부탁,NNG
11532,드려요,VV+EC
11533,~^^,SY
11534,남자,NNG
11535,친구,NNG
11536,와,JC
11537,생일,NNG
11538,여행,NNG
11539,으로,JKB
11540,전주,NNG
11541,여행,NNG
11542,을,JKO
11543,가,VV
11544,는데,EC
11545,전주,NNG
11546,는,JX
11547,처음,NNG
11548,이,VCP
11549,라,EC
11550,좋,VA
11551,은,ETM
11552,코스,NNG
11553,있,VV
11554,으면,EC
11555,추천,NNG
11556,좀,MAG
11557,부탁드립니다,VV+EC
11558,숙소,NNG
11559,는,JX
11560,전주,NNP
11561,한옥마을,NNP
11562,도보,NNP
11563,10,SN
11564,거리,NNG
11565,에,JKB
11566,잡,VV
11567,았,EP
11568,고,EC
11569,자차,NNG
11570,있,VV
11571,어서,EC
11572,이동은,NNP
11573,문제,NNG
11574,없,VA
11575,습니다,EF
11576,맛집,NNG
11577,도,JX
11578,추천,NNG
11579,부탁,NNG
11580,드려요,VV+EC
11581,안녕,NNG
11582,하,XSV
11583,세요,EP+EF
11584,AI,SL
11585,전주,NNP
11586,한옥,NNG
11587,마을,NNG
11588,에,JKB
11589,남자,NNG
11590,혼자,NNG
11591,여행,NNG
11592,을,JKO
11593,갈,VV+ETM
11594,예정,NNG
11595,입니다,VCP+EF
11596,.,SF
11597,욕조,NNG
11598,는,JX
11599,저,NP
11600,도,JX
11601,굉장히,MAG
11602,무리,NNG
11603,한,XSA+ETM
11604,질문,NNG
11605,인,VCP+ETM
11606,것,NNB
11607,같,VA
11608,지만,EC
11609,혹시나,MAG
11610,해서,VV+EC
11611,전주,NNG
11612,여행,NNG
11613,전주,NNG
11614,맛집,NNG
11615,국내,NNG
11616,여행,NNG
11617,전,NNG
11618,주달,NNG
11619,봉,NNG
11620,이,JKS
11621,달,NNG
11622,봉,NNG
11623,티비,NNG
11624,전주,NNG
11625,여행,NNG
11626,코스,NNG
11627,전주,NNG
11628,가,JKS
11629,볼,VV+ETM
11630,만,NNB
11631,한,XSA+ETM
11632,곳,NNG
11633,여수,NNG
11634,여행,NNG
11635,여수,NNG
11636,가,JKS
11637,볼,VV+ETM
11638,만,NNB
11639,한,XSA+ETM
11640,곳,NNB
11641,제주,NNP
11642,도,JX
11643,여행,NNG
11644,제주도,NNP
11645,가,JKS
11646,볼,VV+ETM
11647,만,NNB
11648,한,XSA+ETM
11649,곳,NNG
11650,여행,NNG
11651,전문,NNG
11652,인,VCP+ETM
11653,플,NNG
11654,루,JKB
11655,언서,NNG
11656,전주,NNG
11657,여행,NNG
11658,가,VV
11659,는데,EC
11660,렌트,NNG
11661,를,JKO
11662,하,VV
11663,는,ETM
11664,게,NNB+JKS
11665,좋,VA
11666,을까,EC
11667,전주,NNG
11668,여행,NNG
11669,가,VV
11670,는데,EC
11671,렌트,NNG
11672,를,JKO
11673,하,VV
11674,는,ETM
11675,게,NNB+JKS
11676,좋,VA
11677,을까요,EC
11678,안녕,NNG
11679,하,XSV
11680,세요,EP+EF
11681,천만,NR
11682,반,NNG
11683,려인,NNG
11684,과,JKB
11685,함께,MAG
11686,하,VV
11687,는,ETM
11688,애견,NNG
11689,동반,NNG
11690,여행,NNG
11691,플랫,NNG
11692,폼,NNG
11693,하트,NNG
11694,독,NNG
11695,입니다,VCP+EF
11696,전주,NNG
11697,는,JX
11698,작,VA
11699,은,ETM
11700,도시,NNG
11701,라서,VCP+EC
11702,택시,NNG
11703,로,JKB
11704,이동,NNG
11705,을,JKO
11706,해도,VV+EC
11707,크,VA
11708,게,EC
11709,불편,NNG
11710,함,XSA+ETN
11711,이,JKS
11712,없,VA
11713,습니다,EF
11714,답변,NNG
11715,이,JKS
11716,도움,NNG
11717,이,JKS
11718,되,VV
11719,셨,EP+EP
11720,다면,EC
11721,채택,NNG
11722,도,JX
11723,부탁드립니다,VV+EC
11724,전주,NNG
11725,여행,NNG
11726,코스,NNG
11727,질문,NNG
11728,드려요,VV+EC
11729,이상,NNG
11730,은,JX
11731,제,NP
11732,가,JKS
11733,전주,NNG
11734,여행,NNG
11735,문의,NNG
11736,하,XSV
11737,는,ETM
11738,분,NNB
11739,들,XSN
11740,께,JKB
11741,통상,NNG
11742,안내,NNG
11743,해,XSV+EC
11744,드리,VX
11745,는,ETM
11746,정보,NNG
11747,입니다,VCP+EF
11748,질문,NNG
11749,하,XSV
11750,신,EP+ETM
11751,분,NNB
11752,께,JKB
11753,간단히,MAG
11754,요약,NNG
11755,해,XSV+EC
11756,드리,VX
11757,면,EC
11758,먼저,MAG
11759,위,NNG
11760,사이트,NNG
11761,들어가,VV
11762,셔서,EP+EC
11763,방,NNG
11764,예약,NNG
11765,하,XSV
11766,시,EP
11767,고,EC
11768,오전,NNG
11769,에,JKB
11770,전주,NNG
11771,여행,NNG
11772,및,MAJ
11773,코스,NNG
11774,질문,NNG
11775,내공,NNG
11776,있,VA
11777,어요,EF
11778,~,SY
11779,100,SN
11780,부산,NNP
11781,에서,JKB
11782,전주,NNG
11783,여행,NNG
11784,을,JKO
11785,가,VV
11786,려고,EC
11787,합니다,VX+EF
11788,자차,NNG
11789,여행,NNG
11790,이,JKC
11791,아닌,VCN+ETM
11792,버스,NNG
11793,위주,NNG
11794,로,JKB
11795,가,VV
11796,려고,EC
11797,합니다,VX+EF
11798,그리고,MAJ
11799,전주,NNG
11800,만,JX
11801,가,VV
11802,는,ETM
11803,것,NNB
11804,이,JKC
11805,아니,VCN
11806,라,EC
11807,전주,NNG
11808,갔,VV+EP
11809,다가,EC
11810,전주,NNP
11811,에서,JKB
11812,가깝,VA
11813,거나,EC
11814,버스,NNG
11815,로,JKB
11816,1,SN
11817,2,SN
11818,시간,NNBC
11819,정도,NNG
11820,갈,VV+ETM
11821,수,NNB
11822,있,VV
11823,는,ETM
11824,다른,MM
11825,지역,NNG
11826,도,JX
11827,여행,NNG
11828,가,VV
11829,고,EC
11830,싶,VX
11831,은데,EC
11832,여행,NNG
11833,많이,MAG
11834,다니,VV
11835,시,EP
11836,는,ETM
11837,분,NNB
11838,들,XSN
11839,전주,NNG
11840,여행,NNG
11841,코스,NNG
11842,추천,NNG
11843,좀,MAG
11844,요,JX
11845,전주,NNP
11846,여행,NNG
11847,코스,NNG
11848,추천,NNG
11849,하,XSV
11850,세염,NNG
11851,전주,NNG
11852,동물원,NNP
11853,걍기전,UNKNOWN
11854,전주,NNP
11855,한옥마을,NNP
11856,덕진,NNP
11857,연못,NNG
11858,으로,JKB
11859,가보세요,NNG
11860,전주,NNG
11861,여행,NNG
11862,코스,NNG
11863,좀,MAG
11864,알려,VV+EC
11865,주,VX
11866,세요,EP+EF
11867,안녕,IC
11868,하,VV
11869,세요,EP+EF
11870,전,NP+JX
11871,주로,MAG
11872,당일치기,NNG
11873,여행,NNG
11874,할,XSV+ETM
11875,껀,NNB+JX
11876,데,NNB
11877,코스,NNG
11878,좀,MAG
11879,짜,VV+EC
11880,주,VX
11881,세요,EP+EF
11882,전주,NNP
11883,동물원,NNG
11884,전주,NNP
11885,한옥마을,NNP
11886,전주,NNP
11887,수목원,NNG
11888,팔복,NNG
11889,예술,NNG
11890,공장,NNG
11891,전주,NNG
11892,드림,VV+ETM
11893,랜드,NNG
11894,당일치기,NNG
11895,로,JKB
11896,갈,VV+ETM
11897,껀,NNB+JX
11898,데,NNB
11899,코스,NNG
11900,좀,MAG
11901,알려,VV+EC
11902,주,VX
11903,세요,EP+EF
11904,자가용,NNG
11905,으로,JKB
11906,이동,NNG
11907,하,XSV
11908,신다면,EP+EC
11909,아래,NNG
11910,와,JKB
11911,같,VA
11912,은,ETM
11913,코스,NNG
11914,가,JKS
11915,시간,NNG
11916,을,JKO
11917,아낄,VV+ETM
11918,수,NNB
11919,1,SN
11920,박,NNBC
11921,2,SN
11922,일,NNBC
11923,전주,NNG
11924,여행,NNG
11925,코스,NNG
11926,질문,NNG
11927,하,XSV
11928,신,EP+ETM
11929,전주,NNG
11930,여행,NNG
11931,코스,NNG
11932,관련,NNG
11933,답변,NNG
11934,드리,VV
11935,겠,EP
11936,습니다,EF
11937,가족,NNG
11938,분,NNB
11939,들,XSN
11940,과,JKB
11941,함께,MAG
11942,하,VV
11943,는,ETM
11944,전주,NNG
11945,여행,NNG
11946,을,JKO
11947,계획,NNG
11948,중,NNB
11949,이,VCP
11950,시,EP
11951,군요,EF
11952,전주,NNG
11953,의,JKG
11954,추천,NNG
11955,명소,NNG
11956,와,JC
11957,맛집,NNG
11958,들,XSN
11959,을,JKO
11960,포함,NNG
11961,해서,XSV+EC
11962,여다,VV+EC
11963,에서,JKB
11964,맞춤,NNG
11965,형,XSN
11966,1,SN
11967,박,NNBC
11968,2,SN
11969,일,NNBC
11970,전주,NNG
11971,여행,NNG
11972,코스,NNG
11973,를,JKO
11974,준비,NNG
11975,했,XSV+EP
11976,어요,EF
11977,아래,NNG
11978,첨부,NNG
11979,된,XSV+ETM
11980,일정,NNG
11981,을,JKO
11982,당일치기,NNG
11983,전주,NNG
11984,여행,NNG
11985,코스,NNG
11986,처음,NNG
11987,으로,JKB
11988,전주,NNG
11989,여행,NNG
11990,을,JKO
11991,가,VV
11992,는,ETM
11993,거,NNB
11994,라서,VCP+EC
11995,아,VV
11996,는,ETM
11997,것,NNB
11998,이,JKS
11999,많이,MAG
12000,없,VA
12001,어요,EF
12002,일단,MAG
12003,전주,NNP
12004,한옥,NNG
12005,마을,NNG
12006,에서,JKB
12007,한복,NNG
12008,을,JKO
12009,빌려서,VV+EC
12010,한옥마을,NNP
12011,전동성당,NNP
12012,이랑,JC
12013,경기전,NNG
12014,그리고,MAJ
12015,자만,NNG
12016,벽화,NNG
12017,마을,NNG
12018,까지,JX
12019,가,VV
12020,기,ETN
12021,로,JKB
12022,정했,VV+EP
12023,는데,EC
12024,또,MAG
12025,다른,MM
12026,놀,VV
12027,러,EC
12028,갈,VX+ETM
12029,곳,NNG
12030,을,JKO
12031,찾,VV
12032,진,EC+JX
12033,못했,VX+EP
12034,어요,EF
12035,전주,NNG
12036,에,JKB
12037,한옥마을,NNP
12038,과,JC
12039,초등,NNG
12040,아이,NNG
12041,랑,JKB
12042,전주,NNG
12043,여행,NNG
12044,코스,NNG
12045,",",SC
12046,맛집,NNG
12047,추천,NNG
12048,부탁,NNG
12049,합니다,XSV+EF
12050,아이,NNG
12051,와,JC
12052,전주,NNG
12053,여행,NNG
12054,을,JKO
12055,계획,NNG
12056,하,XSV
12057,고,EC
12058,계시,VX
12059,군요,EF
12060,전,MM
12061,주,NNG
12062,에서,JKB
12063,아이,NNG
12064,와,JKB
12065,함께,MAG
12066,가,VV
12067,볼,EC+VX+ETM
12068,만,NNB
12069,한,XSA+ETM
12070,곳,NNG
12071,몇,MM
12072,군데,NNBC
12073,를,JKO
12074,추천,NNG
12075,드려,VV+EC
12076,보,VX
12077,도록,EC
12078,하,VX
12079,겠,EP
12080,습니다,EF
12081,1,SN
12082,전주,NNP
12083,한옥마을,NNP
12084,이미,MAG
12085,계획,NNG
12086,에,JKB
12087,넣,VV
12088,어,EC
12089,두,VX
12090,신,EP+ETM
12091,장소,NNG
12092,인,VCP+ETM
12093,전주,NNP
12094,한옥마을,NNP
12095,이,VCP
12096,예요,EC
12097,한복,NNG
12098,도,JX
12099,입,VV
12100,고,EC
12101,한옥마을,NNP
12102,을,JKO
12103,거닐,VV
12104,며,EC
12105,사진,NNG
12106,도,JX
12107,(,SSO
12108,급,NNG
12109,합니다,XSV+EF
12110,ㅠㅠ,UNKNOWN
12111,),SSC
12112,전주,NNG
12113,여행,NNG
12114,코스,NNG
12115,전주,NNG
12116,여행,NNG
12117,코스,NNG
12118,추천,NNG
12119,드립니다,VV+EF
12120,안녕,IC
12121,하,VV
12122,세요,EP+EF
12123,여행,NNG
12124,전문,NNG
12125,블로거,NNP
12126,쭈니,NNP
12127,아빠,NNG
12128,입니다,VCP+EF
12129,방학,NNG
12130,을,JKO
12131,맞,VV
12132,아서,EC
12133,친구,NNG
12134,분,NNB
12135,들,XSN
12136,과,JC
12137,전주,NNG
12138,여행,NNG
12139,을,JKO
12140,준비,NNG
12141,하,XSV
12142,고,EC
12143,계시,VX
12144,네요,EF
12145,전,NP+JX
12146,주,VX
12147,는,ETM
12148,한옥마을,NNP
12149,을,JKO
12150,중심,NNG
12151,으로,JKB
12152,가,VV
12153,볼,EC+VX+ETM
12154,만,NNB
12155,한,XSA+ETM
12156,곳,NNG
12157,이,JKS
12158,많,VA
12159,죠,EF
12160,터미널,NNG
12161,에서,JKB
12162,버스,NNG
12163,를,JKO
12164,타,VV
12165,고,EC
12166,한옥,NNG
12167,마을,NNG
12168,에,JKB
12169,전주,NNG
12170,여행,NNG
12171,순서,NNG
12172,좀,MAG
12173,알려,VV+EC
12174,주,VX
12175,세요,EP+EF
12176,~,SY
12177,전주,NNG
12178,여행,NNG
12179,을,JKO
12180,하,VV
12181,려고,EC
12182,하,VV
12183,는데요,EC
12184,덕진,NNP
12185,공원,NNG
12186,전주,NNP
12187,동물원,NNG
12188,한옥,NNG
12189,마을,NNG
12190,남부,NNG
12191,시장,NNG
12192,을,JKO
12193,가,VV
12194,려고,EC
12195,합니다,VX+EF
12196,전주,NNG
12197,시외버스,NNG
12198,공용,NNG
12199,터미널,NNG
12200,에서,JKB
12201,가까운,VA+ETM
12202,순서,NNG
12203,가,JKS
12204,어떻게,MAG
12205,될까요,VV+EF
12206,그리고,MAJ
12207,근처,NNG
12208,에,JKB
12209,가까운,VA+ETM
12210,바닷가,NNG
12211,는,JX
12212,어디,NP
12213,인가요,VCP+EC
12214,또,MAG
12215,이,MM
12216,외,NNB
12217,에,JKB
12218,구경,NNG
12219,할,XSV+ETM
12220,좋,VA
12221,은,ETM
12222,곳,NNG
12223,도,JX
12224,전주,NNG
12225,여행,NNG
12226,비용,NNG
12227,안녕,NNG
12228,하,XSV
12229,세요,EP+EF
12230,전,NP+JX
12231,주로,MAG
12232,여행,NNG
12233,가,VV
12234,려는,ETM
12235,학생,NNG
12236,입니다,VCP+EF
12237,수원,NNP
12238,살,VV
12239,고,EC
12240,있,VX
12241,고요,EC
12242,2,SN
12243,박,NNBC
12244,3,SN
12245,일,NNBC
12246,3,SN
12247,박,NNBC
12248,으로,JKB
12249,3,SN
12250,4,SN
12251,명,NNBC
12252,이,XSN
12253,서,JKS
12254,가려,VV+EC
12255,하,VV
12256,는데,EC
12257,비용,NNG
12258,이,JKS
12259,어느,MM
12260,정도,NNG
12261,나올까요,VV+EF
12262,수원,NNP
12263,에서,JKB
12264,전주,NNP
12265,까지,JX
12266,는,JX
12267,자가용,NNG
12268,으로,JKB
12269,도,JX
12270,2,SN
12271,시간,NNBC
12272,정도,NNG
12273,걸리,VV
12274,는,ETM
12275,코스,NNG
12276,인데요,VCP+EF
12277,대중교통,NNG
12278,으로,JKB
12279,간다,VV+EC
12280,라면,NNG
12281,조금,MAG
12282,더,MAG
12283,전주,NNP
12284,1,SN
12285,박,NNBC
12286,2,SN
12287,일,NNBC
12288,여행,NNG
12289,관련,NNG
12290,질문,NNG
12291,~,SY
12292,전주,NNG
12293,여행,NNG
12294,을,JKO
12295,계획,NNG
12296,하,XSV
12297,고,EC
12298,계시,VX
12299,다니,EC
12300,정말,MAG
12301,좋,VA
12302,은,ETM
12303,선택,NNG
12304,을,JKO
12305,하,VV
12306,셨,EP+EP
12307,네요,EF
12308,전,NP+JX
12309,주,VX
12310,는,ETM
12311,한옥마을,NNP
12312,과,JKB
12313,함께,MAG
12314,멋진,VA+ETM
12315,자연,NNG
12316,경관,NNG
12317,맛있,VA
12318,는,ETM
12319,음식,NNG
12320,이,JKS
12321,가득,MAG
12322,한,XSA+ETM
12323,동네,NNG
12324,이,VCP
12325,니,EC
12326,정말,MAG
12327,즐거운,VA+ETM
12328,시간,NNG
12329,을,JKO
12330,보낼,VV+ETM
12331,수,NNB
12332,있,VV
12333,을,ETM
12334,거,NNB
12335,예요,VCP+EF
12336,우선,MAG
12337,한옥,NNG
12338,마을,NNG
12339,근처,NNG
12340,에서,JKB
12341,가,VV
12342,볼,EC+VX+ETM
12343,수,NNB
12344,있,VV
12345,는,ETM
12346,장소,NNG
12347,로,JKB
12348,는,JX
12349,중,NNG
12350,2,SN
12351,여학생,NNG
12352,친구,NNG
12353,와,JC
12354,전주,NNG
12355,여행,NNG
12356,안녕,NNG
12357,하,XSV
12358,세요,EP+EF
12359,중,NNB
12360,2,SN
12361,15,SN
12362,살,NNBC
12363,여학생,NNG
12364,입니다,VCP+EF
12365,친한,VA+ETM
12366,친구,NNG
12367,와,JC
12368,둘,NR
12369,이,XSN
12370,서,JKS
12371,전주,NNG
12372,여행,NNG
12373,을,JKO
12374,가,VV
12375,기,ETN
12376,로,JKB
12377,했,VV+EP
12378,는데,EC
12379,어디,NP
12380,로,JKB
12381,가,VV
12382,야,EC
12383,할지,VX+EC
12384,를,JKO
12385,몰라서,VV+EC
12386,너무,MAG
12387,막막,XR
12388,합니다,XSA+EF
12389,저희,NP
12390,둘,NR
12391,다,MAG
12392,일본,NNP
12393,애니,NNP
12394,를,JKO
12395,너무,MAG
12396,좋,VA
12397,아,EC
12398,하,VV
12399,는데,EC
12400,전주,NNG
12401,에,JKB
12402,오타쿠,NNP
12403,들,XSN
12404,이,JKS
12405,갈만,NNG
12406,할,XSV+ETM
12407,곳,NNB
12408,있,VV
12409,을까요,EC
12410,제발,MAG
12411,알려,VV+EC
12412,주,VX
12413,세요,EP+EF
12414,부모,NNG
12415,닝,NNP
12416,모시,VV
12417,고,EC
12418,전주,NNG
12419,여행,NNG
12420,부모,NNG
12421,님,XSN
12422,모시,VV
12423,고,EC
12424,전주,NNG
12425,여행,NNG
12426,가,VV
12427,려는데,EC
12428,명소,NNG
12429,식당,NNG
12430,추천,NNG
12431,부탁,NNG
12432,드립니다,VV+EC
12433,전주,NNG
12434,는,JX
12435,한옥마을,NNP
12436,로,JKB
12437,유명,XR
12438,한,XSA+ETM
12439,완산구,NNP
12440,가,JKS
12441,있,VA
12442,으며,EC
12443,덕진구,NNP
12444,또한,MAJ
12445,멋진,VA+ETM
12446,추억,NNG
12447,을,JKO
12448,가진,VV+ETM
12449,장소,NNG
12450,가,JKS
12451,많이,MAG
12452,2,SN
12453,박,NNBC
12454,3,SN
12455,일,NNBC
12456,전주,NNG
12457,여행,NNG
12458,이번,NNG
12459,주,NNG
12460,토,NNG
12461,월,NNG
12462,2,SN
12463,박,NNBC
12464,3,SN
12465,일,NNBC
12466,여자,NNG
12467,친구,NNG
12468,와,JC
12469,전주,NNG
12470,여행,NNG
12471,을,JKO
12472,가,VV
12473,는데,EC
12474,여행,NNG
12475,경로,NNG
12476,좀,MAG
12477,알려,VV+EC
12478,주,VX
12479,세요,EP+EF
12480,토요일,NNG
12481,엔,JKB+JX
12482,비,NNG
12483,가,JKS
12484,온다고,VV+EC
12485,하,VV
12486,는데,EC
12487,실내,NNG
12488,데이트,NNG
12489,가능,NNG
12490,한,XSA+ETM
12491,곳,NNG
12492,도,JX
12493,알려,VV+EC
12494,주,VX
12495,시,EP
12496,면,EC
12497,감사,NNG
12498,하,XSV
12499,겠,EP
12500,습니다,EF
12501,숙소,NNG
12502,는,JX
12503,전주,NNP
12504,한옥,NNG
12505,마을,NNG
12506,근처,NNG
12507,에,JKB
12508,잡,VV
12509,았,EP
12510,습니다,EF
12511,토,NNP
12512,한옥마을,NNP
12513,구경,NNG
12514,후,NNG
12515,전주,NNP
12516,1,SN
12517,박,NNBC
12518,2,SN
12519,일,NNBC
12520,여행,NNG
12521,저녁,NNG
12522,엔,JKB+JX
12523,전,MM
12524,주천,NNG
12525,산책,NNG
12526,길,NNG
12527,따라,VV+EC
12528,걷,VV
12529,거나,EC
12530,한옥,NNG
12531,마을,NNG
12532,근처,NNG
12533,에서,JKB
12534,야경,NNG
12535,즐기,VV
12536,시,EP
12537,는,ETM
12538,것,NNB
12539,도,JX
12540,너무,MAG
12541,좋,VA
12542,답니다,EF
12543,혹시,MAG
12544,일정,NNG
12545,이나,JC
12546,관심,NNG
12547,있,VA
12548,는,ETM
12549,테마,NNG
12550,사진,NNG
12551,카페,NNG
12552,체험,NNG
12553,등,NNB
12554,더,MAG
12555,알려,VV+EC
12556,주,VX
12557,시,EP
12558,면,EC
12559,맞춤,VV+EC
12560,추천,NNG
12561,도,JX
12562,해,VV+EC
12563,드릴,VX+ETM
12564,수,NNB
12565,있,VV
12566,어요,EF
12567,즐거운,VA+ETM
12568,전주,NNG
12569,여행,NNG
12570,되,XSV
12571,시,EP
12572,길,ETN+JKO
12573,바랄,VV+ETM
12574,게요,NNB+VCP+EC
12575,전주,NNG
12576,여행,NNG
12577,코스,NNG
12578,추천,NNG
12579,이,VCP
12580,요,EC
12581,~!,SY
12582,영화제,NNG
12583,기간,NNG
12584,일정,NNG
12585,으로,JKB
12586,2,SN
12587,박,NNBC
12588,3,SN
12589,일,NNBC
12590,전주,NNG
12591,여행,NNG
12592,좀,MAG
12593,가,VV
12594,볼까,EC+VX+EC
12595,해서,VV+EC
12596,요,MM
12597,여행,NNG
12598,코스,NNG
12599,추천,NNG
12600,좀,MAG
12601,해,VV+EC
12602,주,VX
12603,세요,EP+EF
12604,어차피,MAG
12605,주목적,NNG
12606,은,JX
12607,전주국,NNG
12608,제,XSN
12609,영화제,NNG
12610,니까,VCP+EC
12611,많,VA
12612,은,ETM
12613,곳,NNG
12614,을,JKO
12615,둘러보,VV
12616,지,EC
12617,는,JX
12618,못,MAG
12619,할,VV+ETM
12620,거,NNB
12621,에요,VCP+EF
12622,그냥,MAG
12623,전주,NNG
12624,하,XSV
12625,면,EC
12626,꼭,MAG
12627,가,VV
12628,볼,EC+VX+ETM
12629,만,NNB
12630,한,XSA+ETM
12631,곳,NNG
12632,알짜배기,NNG
12633,만,JX
12634,추천,NNG
12635,해,XSV+EC
12636,주,VX
12637,세,VA
12638,욜,EC
12639,전주,NNG
12640,전주,NNG
12641,여행,NNG
12642,전,NNG
12643,주로,MAG
12644,커플,NNG
12645,여행,NNG
12646,가,VV
12647,려고,EC
12648,하,VV
12649,는데,EC
12650,추천,NNG
12651,좀,MAG
12652,해,VV+EC
12653,주,VX
12654,세요,EP+EF
12655,숙소,NNG
12656,는,JX
12657,잡,VV
12658,았,EP
12659,고,EC
12660,놀,VX+ETM
12661,거리,NNG
12662,랑,JKB
12663,맛집,NNG
12664,등등,NNB
12665,추천,NNG
12666,해,XSV+EC
12667,주,VX
12668,시,EP
12669,면,EC
12670,감사,NNG
12671,하,XSV
12672,겠,EP
12673,습니다,EF
12674,한옥마을,NNP
12675,은,JX
12676,갈,VV+ETM
12677,겁니다,NNB+VCP+EF
12678,답변,NNG
12679,이,JKS
12680,도움,NNG
12681,되,XSV
12682,셨,EP+EP
12683,으면,EC
12684,좋,VA
12685,겠,EP
12686,습니다,EF
12687,한옥마을,NNP
12688,전주,NNP
12689,한옥마을,NNP
12690,전주,NNP
12691,맛집,NNG
12692,전주,NNG
12693,놀,VV
12694,거리,EC
12695,전주,NNG
12696,여행,NNG
12697,추천,NNG
12698,추석,NNG
12699,전주,NNG
12700,여행,NNG
12701,16,SN
12702,18,SN
12703,일,NNBC
12704,전,NNG
12705,주로,MAG
12706,여행,NNG
12707,가,VV
12708,려고,EC
12709,하,VV
12710,는데,EC
12711,그때,NNG
12712,한옥마을,NNP
12713,같,VA
12714,은,ETM
12715,관광지,NNG
12716,들,XSN
12717,은,JX
12718,문,NNG
12719,닫,VV
12720,을까요,EC
12721,추석,NNG
12722,당일,NNG
12723,은,JX
12724,문,NNG
12725,을,JKO
12726,닫,VV
12727,습니다,EF
12728,전주,NNG
12729,에,JKB
12730,도,JX
12731,이벤트,NNG
12732,가,JKS
12733,진행,NNG
12734,중,NNB
12735,입니다,VCP+EC
12736,8,SN
12737,27,SN
12738,화,NNG
12739,10,SN
12740,13,SN
12741,일,NNBC
12742,한국,NNP
12743,관광공사,NNP
12744,에서,JKB
12745,숙박,NNG
12746,세일,NNG
12747,페스타,NNP
12748,이벤트,NNG
12749,가,JKS
12750,진행,NNG
12751,중,NNB
12752,입니다,VCP+EC
12753,3,SN
12754,만,NR
12755,원,NNBC
12756,전주,NNG
12757,여행,NNG
12758,전,NNG
12759,연령,NNG
12760,렌트카,NNG
12761,추천,NNG
12762,이번,NNG
12763,에,JKB
12764,전주,NNG
12765,여행,NNG
12766,2,SN
12767,박,NNBC
12768,3,SN
12769,일,NNBC
12770,로,JKB
12771,가,VV
12772,는,ETM
12773,저,NP
12774,는,JX
12775,21,SN
12776,살,NNBC
12777,만,NNB
12778,으로,JKB
12779,만,MM
12780,19,SN
12781,세,NNBC
12782,입니다,VCP+EF
12783,전주,NNG
12784,전,NNG
12785,연령,NNG
12786,자동차,NNG
12787,추천,NNG
12788,좀,MAG
12789,부탁,NNG
12790,드리,VV
12791,겠,EP
12792,습니다,EF
12793,그리고,MAJ
12794,가격,NNG
12795,도,JX
12796,2,SN
12797,일,NNBC
12798,렌트,NNG
12799,하,XSV
12800,면,EC
12801,총,MM
12802,어느,MM
12803,정도,NNG
12804,나올까요,VV+EF
12805,전,MM
12806,주,NNG
12807,에서,JKB
12808,21,SN
12809,세,NNBC
12810,이상,NNG
12811,렌트,NNG
12812,가능,NNG
12813,한,XSA+ETM
12814,자동차,NNG
12815,를,JKO
12816,찾아보,VV
12817,세요,EP+EF
12818,가격,NNG
12819,은,JX
12820,전주,NNP
12821,-,SY
12822,포항,NNP
12823,여행,NNG
12824,전주,NNG
12825,에서,JKB
12826,포항,NNP
12827,까지,JX
12828,여행,NNG
12829,기차,NNG
12830,가,JKS
12831,나,VV
12832,을까요,EC
12833,버스,NNG
12834,가,JKS
12835,나,VV
12836,을까요,EC
12837,안녕,NNG
12838,하,XSV
12839,세요,EP+EF
12840,전,MM
12841,주,NNG
12842,에서,JKB
12843,포항,NNP
12844,까지,JX
12845,여행,NNG
12846,을,JKO
12847,할,VV+ETM
12848,때,NNG
12849,기차,NNG
12850,와,JC
12851,버스,NNG
12852,각각,MAG
12853,장단점,NNG
12854,이,JKS
12855,있,VV
12856,으므로,EC
12857,어떤,MM
12858,방법,NNG
12859,이,JKS
12860,더,MAG
12861,나,VV
12862,은지,EC
12863,결정,NNG
12864,하,XSV
12865,는,ETM
12866,데,NNB
12867,있,VV
12868,어,EC
12869,몇,MM
12870,가지,NNBC
12871,요소,NNG
12872,를,JKO
12873,고려,NNG
12874,할,XSV+ETM
12875,필요,NNG
12876,가,JKS
12877,있,VA
12878,습니다,EF
12879,1,SN
12880,전주,NNP
12881,펜션,NNG
12882,한옥,NNG
12883,으로,JKB
12884,된,VV+ETM
12885,곳,NNG
12886,이,VCP
12887,요,EF
12888,!,SF
12889,이번,NNG
12890,에,JKB
12891,남자,NNG
12892,친구,NNG
12893,랑,JKB
12894,같이,MAG
12895,2,SN
12896,박,NNBC
12897,3,SN
12898,일,NNBC
12899,전주,NNG
12900,여행,NNG
12901,가,VV
12902,기,ETN
12903,로,JKB
12904,해서,VV+EC
12905,얼른,MAG
12906,전주,NNP
12907,펜션,NNG
12908,알,VV
12909,아,EC
12910,봐야,VX+EC
12911,하,VV
12912,는데,EC
12913,한옥,NNG
12914,마을,NNG
12915,근처,NNG
12916,나,JC
12917,한옥,NNG
12918,느낌,MAG
12919,나,NP
12920,는,JX
12921,전주,NNP
12922,펜션,NNG
12923,쪽,NNB
12924,으로,JKB
12925,갈,VV+ETM
12926,만,NNB
12927,한,XSA+ETM
12928,데,NNB
12929,없,VA
12930,을까요,EC
12931,내부,NNG
12932,는,JX
12933,정감,NNG
12934,있,VV
12935,는,ETM
12936,분위기,NNG
12937,면,VCP+EC
12938,다,MAG
12939,좋,VA
12940,을,ETM
12941,것,NNB
12942,같,VA
12943,아요,EF
12944,빠른,VA+ETM
12945,답변,NNG
12946,꼭,MAG
12947,부탁,NNG
12948,드,VV
12949,랴,EC
12950,용,NNG
12951,전주,NNG
12952,여행,NNG
12953,주세요,NNP
12954,전주,NNG
12955,는,JX
12956,한옥마을,NNP
12957,로,JKB
12958,유명,XR
12959,한,XSA+ETM
12960,완산구,NNP
12961,가,JKS
12962,있,VA
12963,으며,EC
12964,덕진구,NNP
12965,또한,MAJ
12966,멋진,VA+ETM
12967,추억,NNG
12968,을,JKO
12969,가진,VV+ETM
12970,장소,NNG
12971,가,JKS
12972,많이,MAG
12973,있,VA
12974,습니다,EF
12975,완산구,NNP
12976,덕진구,NNP
12977,에,JKB
12978,대해서,VV+EC
12979,여행지,NNG
12980,를,JKO
12981,전주,NNG
12982,뚜벅,MAG
12983,이,MM
12984,여행,NNG
12985,5,SN
12986,월,NNBC
12987,달,NNG
12988,에,JKB
12989,엄마,NNG
12990,랑,JC
12991,전,NP+JX
12992,주로,MAG
12993,뚜벅,MAG
12994,이,MM
12995,여행,NNG
12996,계획,NNG
12997,중,NNB
12998,인데,VCP+EC
12999,답변,NNG
13000,부탁,NNG
13001,드려요,VV+EC
13002,1,SN
13003,기차,NNG
13004,랑,JKB
13005,고속버스,NNG
13006,중,NNB
13007,에,JKB
13008,어떤,MM
13009,걸,NNB+JKO
13010,타,VV
13011,는,ETM
13012,게,NNB+JKS
13013,좋,VA
13014,을까요,EC
13015,2,SN
13016,전주,NNG
13017,에,JKB
13018,도착,NNG
13019,해서,XSV+EC
13020,관광,NNG
13021,할,XSV+ETM
13022,때,NNG
13023,이용,NNG
13024,할,XSV+ETM
13025,수,NNB
13026,있,VV
13027,는,ETM
13028,교통수단,NNG
13029,은,JX
13030,어떤,MM
13031,게,NNB+JKS
13032,있,VA
13033,을까요,EC
13034,3,SN
13035,숙소,NNG
13036,추천,NNG
13037,도,JX
13038,부탁드려요,VV+EF
13039,서울,NNP
13040,전주,NNG
13041,당일치기,NNG
13042,여행,NNG
13043,요,JX
13044,어렵,VA
13045,네요,EF
13046,전주,NNG
13047,당일치기,NNG
13048,여행,NNG
13049,을,JKO
13050,계획,NNG
13051,중,NNB
13052,이,VCP
13053,시,EP
13054,군요,EF
13055,전,MM
13056,주역,NNP
13057,에서,JKB
13058,한옥마을,NNP
13059,까지,JX
13060,가,VV
13061,는,ETM
13062,방법,NNG
13063,과,JC
13064,당일치기,NNG
13065,코스,NNG
13066,를,JKO
13067,알려,VV+EC
13068,드릴게요,VX+EF
13069,전,MM
13070,주역,NNP
13071,에서,JKB
13072,한옥마을,NNP
13073,까지,JX
13074,가,VV
13075,는,ETM
13076,방법,NNG
13077,으로,JKB
13078,는,JX
13079,택시,NNG
13080,와,JC
13081,버스,NNG
13082,가,JKS
13083,있,VA
13084,어요,EF
13085,전,MM
13086,주역,NNP
13087,에서,JKB
13088,한옥마을,NNP
13089,까지,JX
13090,택시,NNG
13091,를,JKO
13092,전주,NNG
13093,여행,NNG
13094,2,SN
13095,박,NNBC
13096,3,SN
13097,일,NNBC
13098,경비,NNG
13099,보통,NNG
13100,전주,NNG
13101,여행,NNG
13102,2,SN
13103,박,NNBC
13104,3,SN
13105,일,NNBC
13106,경비,NNG
13107,가,JKS
13108,얼마,NNG
13109,정도,NNG
13110,드나,VV
13111,요,EC
13112,숙소,NNG
13113,는,JX
13114,1,SN
13115,박,NNBC
13116,에,JKB
13117,13,SN
13118,만,NR
13119,원,NNBC
13120,인데,VCP+EC
13121,를,JKO
13122,가,VV
13123,려고,EC
13124,하,VV
13125,는,ETM
13126,데,NNB
13127,비싼,VA+ETM
13128,건가요,NNB+VCP+EC
13129,질문,NNG
13130,에,JKB
13131,도움,NNG
13132,이,JKS
13133,되,VV
13134,는,ETM
13135,답변,NNG
13136,이,JKS
13137,되,VV
13138,셨,EP+EP
13139,길,ETN+JKO
13140,바래,VV
13141,요,EC
13142,2,SN
13143,박,NNBC
13144,3,SN
13145,일,NNBC
13146,전주,NNG
13147,여행,NNG
13148,예산,NNG
13149,30,SN
13150,만,NR
13151,원,NNBC
13152,내외,NNG
13153,숙소,NNG
13154,13,SN
13155,만,NR
13156,원,NNBC
13157,은,JX
13158,적당,XR
13159,합니다,XSA+EC
13160,1,SN
13161,박,NNBC
13162,2,SN
13163,일,NNBC
13164,전주,NNP
13165,커플,NNG
13166,여행,NNG
13167,전주,NNG
13168,여행,NNG
13169,에,JKB
13170,대해,VV+EC
13171,도움,NNG
13172,을,JKO
13173,드릴게요,VV+EC
13174,1,SN
13175,남자,NNG
13176,친구,NNG
13177,의,JKG
13178,차,NNG
13179,를,JKO
13180,이용,NNG
13181,할지,XSV+EC
13182,KTX,SL
13183,를,JKO
13184,이용,NNG
13185,할지,XSV+EC
13186,에,JKB
13187,대해서,VV+EC
13188,는,JX
13189,여러,MM
13190,가지,NNBC
13191,요소,NNG
13192,를,JKO
13193,고려,NNG
13194,해,XSV+EC
13195,보,VX
13196,셔야,EP+EC
13197,합니다,VX+EF
13198,만약,MAG
13199,교통,NNG
13200,체증,NNG
13201,이,JKS
13202,예상,NNG
13203,되,XSV
13204,는,ETM
13205,날짜,NNG
13206,라면,VCP+EC
13207,KTX,SL
13208,를,JKO
13209,이용,NNG
13210,하,XSV
13211,는,ETM
13212,것,NNB
13213,이,JKS
13214,편할,VA+ETM
13215,수,NNB
13216,있,VV
13217,습니다,EF
13218,또한,MAJ
13219,남자,NNG
13220,친구,NNG
13221,의,NNG
13222,남,NNG
13223,해,XSV+EC
13224,",",SC
13225,전주,NNG
13226,여행,NNG
13227,남,NNG
13228,해,XSV+EC
13229,전주,NNG
13230,여행,NNG
13231,가,VV
13232,려는데,EC
13233,여행지,NNG
13234,와,JC
13235,맛집,NNG
13236,추천,NNG
13237,좀,MAG
13238,해,VV+EC
13239,주,VX
13240,세요,EP+EF
13241,보리암,NNP
13242,다랭이,NNG
13243,굴,NNG
13244,독일,NNP
13245,마을,NNG
13246,전주,NNP
13247,한옥마을,NNP
13248,빼,VV
13249,고,EC
13250,두세,MM
13251,개,NNBC
13252,씩,XSN
13253,5,SN
13254,명,NNBC
13255,이,XSN
13256,서,JKS
13257,갈,VV+ETM
13258,곳,NNG
13259,맛집,NNG
13260,빨리,MAG
13261,추천,NNG
13262,해,XSV+EC
13263,주,VX
13264,세요,EP+EF
13265,앞,NNG
13266,에,JKB
13267,말,NNG
13268,했,XSV+EP
13269,던,ETM
13270,곳,NNG
13271,은,JX
13272,갈,VV+ETM
13273,꺼,NNB+VCP
13274,라서,EC
13275,추천,NNG
13276,안,MAG
13277,해,VV+EC
13278,주,VX
13279,셔도,EP+EC
13280,됩니다,VV+EF
13281,전주,NNG
13282,여행,NNG
13283,전주,NNG
13284,맛집,NNG
13285,전주,NNG
13286,여행,NNG
13287,갈,VV+ETM
13288,곳,NNG
13289,추천,NNG
13290,전주,NNG
13291,여행,NNG
13292,전주,NNG
13293,맛집,NNG
13294,국내,NNG
13295,여행,NNG
13296,전,NNG
13297,주달,NNG
13298,봉,NNG
13299,이,JKS
13300,달,NNG
13301,봉,NNG
13302,티비,NNG
13303,전주,NNG
13304,여행,NNG
13305,코스,NNG
13306,전주,NNG
13307,가,JKS
13308,볼,VV+ETM
13309,만,NNB
13310,한,XSA+ETM
13311,곳,NNG
13312,여수,NNG
13313,여행,NNG
13314,여수,NNG
13315,가,JKS
13316,볼,VV+ETM
13317,만,NNB
13318,한,XSA+ETM
13319,곳,NNB
13320,제주,NNP
13321,도,JX
13322,여행,NNG
13323,제주도,NNP
13324,가,JKS
13325,볼,VV+ETM
13326,만,NNB
13327,한,XSA+ETM
13328,곳,NNG
13329,여행,NNG
13330,전문,NNG
13331,인,VCP+ETM
13332,플,NNG
13333,루,JKB
13334,언서,NNG
13335,전,NNG
13336,주달,NNG
13337,봉이,NNG
13338,입니다,VCP+EF
13339,전주,NNG
13340,여행,NNG
13341,코스,NNG
13342,는,JX
13343,한옥,NNG
13344,마을,NNG
13345,에서부터,JKB
13346,전주,NNG
13347,여행,NNG
13348,1,SN
13349,박,NNBC
13350,2,SN
13351,일,NNBC
13352,코스,NNG
13353,질문,NNG
13354,요,JX
13355,.,SF
13356,코스,NNG
13357,한,MM
13358,번,NNBC
13359,짜,VV+EC
13360,주,VX
13361,실,EP+ETM
13362,분,NNB
13363,전라도,NNP
13364,쪽,NNB
13365,은,JX
13366,저,NP
13367,도,JX
13368,여행,NNG
13369,을,JKO
13370,간,VV+ETM
13371,적,NNB
13372,이,JKS
13373,없,VA
13374,어서,EC
13375,전주,NNG
13376,여행,NNG
13377,전주,NNG
13378,맛집,NNG
13379,국내,NNG
13380,여행,NNG
13381,전,NNG
13382,주달,NNG
13383,봉,NNG
13384,이,JKS
13385,달,NNG
13386,봉,NNG
13387,티비,NNG
13388,전주,NNG
13389,여행,NNG
13390,코스,NNG
13391,전주,NNG
13392,가,JKS
13393,볼,VV+ETM
13394,만,NNB
13395,한,XSA+ETM
13396,곳,NNG
13397,여수,NNG
13398,여행,NNG
13399,여수,NNG
13400,가,JKS
13401,볼,VV+ETM
13402,만,NNB
13403,한,XSA+ETM
13404,곳,NNB
13405,제주,NNP
13406,도,JX
13407,여행,NNG
13408,제주도,NNP
13409,가,JKS
13410,볼,VV+ETM
13411,만,NNB
13412,한,XSA+ETM
13413,곳,NNG
13414,여행,NNG
13415,전문,NNG
13416,인,VCP+ETM
13417,플,NNG
13418,루,JKB
13419,언서,NNG
13420,전주,NNG
13421,여행,NNG
13422,3,SN
13423,일,NNBC
13424,전주,NNG
13425,여행,NNG
13426,3,SN
13427,일,NNBC
13428,간다면,VV+EC
13429,여행,NNG
13430,총,MM
13431,비용,NNG
13432,이,JKS
13433,얼마,NNG
13434,나올까요,VV+EF
13435,전주,NNG
13436,여행,NNG
13437,의,JKG
13438,총,MM
13439,비용,NNG
13440,은,JX
13441,여러,MM
13442,요소,NNG
13443,에,JKB
13444,따라,VV+EC
13445,달라지,VV
13446,지만,EC
13447,일반,NNG
13448,적,XSN
13449,으로,JKB
13450,다음,NNG
13451,과,JKB
13452,같,VA
13453,은,ETM
13454,항목,NNG
13455,들,XSN
13456,이,JKS
13457,포함,NNG
13458,됩니다,XSV+EC
13459,1,SN
13460,교통비,NNG
13461,전주,NNG
13462,까지,JX
13463,이동,NNG
13464,하,XSV
13465,기,ETN
13466,위한,VV+ETM
13467,교통,NNG
13468,비용,NNG
13469,이,JKS
13470,있,VV
13471,을,ETM
13472,것,NNB
13473,입니다,VCP+EF
13474,이,NP
13475,는,JX
13476,여행,NNG
13477,하,XSV
13478,는,ETM
13479,전주,NNG
13480,여행,NNG
13481,코스,NNG
13482,전주,NNG
13483,여행,NNG
13484,전주,NNG
13485,맛집,NNG
13486,국내,NNG
13487,여행,NNG
13488,전,NNG
13489,주달,NNG
13490,봉,NNG
13491,이,JKS
13492,달,NNG
13493,봉,NNG
13494,티비,NNG
13495,전주,NNG
13496,여행,NNG
13497,코스,NNG
13498,전주,NNG
13499,가,JKS
13500,볼,VV+ETM
13501,만,NNB
13502,한,XSA+ETM
13503,곳,NNG
13504,여수,NNG
13505,여행,NNG
13506,여수,NNG
13507,가,JKS
13508,볼,VV+ETM
13509,만,NNB
13510,한,XSA+ETM
13511,곳,NNB
13512,제주,NNP
13513,도,JX
13514,여행,NNG
13515,제주도,NNP
13516,가,JKS
13517,볼,VV+ETM
13518,만,NNB
13519,한,XSA+ETM
13520,곳,NNG
13521,여행,NNG
13522,전문,NNG
13523,인,VCP+ETM
13524,플,NNG
13525,루,JKB
13526,언서,NNG
13527,전,NNG
13528,주달,NNG
13529,봉이,NNG
13530,입니다,VCP+EF
13531,전주,NNG
13532,여행,NNG
13533,코스,NNG
13534,는,JX
13535,한옥,NNG
13536,마을,NNG
13537,에서부터,JKB
13538,시작,NNG
13539,을,JKO
13540,전주,NNG
13541,당일치기,NNG
13542,혼자,NNG
13543,여행,NNG
13544,코스,NNG
13545,추천,NNG
13546,박물관,NNG
13547,미술관,NNG
13548,지역,NNG
13549,공간,NNG
13550,을,JKO
13551,스토리,NNG
13552,로,JKB
13553,엮,VV
13554,어,EC
13555,안내,NNG
13556,하,XSV
13557,는,ETM
13558,해설,NNG
13559,형,XSN
13560,문화,NNG
13561,코스,NNG
13562,노,VV
13563,쇼,EC
13564,방지,NNG
13565,를,JKO
13566,위해,VV+EC
13567,5,SN
13568,천,NR
13569,원,NNBC
13570,예약금,NNG
13571,만,JX
13572,결제,NNG
13573,하,XSV
13574,고,EC
13575,현장,NNG
13576,에서,JKB
13577,5,SN
13578,천,NR
13579,천,NR
13580,원,NNBC
13581,상당,NNG
13582,음료,NNG
13583,기프,NNP
13584,티,NNG
13585,콘,NNG
13586,으로,JKB
13587,환급,NNG
13588,선착순,NNG
13589,마감,NNG
13590,이,VCP
13591,라,EC
13592,전주,NNG
13593,여행,NNG
13594,계획,NNG
13595,있,VV
13596,으신,EP+ETM
13597,분,NNB
13598,들,XSN
13599,은,JX
13600,전주,NNG
13601,여행,NNG
13602,차,NNG
13603,가,JKS
13604,필요,NNG
13605,한,XSA+ETM
13606,가요,NNG
13607,안녕,NNG
13608,하,XSV
13609,세요,EP+EF
13610,1,SN
13611,박,NNBC
13612,2,SN
13613,일,NNBC
13614,전주,NNG
13615,여행,NNG
13616,계획,NNG
13617,중,NNB
13618,입니다,VCP+EF
13619,서울,NNP
13620,에서,JKB
13621,전주,NNP
13622,까지,JX
13623,는,JX
13624,기차,NNG
13625,를,JKO
13626,타,VV
13627,고,EC
13628,갈,VX+ETM
13629,건데,NNB+VCP+EC
13630,전주,NNG
13631,내,NNB
13632,에서,JKB
13633,렌트,NNG
13634,를,JKO
13635,해야,VV+EC
13636,할지,VX+EC
13637,궁금,XR
13638,합니다,XSA+EF
13639,참고,NNG
13640,로,JKB
13641,전주,NNP
13642,한옥마을,NNP
13643,포함,NNG
13644,해서,XSV+EC
13645,유명,NNG
13646,관광지,NNG
13647,만,JX
13648,돌아볼,VV+ETM
13649,계획,NNG
13650,입니다,VCP+EF
13651,전주,NNG
13652,여행,NNG
13653,전주,NNG
13654,맛집,NNG
13655,국내,NNG
13656,여행,NNG
13657,전주,NNG
13658,여행,NNG
13659,.,SF
13660,.,SY
13661,전주,NNG
13662,여행,NNG
13663,전주,NNG
13664,맛집,NNG
13665,국내,NNG
13666,여행,NNG
13667,전,NNG
13668,주달,NNG
13669,봉,NNG
13670,이,JKS
13671,달,NNG
13672,봉,NNG
13673,티비,NNG
13674,전주,NNG
13675,여행,NNG
13676,코스,NNG
13677,전주,NNG
13678,가,JKS
13679,볼,VV+ETM
13680,만,NNB
13681,한,XSA+ETM
13682,곳,NNG
13683,여수,NNG
13684,여행,NNG
13685,여수,NNG
13686,가,JKS
13687,볼,VV+ETM
13688,만,NNB
13689,한,XSA+ETM
13690,곳,NNB
13691,제주,NNP
13692,도,JX
13693,여행,NNG
13694,제주도,NNP
13695,가,JKS
13696,볼,VV+ETM
13697,만,NNB
13698,한,XSA+ETM
13699,곳,NNG
13700,여행,NNG
13701,전문,NNG
13702,인,VCP+ETM
13703,플,NNG
13704,루,JKB
13705,언서,NNG
13706,전,NNG
13707,주달,NNG
13708,봉이,NNG
13709,입니다,VCP+EF
13710,전,NP+JX
13711,주,VX
13712,는,ETM
13713,대중교통,NNG
13714,이나,JC
13715,택시,NNG
13716,이용,NNG
13717,하,XSV
13718,시,EP
13719,는,ETM
13720,걸,NNB+JKO
13721,전주,NNG
13722,완주,NNG
13723,여행,NNG
13724,전주,NNG
13725,여행,NNG
13726,전주,NNG
13727,맛집,NNG
13728,국내,NNG
13729,여행,NNG
13730,전,NNG
13731,주달,NNG
13732,봉,NNG
13733,이,JKS
13734,달,NNG
13735,봉,NNG
13736,티비,NNG
13737,전주,NNG
13738,여행,NNG
13739,코스,NNG
13740,전주,NNG
13741,가,JKS
13742,볼,VV+ETM
13743,만,NNB
13744,한,XSA+ETM
13745,곳,NNG
13746,여수,NNG
13747,여행,NNG
13748,여수,NNG
13749,가,JKS
13750,볼,VV+ETM
13751,만,NNB
13752,한,XSA+ETM
13753,곳,NNB
13754,제주,NNP
13755,도,JX
13756,여행,NNG
13757,제주도,NNP
13758,가,JKS
13759,볼,VV+ETM
13760,만,NNB
13761,한,XSA+ETM
13762,곳,NNG
13763,여행,NNG
13764,전문,NNG
13765,인,VCP+ETM
13766,플,NNG
13767,루,JKB
13768,언서,NNG
13769,전,NNG
13770,주달,NNG
13771,봉이,NNG
13772,입니다,VCP+EF
13773,완주,NNP
13774,어느,MM
13775,쪽,NNB
13776,을,JKO
13777,여행,NNG
13778,하,XSV
13779,느냐,EC
13780,에,JKB
13781,따라,VV+EC
13782,전주,NNP
13783,3,SN
13784,박,NNBC
13785,4,SN
13786,일,NNBC
13787,여행,NNG
13788,부탁,NNG
13789,드립니다,VV+EC
13790,전주,NNG
13791,여행,NNG
13792,전주,NNG
13793,맛집,NNG
13794,국내,NNG
13795,여행,NNG
13796,전,NNG
13797,주달,NNG
13798,봉,NNG
13799,이,JKS
13800,달,NNG
13801,봉,NNG
13802,티비,NNG
13803,전주,NNG
13804,여행,NNG
13805,코스,NNG
13806,전주,NNG
13807,가,JKS
13808,볼,VV+ETM
13809,만,NNB
13810,한,XSA+ETM
13811,곳,NNG
13812,여수,NNG
13813,여행,NNG
13814,여수,NNG
13815,가,JKS
13816,볼,VV+ETM
13817,만,NNB
13818,한,XSA+ETM
13819,곳,NNB
13820,제주,NNP
13821,도,JX
13822,여행,NNG
13823,제주도,NNP
13824,가,JKS
13825,볼,VV+ETM
13826,만,NNB
13827,한,XSA+ETM
13828,곳,NNG
13829,여행,NNG
13830,전문,NNG
13831,인,VCP+ETM
13832,플,NNG
13833,루,JKB
13834,언서,NNG
13835,전,NNG
13836,주달,NNG
13837,봉이,NNG
13838,입니다,VCP+EF
13839,전주,NNG
13840,여행,NNG
13841,코스,NNG
13842,는,JX
13843,전주,NNG
13844,여행,NNG
13845,코스,NNG
13846,좀,MAG
13847,짜,VV+EC
13848,주,VX
13849,세요,EP+EF
13850,ㅜㅜ,UNKNOWN
13851,전주,NNG
13852,여행,NNG
13853,코스,NNG
13854,를,JKO
13855,짜,VV+EC
13856,드릴,VX+ETM
13857,수,NNB
13858,있,VV
13859,습니다,EF
13860,전,NP+JX
13861,주,VX
13862,는,ETM
13863,역사,NNG
13864,적,XSN
13865,인,VCP+ETM
13866,유적지,NNG
13867,와,JC
13868,전통문화,NNG
13869,가,JKS
13870,빛나,VV
13871,는,ETM
13872,곳,NNG
13873,으로,JKB
13874,유명,XR
13875,한데요,XSA+EF
13876,먼저,MAG
13877,전주,NNP
13878,한옥마을,NNP
13879,을,JKO
13880,방문,NNG
13881,하,XSV
13882,시,EP
13883,면,EC
13884,한,MM
13885,옥,NNG
13886,의,JKG
13887,아름다움,VA+ETN
13888,을,JKO
13889,느낄,VV+ETM
13890,수,NNB
13891,있,VV
13892,습니다,EF
13893,여행,NNG
13894,의,JKG
13895,시작,NNG
13896,지,XSV
13897,라고,EC
13898,할,VX+ETM
13899,수,NNB
13900,있,VV
13901,는,ETM
13902,전주,NNP
13903,한옥,NNG
13904,마을,NNG
13905,에서,JKB
13906,전주,NNG
13907,여행,NNG
13908,대중교통,NNG
13909,이랑,JC
13910,렌트카,NNG
13911,중,NNB
13912,어떤,MM
13913,게,NNB+JKS
13914,좋,VA
13915,을까요,EF
13916,?,SF
13917,전주,NNG
13918,여행,NNG
13919,때,NNG
13920,움직이,VV
13921,기,ETN
13922,차,NNG
13923,가,JKS
13924,편할지,VA+EC
13925,대중교통,NNG
13926,이,JKS
13927,편할지,VA+EC
13928,알려,VV+EC
13929,주,VX
13930,세요,EP+EF
13931,교통,NNG
13932,상황,NNG
13933,이,JKS
13934,어떤지,VA+EC
13935,궁금,XR
13936,합니다,XSA+EF
13937,전주,NNG
13938,여행,NNG
13939,전주,NNG
13940,맛집,NNG
13941,국내,NNG
13942,여행,NNG
13943,전,NNG
13944,주달,NNG
13945,봉,NNG
13946,이,JKS
13947,달,NNG
13948,봉,NNG
13949,티비,NNG
13950,전주,NNG
13951,여행,NNG
13952,코스,NNG
13953,전주,NNG
13954,가,JKS
13955,볼,VV+ETM
13956,만,NNB
13957,한,XSA+ETM
13958,곳,NNG
13959,여수,NNG
13960,여행,NNG
13961,여수,NNG
13962,가,JKS
13963,볼,VV+ETM
13964,만,NNB
13965,한,XSA+ETM
13966,곳,NNB
13967,제주,NNP
13968,도,JX
13969,여행,NNG
13970,전주,NNG
13971,여행,NNG
13972,전주,NNG
13973,여행,NNG
13974,을,JKO
13975,가시,VV
13976,려,EC
13977,하,VV
13978,는군요,EC
13979,그렇,VA
13980,다면,EC
13981,전주,NNP
13982,에서,JKB
13983,연인,NNG
13984,들,XSN
13985,이,JKS
13986,제일,MAG
13987,많이,MAG
13988,찾,VV
13989,는,ETM
13990,곳,NNG
13991,들,XSN
13992,추천,NNG
13993,해,XSV+EC
13994,드리,VX
13995,겠,EP
13996,습니다,EF
13997,전주,NNP
13998,한옥마을,NNP
13999,전주,NNP
14000,동물원,NNP
14001,한국도로공사,NNP
14002,수목원,NNG
14003,전주,NNP
14004,향교,NNP
14005,덕진,NNP
14006,공원,NNG
14007,전주,NNG
14008,여행,NNG
14009,관련,NNG
14010,전주,NNG
14011,여행,NNG
14012,전주,NNG
14013,맛집,NNG
14014,국내,NNG
14015,여행,NNG
14016,전,NNG
14017,주달,NNG
14018,봉,NNG
14019,이,JKS
14020,달,NNG
14021,봉,NNG
14022,티비,NNG
14023,전주,NNG
14024,여행,NNG
14025,코스,NNG
14026,전주,NNG
14027,가,JKS
14028,볼,VV+ETM
14029,만,NNB
14030,한,XSA+ETM
14031,곳,NNG
14032,여수,NNG
14033,여행,NNG
14034,여수,NNG
14035,가,JKS
14036,볼,VV+ETM
14037,만,NNB
14038,한,XSA+ETM
14039,곳,NNB
14040,제주,NNP
14041,도,JX
14042,여행,NNG
14043,제주도,NNP
14044,가,JKS
14045,볼,VV+ETM
14046,만,NNB
14047,한,XSA+ETM
14048,곳,NNG
14049,여행,NNG
14050,전문,NNG
14051,인,VCP+ETM
14052,플,NNG
14053,루,JKB
14054,언서,NNG
14055,전,NNG
14056,주달,NNG
14057,봉이,NNG
14058,입니다,VCP+EF
14059,주말,NNG
14060,인지,VCP+EC
14061,평일,NNG
14062,인지,VCP+EC
14063,에,JKB
14064,따라,VV+EC
14065,다릅니다,VA+EC
14066,전주,NNG
14067,여행,NNG
14068,가,VV
14069,려고,EC
14070,하,VV
14071,는,ETM
14072,데,NNB
14073,1,SN
14074,박,NNBC
14075,2,SN
14076,일,NNBC
14077,vs,SL
14078,2,SN
14079,박,NNBC
14080,3,SN
14081,일,NNBC
14082,어떤,MM
14083,게,NNB+JKS
14084,적당,XR
14085,할지,XSA+EC
14086,추천,NNG
14087,좀,MAG
14088,해,VV+EC
14089,주,VX
14090,세요,EP+EF
14091,전주,NNG
14092,여행,NNG
14093,전주,NNG
14094,맛집,NNG
14095,국내,NNG
14096,여행,NNG
14097,전,NNG
14098,주달,NNG
14099,봉,NNG
14100,이,JKS
14101,달,NNG
14102,봉,NNG
14103,티비,NNG
14104,전주,NNG
14105,여행,NNG
14106,코스,NNG
14107,전주,NNG
14108,가,JKS
14109,볼,VV+ETM
14110,만,NNB
14111,한,XSA+ETM
14112,곳,NNG
14113,여수,NNG
14114,여행,NNG
14115,여수,NNG
14116,가,JKS
14117,볼,VV+ETM
14118,만,NNB
14119,한,XSA+ETM
14120,곳,NNB
14121,제주,NNP
14122,도,JX
14123,여행,NNG
14124,제주도,NNP
14125,가,JKS
14126,볼,VV+ETM
14127,만,NNB
14128,한,XSA+ETM
14129,곳,NNG
14130,여행,NNG
14131,전문,NNG
14132,인,VCP+ETM
14133,플,NNG
14134,루,JKB
14135,언서,NNG
14136,전,NNG
14137,주달,NNG
14138,봉이,NNG
14139,입니다,VCP+EC
14140,전주,NNG
14141,여행,NNG
14142,이번,NNG
14143,주,NNG
14144,에,JKB
14145,전주,NNG
14146,여행,NNG
14147,1,SN
14148,박,NNBC
14149,2,SN
14150,일,NNBC
14151,로,JKB
14152,처음,MAG
14153,가,VV
14154,는데,EC
14155,가,VX
14156,볼,EC+VX+ETM
14157,데,NNB
14158,추천,NNG
14159,좀,MAG
14160,해,VV+EC
14161,주,VX
14162,세요,EP+EF
14163,걷,VV
14164,기,ETN
14165,좋,VA
14166,은데,EC
14167,위주,NNG
14168,로,JKB
14169,요,JX
14170,걷,VV
14171,는,ETM
14172,거,NNB
14173,좋,VA
14174,아,EC
14175,해요,VX+EF
14176,트레,NNP
14177,킹,NNP
14178,좋,VA
14179,아,EC
14180,해요,VX+EF
14181,전주,NNG
14182,여행,NNG
14183,을,JKO
14184,계획,NNG
14185,중,NNB
14186,이,VCP
14187,시,EP
14188,군요,EF
14189,전주,NNG
14190,에,JKB
14191,는,JX
14192,다양,XR
14193,한,XSA+ETM
14194,볼거리,NNG
14195,들,XSN
14196,과,JKB
14197,전주,NNP
14198,2,SN
14199,박,NNBC
14200,3,SN
14201,일,NNBC
14202,3,SN
14203,명,NNBC
14204,여행,NNG
14205,1,SN
14206,인,NNG
14207,경비,NNG
14208,식비,NNG
14209,랑,JKB
14210,교통비,NNG
14211,감,NNG
14212,이,JKS
14213,안,MAG
14214,잡혀서,VV+EC
14215,요,MM
14216,술,NNG
14217,은,JX
14218,마실,VV+ETM
14219,건데,NNB+VCP+EC
14220,많이,MAG
14221,안,MAG
14222,마셔서,VV+EC
14223,술값,NNG
14224,으로,JKB
14225,는,JX
14226,한,MM
14227,번,NNBC
14228,마실,VV+ETM
14229,때,NNG
14230,만,NR
14231,원,NNBC
14232,씩,XSN
14233,쓸,VV+ETM
14234,거,NNB
14235,같,VA
14236,아요,EF
14237,전주,NNG
14238,여행,NNG
14239,전주,NNG
14240,맛집,NNG
14241,국내,NNG
14242,여행,NNG
14243,전,NNG
14244,주달,NNG
14245,봉,NNG
14246,이,JKS
14247,달,NNG
14248,봉,NNG
14249,티비,NNG
14250,전주,NNG
14251,여행,NNG
14252,코스,NNG
14253,전주,NNG
14254,가,JKS
14255,볼,VV+ETM
14256,만,NNB
14257,한,XSA+ETM
14258,곳,NNG
14259,여수,NNG
14260,여행,NNG
14261,여수,NNG
14262,가,JKS
14263,볼,VV+ETM
14264,만,NNB
14265,한,XSA+ETM
14266,곳,NNG
14267,전주,NNP
14268,2,SN
14269,박,NNBC
14270,3,SN
14271,일,NNBC
14272,여행,NNG
14273,비용,NNG
14274,전주,NNG
14275,여행,NNG
14276,전주,NNG
14277,맛집,NNG
14278,국내,NNG
14279,여행,NNG
14280,전,NNG
14281,주달,NNG
14282,봉,NNG
14283,이,JKS
14284,달,NNG
14285,봉,NNG
14286,티비,NNG
14287,전주,NNG
14288,여행,NNG
14289,코스,NNG
14290,전주,NNG
14291,가,JKS
14292,볼,VV+ETM
14293,만,NNB
14294,한,XSA+ETM
14295,곳,NNG
14296,여수,NNG
14297,여행,NNG
14298,여수,NNG
14299,가,JKS
14300,볼,VV+ETM
14301,만,NNB
14302,한,XSA+ETM
14303,곳,NNB
14304,제주,NNP
14305,도,JX
14306,여행,NNG
14307,제주도,NNP
14308,가,JKS
14309,볼,VV+ETM
14310,만,NNB
14311,한,XSA+ETM
14312,곳,NNG
14313,여행,NNG
14314,전문,NNG
14315,인,VCP+ETM
14316,플,NNG
14317,루,JKB
14318,언서,NNG
14319,전,NNG
14320,주달,NNG
14321,봉이,NNG
14322,입니다,VCP+EF
14323,한옥마을,NNP
14324,은,JX
14325,입장료,NNG
14326,는,JX
14327,따로,MAG
14328,없,VA
14329,습니다,EF
14330,기본,NNG
14331,친구,NNG
14332,랑,JKB
14333,전주,NNG
14334,여행,NNG
14335,친구,NNG
14336,랑,JC
14337,첫,MM
14338,전주,NNG
14339,여행,NNG
14340,을,JKO
14341,가,VV+EC
14342,보,VX
14343,려고,EC
14344,합니다,VX+EC
14345,가,VX
14346,볼,EC+VX+ETM
14347,만,NNB
14348,한,XSA+ETM
14349,곳,NNG
14350,호텔,NNG
14351,맛집,NNG
14352,추천,NNG
14353,해,XSV+EC
14354,주,VX
14355,세요,EP+EF
14356,호텔,NNG
14357,은,JX
14358,시설,NNG
14359,이,JKS
14360,괜찮,VA
14361,고,EC
14362,깨끗,XR
14363,했으면,XSA+EP+EC
14364,좋,VA
14365,겠,EP
14366,어요,EF
14367,한옥,NNP
14368,이,VCP
14369,어도,EC
14370,괜찮,VA
14371,아요,EF
14372,침대,NNG
14373,가,JKS
14374,있,VA
14375,는,ETM
14376,곳,NNG
14377,이,VCP
14378,면,EC
14379,더,MAG
14380,좋,VA
14381,겠,EP
14382,어요,EF
14383,맛집,NNG
14384,은,JX
14385,양식,NNG
14386,중식,NNG
14387,일식,NNG
14388,상관없,VA
14389,습니다,EF
14390,비용,NNG
14391,도,JX
14392,1,SN
14393,인당,NNG
14394,2,SN
14395,박,NNBC
14396,3,SN
14397,일,NNBC
14398,전주,NNP
14399,크리스마스,NNG
14400,여행,NNG
14401,전주,NNG
14402,여행,NNG
14403,전주,NNG
14404,맛집,NNG
14405,국내,NNG
14406,여행,NNG
14407,전,NNG
14408,주달,NNG
14409,봉,NNG
14410,이,JKS
14411,달,NNG
14412,봉,NNG
14413,티비,NNG
14414,전주,NNG
14415,여행,NNG
14416,코스,NNG
14417,전주,NNG
14418,가,JKS
14419,볼,VV+ETM
14420,만,NNB
14421,한,XSA+ETM
14422,곳,NNG
14423,여수,NNG
14424,여행,NNG
14425,여수,NNG
14426,가,JKS
14427,볼,VV+ETM
14428,만,NNB
14429,한,XSA+ETM
14430,곳,NNB
14431,제주,NNP
14432,도,JX
14433,여행,NNG
14434,제주도,NNP
14435,가,JKS
14436,볼,VV+ETM
14437,만,NNB
14438,한,XSA+ETM
14439,곳,NNG
14440,여행,NNG
14441,전문,NNG
14442,인,VCP+ETM
14443,플,NNG
14444,루,JKB
14445,언서,NNG
14446,전,NNG
14447,주달,NNG
14448,봉이,NNG
14449,입니다,VCP+EF
14450,전주,NNG
14451,여행,NNG
14452,코스,NNG
14453,는,JX
14454,한옥,NNG
14455,마을,NNG
14456,에서부터,JKB
14457,시작,NNG
14458,을,JKO
14459,1,SN
14460,박,NNBC
14461,2,SN
14462,일,NNBC
14463,전주,NNG
14464,여행,NNG
14465,~.~,SY
14466,질문,NNG
14467,하,XSV
14468,신,EP+ETM
14469,전주,NNG
14470,여행,NNG
14471,일정,NNG
14472,관련,NNG
14473,답변,NNG
14474,드리,VV
14475,도록,EC
14476,하,VX
14477,겠,EP
14478,습니다,EF
14479,여행,NNG
14480,가실,NNG
14481,때,NNG
14482,계획,NNG
14483,짜,VV
14484,기,ETN
14485,너무,MAG
14486,귀찮,VA
14487,죠,EF
14488,제,NP
14489,가,JKS
14490,전주,NNP
14491,에서,JKB
14492,즐길,VV+ETM
14493,수,NNB
14494,있,VV
14495,는,ETM
14496,1,SN
14497,박,NNBC
14498,2,SN
14499,일,NNBC
14500,여행,NNG
14501,을,JKO
14502,준비,NNG
14503,해,XSV+EC
14504,보,VX
14505,았,EP
14506,어요,EF
14507,아래,NNG
14508,일정,NNG
14509,을,JKO
14510,참고,NNG
14511,해,XSV+EC
14512,보,VX
14513,시,EP
14514,고,EC
14515,즐거운,VA+ETM
14516,여행,NNG
14517,되,XSV
14518,시,EP
14519,길,ETN+JKO
14520,바라,VV
14521,요,EC
14522,1,SN
14523,일,NNBC
14524,차,NNG
14525,초등,NNG
14526,6,SN
14527,학년,NNG
14528,210,SN
14529,명,NNBC
14530,전주,NNG
14531,일,NR
14532,대,NNBC
14533,1,SN
14534,박,NNBC
14535,2,SN
14536,일,NNBC
14537,수학여행,NNG
14538,코스,NNG
14539,전주,NNG
14540,관광,NNG
14541,에,JKB
14542,달인,NNG
14543,이,VCP
14544,신,EP+ETM
14545,전,MM
14546,주달,NNG
14547,봉이,NNG
14548,님,XSN
14549,께서,JKS
14550,코스,NNG
14551,추천,NNG
14552,을,JKO
14553,해,VV+EC
14554,주,VX
14555,시,EP
14556,면,EC
14557,대단히,MAG
14558,감사,NNG
14559,드리,VV
14560,겠,EP
14561,습니다,EF
14562,전주,NNG
14563,여행,NNG
14564,전주,NNG
14565,맛집,NNG
14566,국내,NNG
14567,여행,NNG
14568,전,NNG
14569,주달,NNG
14570,봉,NNG
14571,이,JKS
14572,달,NNG
14573,봉,NNG
14574,티비,NNG
14575,전주,NNG
14576,여행,NNG
14577,코스,NNG
14578,전주,NNG
14579,가,JKS
14580,볼,VV+ETM
14581,만,NNB
14582,한,XSA+ETM
14583,곳,NNG
14584,여수,NNG
14585,여행,NNG
14586,여수,NNG
14587,가,JKS
14588,볼,VV+ETM
14589,만,NNB
14590,한,XSA+ETM
14591,곳,NNB
14592,제주,NNP
14593,도,JX
14594,여행,NNG
14595,1,SN
14596,박,NNBC
14597,2,SN
14598,일,NNBC
14599,전주,NNP
14600,혼자,NNG
14601,여행,NNG
14602,코스,NNG
14603,질문,NNG
14604,하,XSV
14605,신,EP+ETM
14606,전주,NNG
14607,여행,NNG
14608,정보,NNG
14609,정리,NNG
14610,해,XSV+EC
14611,봤,VX+EP
14612,습니다,EF
14613,참고,NNG
14614,해,XSV+EC
14615,주,VX
14616,세요,EP+EF
14617,전,MM
14618,주,NNG
14619,에서,JKB
14620,가,VV
14621,볼,EC+VX+ETM
14622,만,NNB
14623,한,XSA+ETM
14624,곳,NNB
14625,덕진,NNP
14626,공원,NNG
14627,추천,NNP
14628,덕진,NNP
14629,공원,NNG
14630,이,JKS
14631,전주,NNP
14632,터미널,NNG
14633,에서,JKB
14634,가장,MAG
14635,가까운,VA+ETM
14636,곳,NNG
14637,이,VCP
14638,에요,EF
14639,산책,NNG
14640,하,XSV
14641,기,ETN
14642,에,JKB
14643,좋,VA
14644,은,ETM
14645,호수,NNG
14646,공원,NNG
14647,이,VCP
14648,에요,EF
14649,덕진,NNP
14650,공원,NNG
14651,을,JKO
14652,생략,NNG
14653,하,XSV
14654,고,EC
14655,곧바로,MAG
14656,남부,NNG
14657,시장,NNG
14658,과,JC
14659,전주,NNG
14660,여행,NNG
14661,갈,VV+ETM
14662,곳,NNB
14663,",",SC
14664,전시회,NNG
14665,추천,NNG
14666,제,NP
14667,가,JKS
14668,이번,NNG
14669,달,NNG
14670,말,NNG
14671,에,JKB
14672,남자,NNG
14673,친구,NNG
14674,랑,JKB
14675,전주,NNG
14676,여행,NNG
14677,을,JKO
14678,가,VV
14679,는데요,EC
14680,전주,NNP
14681,한옥마을,NNP
14682,만,JX
14683,가,VV
14684,기,ETN
14685,엔,JKB+JX
14686,그래서,MAJ
14687,갈만,NNG
14688,한,XSA+ETM
14689,곳,NNG
14690,공방,NNG
14691,전시회,NNG
14692,같,VA
14693,은,ETM
14694,거,NNB
14695,있,VA
14696,음,ETN
14697,추천,NNG
14698,부탁,NNG
14699,드려요,VV+EC
14700,안녕,NNG
14701,하,XSV
14702,세요,EP+EF
14703,질문,NNG
14704,하,XSV
14705,신,EP+ETM
14706,전주,NNG
14707,여행,NNG
14708,관련,NNG
14709,답변,NNG
14710,드리,VV
14711,도록,EC
14712,하,VX
14713,겠,EP
14714,습니다,EF
14715,전,NP+JX
14716,주로,MAG
14717,놀,VV
14718,러,EC
14719,가,VX
14720,시,EP
14721,나,EC
14722,봅니다,VX+EC
14723,전주,NNG
14724,여행,NNG
14725,코스,NNG
14726,추천,NNG
14727,안녕,NNG
14728,하,XSV
14729,세요,EP+EF
14730,여자,NNG
14731,친구,NNG
14732,랑,JKB
14733,전주,NNG
14734,여행,NNG
14735,을,JKO
14736,갈,VV+ETM
14737,예정,NNG
14738,인데,VCP+EC
14739,숙소,NNG
14740,를,JKO
14741,전주,NNP
14742,더클래식,NNP
14743,호텔,NNG
14744,로,JKB
14745,잡,VV
14746,고,EC
14747,1,SN
14748,박,NNBC
14749,2,SN
14750,일,NNBC
14751,일정,NNG
14752,으로,JKB
14753,여행,NNG
14754,을,JKO
14755,가,VV
14756,게,EC
14757,되,VV
14758,었,EP
14759,습니다,EF
14760,근데,MAJ
14761,금요일,NNG
14762,오후,NNG
14763,5,SN
14764,시,NNBC
14765,쯤,XSN
14766,전주,NNG
14767,에,JKB
14768,도착,NNG
14769,예정,NNG
14770,이,VCP
14771,고,EC
14772,자,NNG
14773,가,JKS
14774,차,NNG
14775,가,JKS
14776,없,VA
14777,어,EC
14778,이동,NNG
14779,수단,NNG
14780,을,JKO
14781,대중교통,NNG
14782,과,JC
14783,택시,NNG
14784,로,JKB
14785,할,VV+ETM
14786,예정,NNG
14787,입니다,VCP+EC
14788,전주,NNG
14789,여행,NNG
14790,각각,MAG
14791,거리,NNG
14792,가,JKS
14793,가까운지,VA+EC
14794,알,VV
14795,고,EC
14796,싶,VX
14797,어요,EF
14798,추석,NNG
14799,에,JKB
14800,여행,NNG
14801,예정,NNG
14802,입니다,VCP+EF
14803,그,MM
14804,외,NNB
14805,갈만,NNG
14806,한,XSA+ETM
14807,곳,NNG
14808,추천,NNG
14809,해,XSV+EC
14810,주,VX
14811,세요,EP+EF
14812,전주,NNG
14813,여행,NNG
14814,전주,NNG
14815,맛집,NNG
14816,국내,NNG
14817,여행,NNG
14818,전,NNG
14819,주달,NNG
14820,봉,NNG
14821,이,JKS
14822,달,NNG
14823,봉,NNG
14824,티비,NNG
14825,전주,NNG
14826,여행,NNG
14827,코스,NNG
14828,전주,NNG
14829,가,JKS
14830,볼,VV+ETM
14831,만,NNB
14832,한,XSA+ETM
14833,곳,NNG
14834,여수,NNG
14835,여행,NNG
14836,여수,NNG
14837,가,JKS
14838,볼,VV+ETM
14839,만,NNB
14840,한,XSA+ETM
14841,곳,NNB
14842,제주,NNP
14843,도,JX
14844,여행,NNG
14845,전주,NNG
14846,여행,NNG
14847,갈만,NNG
14848,한,XSA+ETM
14849,곳,NNB
14850,있,VA
14851,을까요,EF
14852,?,SF
14853,전주,NNG
14854,여행,NNG
14855,전주,NNG
14856,맛집,NNG
14857,국내,NNG
14858,여행,NNG
14859,전,NNG
14860,주달,NNG
14861,봉,NNG
14862,이,JKS
14863,달,NNG
14864,봉,NNG
14865,티비,NNG
14866,전주,NNG
14867,여행,NNG
14868,코스,NNG
14869,전주,NNG
14870,가,JKS
14871,볼,VV+ETM
14872,만,NNB
14873,한,XSA+ETM
14874,곳,NNG
14875,여수,NNG
14876,여행,NNG
14877,여수,NNG
14878,가,JKS
14879,볼,VV+ETM
14880,만,NNB
14881,한,XSA+ETM
14882,곳,NNB
14883,제주,NNP
14884,도,JX
14885,여행,NNG
14886,제주도,NNP
14887,가,JKS
14888,볼,VV+ETM
14889,만,NNB
14890,한,XSA+ETM
14891,곳,NNG
14892,여행,NNG
14893,전문,NNG
14894,인,VCP+ETM
14895,플,NNG
14896,루,JKB
14897,언서,NNG
14898,전,NNG
14899,주달,NNG
14900,봉이,NNG
14901,입니다,VCP+EF
14902,전주,NNG
14903,여행,NNG
14904,코스,NNG
14905,는,JX
14906,한옥,NNG
14907,마을,NNG
14908,에서부터,JKB
14909,전주,NNG
14910,여행,NNG
14911,코스,NNG
14912,전주,NNG
14913,여행,NNG
14914,일정,NNG
14915,에,JKB
14916,질,VV+ETM
14917,문자,NNG
14918,님,XSN
14919,께서,JKS
14920,봐둔,VV+EC+VX+ETM
14921,곳,NNB
14922,모두,MAG
14923,반양,NNG
14924,하,XSV
14925,기,ETN
14926,에,JKB
14927,시간,NNG
14928,상,XSN
14929,무리,NNG
14930,가,JKS
14931,있,VV
14932,을,ETM
14933,거,NNB
14934,같,VA
14935,아,EC
14936,꼭,MAG
14937,가,VV
14938,고,EC
14939,싶,VX
14940,은,ETM
14941,곳,NNG
14942,을,JKO
14943,넣,VV
14944,어,EC
14945,일정,NNG
14946,을,JKO
14947,만들,VV
14948,어,EC
14949,보,VX
14950,았,EP
14951,습니다,EF
14952,1,SN
14953,일,NNBC
14954,차,NNG
14955,가운데,NNG
14956,집,NNG
14957,점심,NNG
14958,전주,NNG
14959,한지,XSA+EC
14960,박물관,NNG
14961,관광,NNG
14962,전주,NNG
14963,수목원,NNG
14964,관광,NNG
14965,오목,MAG
14966,대,XPN
14967,관광,NNG
14968,교동,NNP
14969,다윈,NNP
14970,전주,NNG
14971,여행,NNG
14972,추천,NNG
14973,부탁,NNG
14974,드립니다,VV+EC
14975,2,SN
14976,월,NNBC
14977,12,SN
14978,13,SN
14979,일,NNBC
14980,에,JKB
14981,전주,NNG
14982,여행,NNG
14983,할려구,VV+EC
14984,합니다,VX+EC
14985,1,SN
14986,박,NNBC
14987,2,SN
14988,일,NNBC
14989,가,VV
14990,볼,EC+VX+ETM
14991,만,NNB
14992,한,XSA+ETM
14993,곳,NNG
14994,이랑,JC
14995,맛집,NNG
14996,추천,NNG
14997,부탁,NNG
14998,드립니다,VV+EC
14999,감사,NNG
15000,합니다,XSV+EF
15001,전주,NNG
15002,맛집,NNG
15003,여행,NNG
15004,전,NNG
15005,주달,NNG
15006,봉,NNG
15007,이,JKS
15008,달,NNG
15009,봉,NNG
15010,티비,NNG
15011,전주,NNG
15012,여행,NNG
15013,코스,NNG
15014,전주,NNG
15015,가,JKS
15016,볼,VV+ETM
15017,만,NNB
15018,한,XSA+ETM
15019,곳,NNG
15020,여행,NNG
15021,인,VCP+ETM
15022,플,NNG
15023,루,JKB
15024,언서,NNG
15025,전,NNG
15026,주달,NNG
15027,봉이,NNG
15028,입니다,VCP+EF
15029,전주,NNG
15030,여행,NNG
15031,강아지,NNG
15032,와,JKB
15033,함께,MAG
15034,전주,NNG
15035,여행,NNG
15036,가능,NNG
15037,한,XSA+ETM
15038,곳,NNB
15039,ㅜ,UNKNOWN
15040,전주,NNG
15041,여행,NNG
15042,갈,VV+ETM
15043,껀,NNB+JX
15044,데요,EF
15045,강아지,NNG
15046,같이,MAG
15047,동반,NNG
15048,할,XSV+ETM
15049,꺼,NNB+VCP
15050,라서요,EF
15051,혹시,MAG
15052,강아지,NNG
15053,같이,JKB
15054,갈,VV+ETM
15055,수,NNB
15056,있,VV
15057,는,ETM
15058,곳,NNB
15059,좀,MAG
15060,알려,VV+EC
15061,주,VX
15062,세요,EP+EF
15063,맛집,NNG
15064,이랑,JKB
15065,관광,NNG
15066,징,NNG
15067,반려,NNG
15068,동물,NNG
15069,1,SN
15070,등,NNBC
15071,여행,NNG
15072,앱,NNG
15073,반려,NNG
15074,생활,NNG
15075,입니다,VCP+EF
15076,하늘,NNG
15077,이,JKS
15078,맑,VA
15079,은,ETM
15080,가을,NNG
15081,에,JKB
15082,전주,NNG
15083,여행,NNG
15084,을,JKO
15085,떠나,VV
15086,시,EP
15087,는군요,EC
15088,강아지,NNG
15089,랑,JKB
15090,함께,MAG
15091,더,MAG
15092,좋,VA
15093,은,ETM
15094,추억,NNG
15095,광주,NNP
15096,에서,JKB
15097,전주,NNG
15098,2,SN
15099,박,NNBC
15100,3,SN
15101,일,NNBC
15102,여행,NNG
15103,감사,NNG
15104,하,XSV
15105,겠,EP
15106,습니다,EF
15107,전주,NNG
15108,여행,NNG
15109,전주,NNG
15110,맛집,NNG
15111,국내,NNG
15112,여행,NNG
15113,전,NNG
15114,주달,NNG
15115,봉,NNG
15116,이,JKS
15117,달,NNG
15118,봉,NNG
15119,티비,NNG
15120,전주,NNG
15121,여행,NNG
15122,코스,NNG
15123,전주,NNG
15124,가,JKS
15125,볼,VV+ETM
15126,만,NNB
15127,한,XSA+ETM
15128,곳,NNG
15129,여수,NNG
15130,여행,NNG
15131,여수,NNG
15132,가,JKS
15133,볼,VV+ETM
15134,만,NNB
15135,한,XSA+ETM
15136,곳,NNB
15137,제주,NNP
15138,도,JX
15139,여행,NNG
15140,제주도,NNP
15141,가,JKS
15142,볼,VV+ETM
15143,만,NNB
15144,한,XSA+ETM
15145,곳,NNG
15146,여행,NNG
15147,전문,NNG
15148,인,VCP+ETM
15149,플,NNG
15150,루,JKB
15151,언서,NNG
15152,전,NNG
15153,주달,NNG
15154,봉이,NNG
15155,입니다,VCP+EF
15156,버스,NNG
15157,터미널,NNG
15158,에서,JKB
15159,내리,VV
15160,셔서,EP+EC
15161,전주,NNG
15162,여행,NNG
15163,코스,NNG
15164,좀,MAG
15165,짜,VV+EC
15166,주,VX
15167,세요,EP+EF
15168,~,SY
15169,질문,NNG
15170,하,XSV
15171,신,EP+ETM
15172,전주,NNG
15173,여행,NNG
15174,일정,NNG
15175,관련,NNG
15176,답변,NNG
15177,드리,VV
15178,도록,EC
15179,하,VX
15180,겠,EP
15181,습니다,EF
15182,친정,NNG
15183,어머니,NNG
15184,와,JC
15185,딸,NNG
15186,과,JKB
15187,다,MAG
15188,함께,MAG
15189,하,VV
15190,는,ETM
15191,여행,NNG
15192,듣,VV
15193,기,ETN
15194,만,JX
15195,해도,VV+EC
15196,설레,VV
15197,네요,EC
15198,아래,NNG
15199,세,MM
15200,분,NNBC
15201,께서,JKS
15202,모두,MAG
15203,즐길,VV+ETM
15204,수,NNB
15205,있,VV
15206,는,ETM
15207,여행,NNG
15208,일정,NNG
15209,을,JKO
15210,준비,NNG
15211,해,XSV+EC
15212,보,VX
15213,았,EP
15214,어요,EF
15215,참고,NNG
15216,해,XSV+EC
15217,보,VX
15218,시,EP
15219,고,EC
15220,여행,NNG
15221,에,JKB
15222,도움,NNG
15223,되,XSV
15224,셨,EP+EP
15225,으면,EC
15226,[,SSO
15227,추천,NNG
15228,해,XSV+EC
15229,주,VX
15230,세요,EP+EF+VCP
15231,],SSC
15232,전주,NNG
15233,당일치기,NNG
15234,여행,NNG
15235,추천,NNG
15236,해,XSV+EC
15237,주,VX
15238,세요,EP+EF
15239,전주,NNG
15240,당일치기,NNG
15241,여행,NNG
15242,전주,NNG
15243,여행,NNG
15244,전주,NNG
15245,맛집,NNG
15246,국내,NNG
15247,여행,NNG
15248,전,NNG
15249,주달,NNG
15250,봉,NNG
15251,이,JKS
15252,달,NNG
15253,봉,NNG
15254,티비,NNG
15255,전주,NNG
15256,여행,NNG
15257,코스,NNG
15258,전주,NNG
15259,가,JKS
15260,볼,VV+ETM
15261,만,NNB
15262,한,XSA+ETM
15263,곳,NNG
15264,여수,NNG
15265,여행,NNG
15266,여수,NNG
15267,가,JKS
15268,볼,VV+ETM
15269,만,NNB
15270,한,XSA+ETM
15271,곳,NNB
15272,제주,NNP
15273,도,JX
15274,여행,NNG
15275,제주도,NNP
15276,가,JKS
15277,볼,VV+ETM
15278,만,NNB
15279,한,XSA+ETM
15280,곳,NNG
15281,여행,NNG
15282,전문,NNG
15283,인,VCP+ETM
15284,플,NNG
15285,루,JKB
15286,언서,NNG
15287,전,NNG
15288,주달,NNG
15289,봉이,NNG
15290,입니다,VCP+EC
15291,전주,NNG
15292,여행,NNG
15293,팀조,NNP
15294,뮤,NNG
15295,ㅠ,UNKNOWN
15296,전주,NNG
15297,여행,NNG
15298,1,SN
15299,박,NNBC
15300,2,SN
15301,일,NNBC
15302,가,VV
15303,는데,EC
15304,가,VX
15305,기,ETN
15306,좋,VA
15307,은,ETM
15308,곳,NNG
15309,이랑,JC
15310,맛집,NNG
15311,좀,MAG
15312,알려,VV+EC
15313,주,VX
15314,세요,EP+EF
15315,안녕,IC
15316,하,VV
15317,세요,EP+EF
15318,서울,NNP
15319,지방,NNG
15320,변호,NNG
15321,사회,NNG
15322,소속,NNG
15323,으로,JKB
15324,지식,NNG
15325,iN,SL
15326,법률,NNG
15327,상담,NNG
15328,을,JKO
15329,진행,NNG
15330,하,XSV
15331,고,EC
15332,있,VX
15333,는,ETM
15334,김선용,NNP
15335,변호사,NNG
15336,입니다,VCP+EF
15337,알아보,VV
15338,는,ETM
15339,것,NNB
15340,이,JKS
15341,어려우,VA
15342,시,EP
15343,다면,EC
15344,인,NNG
15345,스타,NNG
15346,그램,NNG
15347,에,JKB
15348,전주,NNG
15349,라고,VCP+EC
15350,검색,NNG
15351,하,XSV
15352,셔서,EP+EC
15353,전주,NNP
15354,한옥마을,NNP
15355,여행,NNG
15356,준비,NNG
15357,중,NNB
15358,입니다,VCP+EF
15359,대여,NNG
15360,는,JX
15361,천차만별,NNG
15362,입니다,VCP+EF
15363,기본,NNG
15364,금액,NNG
15365,은,JX
15366,10000,SN
15367,원,NNBC
15368,부터,JX
15369,시작,NNG
15370,합니다,XSV+EF
15371,시간,NNG
15372,과,JC
15373,한복,NNG
15374,에,JKB
15375,따라서,VV+EC
15376,가격,NNG
15377,이,JKS
15378,다릅니다,VA+EC
15379,전주,NNG
15380,여행,NNG
15381,전주,NNG
15382,맛집,NNG
15383,국내,NNG
15384,여행,NNG
15385,전,NNG
15386,주달,NNG
15387,봉,NNG
15388,이,JKS
15389,달,NNG
15390,봉,NNG
15391,티비,NNG
15392,전주,NNG
15393,여행,NNG
15394,코스,NNG
15395,전주,NNG
15396,가,JKS
15397,볼,VV+ETM
15398,만,NNB
15399,한,XSA+ETM
15400,곳,NNG
15401,여수,NNG
15402,여행,NNG
15403,여수,NNG
15404,가,JKS
15405,볼,VV+ETM
15406,만,NNB
15407,한,XSA+ETM
15408,곳,NNB
15409,제주,NNP
15410,도,JX
15411,여행,NNG
15412,고등학교,NNG
15413,친구,NNG
15414,들,XSN
15415,과,JC
15416,전주,NNG
15417,여행,NNG
15418,당일치기,NNG
15419,지금,MAG
15420,고등학교,NNG
15421,3,SN
15422,학년,NNG
15423,친구,NNG
15424,들,XSN
15425,과,JKB
15426,함께,MAG
15427,4,SN
15428,월,NNBC
15429,달,NNG
15430,에,JKB
15431,전주,NNG
15432,여행,NNG
15433,을,JKO
15434,당일,NNG
15435,치,VV
15436,기,ETN
15437,로,JKB
15438,갈,VV+ETM
15439,예정,NNG
15440,인데,VCP+EC
15441,부모,NNG
15442,님,XSN
15443,께,JKB
15444,뭐,NP
15445,라고,VCP+EC
15446,말씀,NNG
15447,드리,VV
15448,면,EC
15449,허락,NNG
15450,을,JKO
15451,받,VV
15452,을,ETM
15453,수,NNB
15454,있,VV
15455,을까요,EC
15456,고등학교,NNG
15457,시절,NNG
15458,친구,NNG
15459,들,XSN
15460,과,JKB
15461,의,JKG
15462,소중,XR
15463,한,XSA+ETM
15464,추억,NNG
15465,을,JKO
15466,만들,VV
15467,기,ETN
15468,위해,VV+EC
15469,전주,NNG
15470,여행,NNG
15471,을,JKO
15472,다녀오,VV
15473,기,ETN
15474,로,JKB
15475,했,VV+EP
15476,습니다,EF
15477,전주,NNG
15478,는,JX
15479,전,NP+JX
15480,주로,MAG
15481,휴가,NNG
15482,갈,VV+ETM
15483,건데,NNB+VCP+EC
15484,여행,NNG
15485,코스,NNG
15486,추천,NNG
15487,해,XSV+EC
15488,주,VX
15489,세요,EP+EF
15490,위,NNG
15491,의,JKG
15492,일정,NNG
15493,은,JX
15494,참고,NNG
15495,용,XSN
15496,으로,JKB
15497,제시,NNG
15498,한,XSV+ETM
15499,것,NNB
15500,이,VCP
15501,며,EC
15502,여행,NNG
15503,일정,NNG
15504,에,JKB
15505,따라,VV+EC
15506,조정,NNG
15507,할,XSV+ETM
15508,수,NNB
15509,있,VV
15510,습니다,EF
15511,또한,MAJ
15512,음식점,NNG
15513,의,JKG
15514,웨이팅,NNG
15515,시간,NNG
15516,은,JX
15517,방문,NNG
15518,시간,NNG
15519,과,JC
15520,요일,NNG
15521,에,JKB
15522,따라,VV+EC
15523,달라질,VV+ETM
15524,수,NNB
15525,있,VV
15526,으니,EC
15527,참고,NNG
15528,해,XSV+EC
15529,주,VX
15530,세요,EP+EF
15531,즐거운,VA+ETM
15532,전주,NNG
15533,여행,NNG
15534,되,XSV
15535,시,EP
15536,길,ETN+JKO
15537,바랍니다,VV+EC
15538,여자,NNG
15539,2,SN
15540,명,NNBC
15541,이,XSN
15542,서,JKS
15543,2,SN
15544,박,NNBC
15545,3,SN
15546,일,NNBC
15547,로,JKB
15548,전주,NNG
15549,여행,NNG
15550,질문,NNG
15551,2,SN
15552,박,NNBC
15553,3,SN
15554,일,NNBC
15555,로,JKB
15556,전주,NNG
15557,를,JKO
15558,여행,NNG
15559,하,XSV
15560,신다면,EP+EC
15561,다음,NNG
15562,과,JKB
15563,같,VA
15564,은,ETM
15565,일정,NNG
15566,을,JKO
15567,추천,NNG
15568,해,XSV+EC
15569,드립니다,VX+EC
15570,Day,SL
15571,1,SN
15572,전주,NNP
15573,한옥마을,NNP
15574,전통,NNG
15575,한옥,NNG
15576,건물,NNG
15577,과,JC
15578,전통,NNG
15579,문화,NNG
15580,를,JKO
15581,경험,NNG
15582,할,XSV+ETM
15583,수,NNB
15584,있,VV
15585,는,ETM
15586,곳,NNB
15587,입니다,VCP+EF
15588,전주,NNP
15589,향교,NNP
15590,조선,NNP
15591,시대,NNG
15592,교육,NNG
15593,기관,NNG
15594,인,VCP+ETM
15595,향교,NNG
15596,를,JKO
15597,볼,VV+ETM
15598,수,NNB
15599,있,VV
15600,습니다,EF
15601,전주,NNP
15602,남부,NNG
15603,시장,NNG
15604,전,NNG
15605,주의,NNG
15606,전주,NNG
15607,여행,NNG
15608,코스,NNG
15609,짜,VV+EC
15610,주,VX
15611,세요,EP+EF
15612,!,SF
15613,많이,MAG
15614,급합니다,VA+EF
15615,.,SF
15616,.!,SY
15617,안녕,NNG
15618,하,XSV
15619,세요,EP+EF
15620,가족,NNG
15621,여행,NNG
15622,으로,JKB
15623,전주,NNG
15624,에,JKB
15625,놀,VV
15626,러,EC
15627,가,VX
15628,려는데,EC
15629,요,MM
15630,당장,NNG
15631,이번,NNG
15632,주,NNG
15633,금요일,NNG
15634,에,JKB
15635,가,VV
15636,는데,EC
15637,어딜,NP+JKO
15638,갈지,VV+EC
15639,몰라서,VV+EC
15640,숙소,NNG
15641,는,JX
15642,라,NNG
15643,한,XSA+ETM
15644,호텔,NNG
15645,로,JKB
15646,잡,VV
15647,았,EP
15648,고,EC
15649,한옥마을,NNP
15650,쪽,NNB
15651,을,JKO
15652,가,VV
15653,고,EC
15654,싶,VX
15655,은데,EC
15656,별로,MAG
15657,걷,VV
15658,지,EC
15659,않,VX
15660,으면서,EC
15661,카페,NNG
15662,투어,NNG
15663,는,JX
15664,아닌,VCN+ETM
15665,여행,NNG
15666,코스,NNG
15667,짜,VV+EC
15668,주,VX
15669,실,EP+ETM
15670,수,NNB
15671,있,VV
15672,나요,EF
15673,호,NNBC
15674,캉,JKB
15675,스로,NNG
15676,전주,NNP
15677,1,SN
15678,박,NNBC
15679,2,SN
15680,일,NNBC
15681,여행,NNG
15682,대둔산,NNP
15683,케이블카,NNG
15684,주말,NNG
15685,에,JKB
15686,사람,NNG
15687,많,VA
15688,겠,EP
15689,죠,EF
15690,괜찮,VA
15691,은,ETM
15692,코스,NNG
15693,추천,NNG
15694,해,XSV+EC
15695,주,VX
15696,세요,EP+EF
15697,전주,NNG
15698,여행,NNG
15699,전주,NNG
15700,맛집,NNG
15701,국내,NNG
15702,여행,NNG
15703,전,NNG
15704,주달,NNG
15705,봉,NNG
15706,이,JKS
15707,달,NNG
15708,봉,NNG
15709,티비,NNG
15710,전주,NNG
15711,여행,NNG
15712,코스,NNG
15713,전주,NNG
15714,가,JKS
15715,볼,VV+ETM
15716,만,NNB
15717,한,XSA+ETM
15718,곳,NNG
15719,여수,NNG
15720,여행,NNG
15721,여수,NNG
15722,가,JKS
15723,볼,VV+ETM
15724,만,NNB
15725,한,XSA+ETM
15726,곳,NNB
15727,제주,NNP
15728,도,JX
15729,여행,NNG
15730,제주도,NNP
15731,가,JKS
15732,볼,VV+ETM
15733,만,NNB
15734,한,XSA+ETM
15735,곳,NNG
15736,여행,NNG
15737,전문,NNG
15738,전주,NNG
15739,여행,NNG
15740,코스,NNG
15741,!,SF
15742,!!,SY
15743,이미,MAG
15744,전주,NNG
15745,여행,NNG
15746,을,JKO
15747,마치,VV
15748,고,EC
15749,복귀,NNG
15750,하,XSV
15751,셨,EP+EP
15752,을,ETM
15753,것,NNB
15754,같,VA
15755,네요,EF
15756,저희,NP
15757,도,JX
15758,지난주,NNG
15759,에,JKB
15760,당일,NNG
15761,코스,NNG
15762,로,JKB
15763,전주,NNG
15764,에,JKB
15765,다녀왔,VV+EP
15766,는데요,EF
15767,주말,NNG
15768,이,VCP
15769,라서,EC
15770,그런지,VA+EC
15771,차,NNG
15772,들,XSN
15773,도,JX
15774,많,VA
15775,고,EC
15776,관광지,NNG
15777,에,JKB
15778,는,JX
15779,사람,NNG
15780,들,XSN
15781,도,JX
15782,많,VA
15783,아서,EC
15784,생각,NNG
15785,처럼,JKB
15786,많이,MAG
15787,둘러보,VV
15788,지,EC
15789,못해서,VX+EC
15790,아쉽,VA
15791,더라고요,EC
15792,최소한,NNG
15793,1,SN
15794,박,NNBC
15795,2,SN
15796,일,NNBC
15797,전주,NNP
15798,한옥마을,NNP
15799,당일치기,NNG
15800,여행,NNG
15801,질문,NNG
15802,전주,NNP
15803,여수,NNP
15804,제주도,NNP
15805,맛집,NNG
15806,여행,NNG
15807,전,NNG
15808,주달,NNG
15809,봉,NNG
15810,이,JKS
15811,달,NNG
15812,봉,NNG
15813,티비,NNG
15814,전주,NNG
15815,여행,NNG
15816,코스,NNG
15817,전주,NNG
15818,가,JKS
15819,볼,VV+ETM
15820,만,NNB
15821,한,XSA+ETM
15822,곳,NNG
15823,여수,NNG
15824,여행,NNG
15825,여수,NNG
15826,가,JKS
15827,볼,VV+ETM
15828,만,NNB
15829,한,XSA+ETM
15830,곳,NNB
15831,제주,NNP
15832,도,JX
15833,여행,NNG
15834,제주도,NNP
15835,가,JKS
15836,볼,VV+ETM
15837,만,NNB
15838,한,XSA+ETM
15839,곳,NNG
15840,여행,NNG
15841,전문,NNG
15842,인,VCP+ETM
15843,플,NNG
15844,루,JKB
15845,언서,NNG
15846,전,NNG
15847,주달,NNG
15848,봉이,NNG
15849,입니다,VCP+EC
15850,1,SN
15851,7000,SN
15852,8000,SN
15853,원,NNBC
15854,2,SN
15855,흐노,NNP
15856,니,VCP+EC
15857,마시,VV
15858,랑게,EC
15859,전망,NNG
15860,달,VV
15861,곰,EC
15862,3,SN
15863,전주,NNP
15864,혼자,NNG
15865,2,SN
15866,박,NNBC
15867,3,SN
15868,일,NNBC
15869,여행,NNG
15870,아무래도,MAG
15871,사람,NNG
15872,이,JKS
15873,많,VA
15874,으면,EC
15875,맛집,NNG
15876,같,VA
15877,은,ETM
15878,곳,NNG
15879,에서,JKB
15880,혼자,MAG
15881,못,MAG
15882,먹,VV
15883,을,ETM
15884,것,NNB
15885,같,VA
15886,아서,EC
15887,5,SN
15888,월,NNBC
15889,중순,NNG
15890,은,JX
15891,전주,NNG
15892,여행,NNG
15893,을,JKO
15894,즐기,VV
15895,기,ETN
15896,좋,VA
15897,은,ETM
15898,계절,NNG
15899,입니다,VCP+EF
15900,하지만,MAJ
15901,현재,NNG
15902,는,JX
15903,코로나,NNP
15904,19,SN
15905,로,JKB
15906,인해,VV+EC
15907,여행객,NNG
15908,이,JKS
15909,줄어들,VV
15910,고,EC
15911,있,VX
15912,으므로,EC
15913,사람,NNG
15914,이,JKS
15915,많,VA
15916,지,EC
15917,않,VX
15918,을,ETM
15919,것,NNB
15920,으로,JKB
15921,예상,NNG
15922,됩니다,XSV+EF
15923,전,NP+JX
15924,주,VX
15925,는,ETM
15926,맛집,NNG
15927,이,JKS
15928,전주,NNG
15929,여행,NNG
15930,제,NP
15931,가,JKS
15932,이번,NNG
15933,달,NNG
15934,16,SN
15935,일,NNBC
15936,에,JKB
15937,친구,NNG
15938,3,SN
15939,명,NNBC
15940,하고,JC
15941,전,NP+JX
15942,주로,MAG
15943,여행,NNG
15944,을,JKO
15945,가,VV
15946,는데,EC
15947,궁금,XR
15948,한,XSA+ETM
15949,게,NNB+JKS
15950,많,VA
15951,아서,EC
15952,요,JX
15953,하나하나,MAG
15954,답장,NNG
15955,해,XSV+EC
15956,주,VX
15957,시,EP
15958,면,EC
15959,감사,NNG
15960,하,XSV
15961,겟,EP
15962,습니다,EF
15963,1,SN
15964,여수,NNP
15965,에서,JKB
15966,전주,NNG
15967,KTX,SL
15968,왕복,NNG
15969,기차표,NNG
15970,값,NNG
15971,이,JKS
15972,얼마,NNG
15973,인가요,VCP+EC
15974,2,SN
15975,중,NNG
15976,2,SN
15977,들,XSN
15978,이,JKS
15979,전,MM
15980,주가,NNG
15981,서,JKB
15982,놀,VV+ETM
15983,게,NNB+JKS
15984,뭐,NP
15985,가,JKS
15986,잇,VV
15987,을까요,EC
15988,3,SN
15989,전주,NNG
15990,여행,NNG
15991,갈,VV+ETM
15992,껀,NNB+JX
15993,데,NNB
15994,월요일,NNG
15995,휴무,NNG
15996,가,JKS
15997,많,VA
15998,나요,EF
15999,?,SF
16000,전주,NNG
16001,여행,NNG
16002,전주,NNG
16003,맛집,NNG
16004,국내,NNG
16005,여행,NNG
16006,전,NNG
16007,주달,NNG
16008,봉,NNG
16009,이,JKS
16010,달,NNG
16011,봉,NNG
16012,티비,NNG
16013,전주,NNG
16014,여행,NNG
16015,코스,NNG
16016,전주,NNG
16017,가,JKS
16018,볼,VV+ETM
16019,만,NNB
16020,한,XSA+ETM
16021,곳,NNG
16022,여수,NNG
16023,여행,NNG
16024,여수,NNG
16025,가,JKS
16026,볼,VV+ETM
16027,만,NNB
16028,한,XSA+ETM
16029,곳,NNB
16030,제주,NNP
16031,도,JX
16032,여행,NNG
16033,제주도,NNP
16034,가,JKS
16035,볼,VV+ETM
16036,만,NNB
16037,한,XSA+ETM
16038,곳,NNG
16039,여행,NNG
16040,전문,NNG
16041,인,VCP+ETM
16042,플,NNG
16043,루,JKB
16044,언서,NNG
16045,전,NNG
16046,주달,NNG
16047,봉이,NNG
16048,입니다,VCP+EF
16049,걱정,NNG
16050,안,MAG
16051,하,VV
16052,셔도,EP+EC
16053,되,VV
16054,셔요,EC
16055,대부분,NNG
16056,오픈,NNG
16057,합니다,XSV+EC
16058,내일,MAG
16059,전주,NNG
16060,당일치기,NNG
16061,부모,NNG
16062,님,XSN
16063,과,JC
16064,여행,NNG
16065,을,JKO
16066,전주,NNG
16067,여행,NNG
16068,전주,NNG
16069,맛집,NNG
16070,국내,NNG
16071,여행,NNG
16072,전,NNG
16073,주달,NNG
16074,봉,NNG
16075,이,JKS
16076,달,NNG
16077,봉,NNG
16078,티비,NNG
16079,전주,NNG
16080,여행,NNG
16081,코스,NNG
16082,전주,NNG
16083,가,JKS
16084,볼,VV+ETM
16085,만,NNB
16086,한,XSA+ETM
16087,곳,NNG
16088,여수,NNG
16089,여행,NNG
16090,여수,NNG
16091,가,JKS
16092,볼,VV+ETM
16093,만,NNB
16094,한,XSA+ETM
16095,곳,NNB
16096,제주,NNP
16097,도,JX
16098,여행,NNG
16099,제주도,NNP
16100,가,JKS
16101,볼,VV+ETM
16102,만,NNB
16103,한,XSA+ETM
16104,곳,NNG
16105,여행,NNG
16106,전문,NNG
16107,인,VCP+ETM
16108,플,NNG
16109,루,JKB
16110,언서,NNG
16111,전,NNG
16112,주달,NNG
16113,봉이,NNG
16114,입니다,VCP+EF
16115,바다,NNP
16116,는,JX
16117,군산,NNP
16118,새만금,NNP
16119,돌아보,VV
16120,시,EP
16121,면,EC
16122,전주,NNG
16123,여행,NNG
16124,갈만,NNG
16125,한,XSA+ETM
16126,곳,NNG
16127,(,SSO
16128,숙소,NNG
16129,/,SC
16130,한옥마을,NNP
16131,게스트,NNP
16132,하우스,NNP
16133,),SSC
16134,안녕,NNG
16135,하,XSV
16136,세요,EP+EF
16137,가족,NNG
16138,들,XSN
16139,과,JKB
16140,함께,MAG
16141,전주,NNG
16142,여행,NNG
16143,을,JKO
16144,가,VV
16145,려고,EC
16146,합니다,VX+EF
16147,한옥마을,NNP
16148,로,JKB
16149,유명,XR
16150,한,XSA+ETM
16151,전주,NNG
16152,여행,NNG
16153,을,JKO
16154,꼭,MAG
16155,한번,MAG
16156,해,VV+EC
16157,보,VX
16158,고,EC
16159,싶,VX
16160,어,EC
16161,했었,VX+EP
16162,는데,EC
16163,이번,NNG
16164,을,JKO
16165,기회,NNG
16166,로,JKB
16167,꼭,MAG
16168,다녀와,VV+EC
16169,보,VX
16170,려구요,EC
16171,전라도,NNP
16172,음식,NNG
16173,이,JKS
16174,맛있,VA
16175,다고,EC
16176,전주,NNG
16177,에,JKB
16178,가,VV
16179,면,EC
16180,전라도,NNP
16181,의,JKG
16182,대표,NNG
16183,음식,NNG
16184,도,JX
16185,먹,VV
16186,어,EC
16187,볼,VX+ETM
16188,뿐,NNB
16189,만,JX
16190,아니,VCN
16191,라,EC
16192,맛집,NNG
16193,도,JX
16194,전주,NNG
16195,여행,NNG
16196,코스,NNG
16197,추천,NNG
16198,좀,MAG
16199,전주,NNG
16200,여행,NNG
16201,코스,NNG
16202,추천,NNG
16203,좀,MAG
16204,전주,NNP
16205,여수,NNP
16206,맛집,NNG
16207,전주,NNG
16208,여행,NNG
16209,여수,NNG
16210,여행,NNG
16211,전,NNG
16212,주달,NNG
16213,봉,NNG
16214,이,JKS
16215,달,NNG
16216,봉,NNG
16217,티비,NNG
16218,전주,NNG
16219,여행,NNG
16220,코스,NNG
16221,전주,NNG
16222,가,JKS
16223,볼,VV+ETM
16224,만,NNB
16225,한,XSA+ETM
16226,곳,NNG
16227,여수,NNG
16228,여행,NNG
16229,여수,NNG
16230,가,JKS
16231,볼,VV+ETM
16232,만,NNB
16233,한,XSA+ETM
16234,곳,NNG
16235,여행,NNG
16236,인,VCP+ETM
16237,플,NNG
16238,루,JKB
16239,언서,NNG
16240,전,NNG
16241,주달,NNG
16242,봉이,NNG
16243,입니다,VCP+EF
16244,전주,NNG
16245,여행,NNG
16246,코스,NNG
16247,는,JX
16248,대부분,NNG
16249,한옥,NNG
16250,마을,NNG
16251,에서,JKB
16252,시작,NNG
16253,을,JKO
16254,합니다,VV+EC
16255,전주,NNG
16256,여행,NNG
16257,볼거리,NNG
16258,이번,NNG
16259,주,NNG
16260,전주,NNG
16261,여행,NNG
16262,가,VV
16263,는,ETM
16264,데,NNB
16265,볼,VV+ETM
16266,거리,NNG
16267,맛집,NNG
16268,등,NNB
16269,알려,VV+EC
16270,주,VX
16271,세요,EP+EF
16272,전,MM
16273,주,NNG
16274,에서,JKB
16275,가,VV
16276,볼,EC+VX+ETM
16277,만,NNB
16278,한,XSA+ETM
16279,곳,NNG
16280,들,XSN
16281,추천,NNG
16282,해,XSV+EC
16283,드리,VX
16284,겠,EP
16285,습니다,EF
16286,전주,NNP
16287,한옥마을,NNP
16288,전주,NNP
16289,동물원,NNP
16290,한국도로공사,NNP
16291,수목원,NNG
16292,덕진,NNP
16293,공원,NNG
16294,전주,NNG
16295,난장,NNG
16296,전주,NNG
16297,에,JKB
16298,여행,NNG
16299,가,VV
16300,는,ETM
16301,데,NNB
16302,오,VV
16303,션,EC
16304,뷰,NNP
16305,카페,NNP
16306,추천,NNG
16307,해,XSV+EC
16308,주,VX
16309,세요,EP+EF
16310,.,SF
16311,전주,NNG
16312,여행,NNG
16313,전주,NNG
16314,맛집,NNG
16315,국내,NNG
16316,여행,NNG
16317,전,NNG
16318,주달,NNG
16319,봉,NNG
16320,이,JKS
16321,달,NNG
16322,봉,NNG
16323,티비,NNG
16324,전주,NNG
16325,여행,NNG
16326,코스,NNG
16327,전주,NNG
16328,가,JKS
16329,볼,VV+ETM
16330,만,NNB
16331,한,XSA+ETM
16332,곳,NNG
16333,여수,NNG
16334,여행,NNG
16335,여수,NNG
16336,가,JKS
16337,볼,VV+ETM
16338,만,NNB
16339,한,XSA+ETM
16340,곳,NNB
16341,제주,NNP
16342,도,JX
16343,여행,NNG
16344,제주도,NNP
16345,가,JKS
16346,볼,VV+ETM
16347,만,NNB
16348,한,XSA+ETM
16349,곳,NNG
16350,여행,NNG
16351,전문,NNG
16352,인,VCP+ETM
16353,플,NNG
16354,루,JKB
16355,언서,NNG
16356,전,NNG
16357,주달,NNG
16358,봉이,NNG
16359,입니다,VCP+EF
16360,아쉽,VA
16361,게,EC
16362,도,JX
16363,전,MM
16364,주이,NNG
16365,는,JX
16366,바다,NNG
16367,가,JKS
16368,없,VA
16369,어서,EC
16370,전주,NNP
16371,가족,NNG
16372,여행,NNG
16373,코스,NNG
16374,문,NNG
16375,의,JKG
16376,드려요,VV+EF
16377,!,SF
16378,전주,NNG
16379,여행,NNG
16380,전주,NNG
16381,맛집,NNG
16382,국내,NNG
16383,여행,NNG
16384,전,NNG
16385,주달,NNG
16386,봉,NNG
16387,이,JKS
16388,달,NNG
16389,봉,NNG
16390,티비,NNG
16391,전주,NNG
16392,여행,NNG
16393,코스,NNG
16394,전주,NNG
16395,가,JKS
16396,볼,VV+ETM
16397,만,NNB
16398,한,XSA+ETM
16399,곳,NNG
16400,여수,NNG
16401,여행,NNG
16402,여수,NNG
16403,가,JKS
16404,볼,VV+ETM
16405,만,NNB
16406,한,XSA+ETM
16407,곳,NNB
16408,제주,NNP
16409,도,JX
16410,여행,NNG
16411,제주도,NNP
16412,가,JKS
16413,볼,VV+ETM
16414,만,NNB
16415,한,XSA+ETM
16416,곳,NNG
16417,여행,NNG
16418,전문,NNG
16419,인,VCP+ETM
16420,플,NNG
16421,루,JKB
16422,언서,NNG
16423,전,NNG
16424,주달,NNG
16425,봉이,NNG
16426,입니다,VCP+EF
16427,전주,NNG
16428,여행,NNG
16429,코스,NNG
16430,는,JX
16431,한옥,NNG
16432,마을,NNG
16433,에서부터,JKB
16434,전주,NNG
16435,여행,NNG
16436,코스,NNG
16437,및,MAJ
16438,일정,NNG
16439,추천,NNG
16440,부탁,NNG
16441,드려요,VV+EC
16442,(,SSO
16443,토요일,NNG
16444,하루,NNG
16445,),SSC
16446,일정,NNG
16447,이,JKS
16448,괜찮,VA
16449,은지,EC
16450,수정,NNG
16451,이,JKS
16452,필요,NNG
16453,한,XSA+ETM
16454,부분,NNG
16455,이,JKS
16456,있,VV
16457,는지,EC
16458,인근,NNG
16459,맛집,NNG
16460,등,NNB
16461,은,JX
16462,또,MAG
16463,있,VV
16464,는지,EC
16465,등등,NNB
16466,의견,NNG
16467,부탁,NNG
16468,드립니다,VV+EC
16469,전주,NNG
16470,여행,NNG
16471,전주,NNG
16472,맛집,NNG
16473,국내,NNG
16474,여행,NNG
16475,전,NNG
16476,주달,NNG
16477,봉,NNG
16478,이,JKS
16479,달,NNG
16480,봉,NNG
16481,티비,NNG
16482,전주,NNG
16483,여행,NNG
16484,코스,NNG
16485,전주,NNG
16486,가,JKS
16487,볼,VV+ETM
16488,만,NNB
16489,한,XSA+ETM
16490,곳,NNG
16491,여수,NNG
16492,여행,NNG
16493,여수,NNG
16494,가,JKS
16495,볼,VV+ETM
16496,만,NNB
16497,한,XSA+ETM
16498,곳,NNB
16499,제주,NNP
16500,도,JX
16501,여행,NNG
16502,전주,NNG
16503,여행,NNG
16504,가,VV
16505,려는데,EC
16506,.,SF
16507,.,SY
16508,전주,NNP
16509,한옥,NNG
16510,마을,NNG
16511,근처,NNG
16512,에서,JKB
16513,숙박,NNG
16514,하,XSV
16515,며,EC
16516,여행,NNG
16517,한다면,XSV+EC
16518,어디,NP
16519,어디,NP
16520,가,VV
16521,고,EC
16522,어떤,MM
16523,맛집,NNG
16524,이,JKS
16525,좋,VA
16526,은지,EC
16527,버스,NNG
16528,나,JC
16529,택시,NNG
16530,타,VV
16531,고,EC
16532,조금,MAG
16533,만,JX
16534,나가,VV+EC
16535,도,JX
16536,되,VV
16537,는,ETM
16538,가,VV
16539,볼,EC+VX+ETM
16540,만,NNB
16541,한,XSA+ETM
16542,곳,NNG
16543,이,JKS
16544,어딘지,NP+VCP+EC
16545,등등,NNB
16546,추천,NNG
16547,해,XSV+EC
16548,주,VX
16549,세요,EP+EF
16550,2,SN
16551,그,MM
16552,외,NNB
16553,에,JKB
16554,다른,MM
16555,곳,NNB
16556,어디,NP
16557,전주,NNG
16558,여행,NNG
16559,코스,NNG
16560,아침,NNG
16561,으로,JKB
16562,전주,NNG
16563,현대,NNG
16564,옥,NNG
16565,본점,NNG
16566,가,VV
16567,서,EC
16568,먹,VV
16569,고,EC
16570,점심,NNG
16571,으로,JKB
16572,는,JX
16573,전주,NNP
16574,비빔,NNG
16575,소리,NNG
16576,를,JKO
16577,가,VV
16578,려고,EC
16579,하,VV
16580,는데,EC
16581,현,MM
16582,대옥,NNG
16583,과,JC
16584,비빔,NNG
16585,소리,NNG
16586,중간,NNG
16587,에,JKB
16588,어디,NP
16589,구경,NNG
16590,할,XSV+ETM
16591,곳,NNG
16592,이나,JC
16593,갈만,NNG
16594,한,XSA+ETM
16595,곳,NNB
16596,없,VA
16597,을까요,EC
16598,전주,NNG
16599,여행,NNG
16600,전주,NNG
16601,맛집,NNG
16602,국내,NNG
16603,여행,NNG
16604,전,NNG
16605,주달,NNG
16606,봉,NNG
16607,이,JKS
16608,달,NNG
16609,봉,NNG
16610,티비,NNG
16611,전주,NNG
16612,여행,NNG
16613,코스,NNG
16614,전라도,NNP
16615,전주,NNP
16616,여행,NNG
16617,전주,NNG
16618,에,JKB
16619,여행,NNG
16620,을,JKO
16621,가,VV
16622,려고,EC
16623,하,VV
16624,는데,EC
16625,한,MM
16626,번,NNBC
16627,도,JX
16628,안,MAG
16629,가,VV+EC
16630,봐서,VX+EC
16631,요,JX
16632,1,SN
16633,박,NNBC
16634,2,SN
16635,일,NNBC
16636,이나,JX
16637,2,SN
16638,박,NNBC
16639,3,SN
16640,일,NNBC
16641,있,VA
16642,을,ETM
16643,예정,NNG
16644,인데,VCP+EC
16645,가,VX
16646,볼,EC+VX+ETM
16647,만,NNB
16648,한,XSA+ETM
16649,곳,NNG
16650,추천,NNG
16651,받,VV
16652,아용,EC
16653,체험,NNG
16654,도,JX
16655,좋,VA+ETM
16656,구용,NNG
16657,전주,NNG
16658,에서,JKB
16659,가,VV
16660,볼,EC+VX+ETM
16661,만,NNB
16662,한,XSA+ETM
16663,곳,NNG
16664,들,XSN
16665,추천,NNG
16666,해,XSV+EC
16667,드리,VX
16668,겠,EP
16669,습니다,EF
16670,전주,NNP
16671,한옥마을,NNP
16672,전주,NNG
16673,여행,NNG
16674,참고,NNG
16675,로,JKB
16676,저희,NP
16677,는,JX
16678,뚜벅,MAG
16679,이,JKC
16680,입,VV
16681,니,EC
16682,댜,VV+EF
16683,전주,NNG
16684,여행,NNG
16685,을,JKO
16686,계획,NNG
16687,중,NNB
16688,이,VCP
16689,시,EP
16690,군요,EF
16691,그럼,MAJ
16692,전,MM
16693,주,NNG
16694,에서,JKB
16695,가,VV
16696,볼,EC+VX+ETM
16697,만,NNB
16698,한,XSA+ETM
16699,곳,NNG
16700,들,XSN
16701,추천,NNG
16702,해,XSV+EC
16703,드리,VX
16704,겠,EP
16705,습니다,EF
16706,한국,NNP
16707,도로공사,NNP
16708,수목원,NNG
16709,전주,NNG
16710,동물원,NNP
16711,자만,NNP
16712,마을,NNG
16713,벽화,NNG
16714,갤러리,NNG
16715,국립,NNG
16716,전,MM
16717,주박,NNG
16718,물관,NNG
16719,전주,NNG
16720,여행,NNG
16721,코스,NNG
16722,추천,NNG
16723,전주,NNG
16724,여행,NNG
16725,코스,NNG
16726,추천,NNG
16727,안녕,NNG
16728,하,XSV
16729,세요,EP+EF
16730,전주,NNG
16731,맛집,NNG
16732,전주,NNG
16733,블로그,NNG
16734,전,NNG
16735,주달,NNG
16736,봉이,NNG
16737,입니다,VCP+EF
16738,대부분,NNG
16739,1,SN
16740,박,NNBC
16741,2,SN
16742,일,NNBC
16743,코스,NNG
16744,로,JKB
16745,들,VV+ETM
16746,전주,NNG
16747,를,JKO
16748,놀러오,VV
16749,십니다,EP+EF
16750,한옥마을,NNP
16751,경기전,NNG
16752,남부,NNG
16753,시장,NNG
16754,야,VCP+EF
16755,시장,NNG
16756,벽화,NNG
16757,마을,NNG
16758,전동성당,NNP
16759,향교,NNG
16760,오,NR
16761,목대,NNG
16762,이렇게,MAG
16763,들,XSN
16764,많이,MAG
16765,들,XSN
16766,둘러보,VV
16767,시,EP
16768,고,EC
16769,요,JX
16770,더,MAG
16771,추가,NNG
16772,로,JKB
16773,전주,NNG
16774,여행,NNG
16775,코스,NNG
16776,동선,NNG
16777,좀,MAG
16778,짜,VV+EC
16779,주,VX
16780,세요,EP+EF
16781,숙소,NNG
16782,는,JX
16783,완산구,NNP
16784,서신동,NNP
16785,입니다,VCP+EF
16786,전주,NNG
16787,여행,NNG
16788,전주,NNG
16789,맛집,NNG
16790,국내,NNG
16791,여행,NNG
16792,전,NNG
16793,주달,NNG
16794,봉,NNG
16795,이,JKS
16796,달,NNG
16797,봉,NNG
16798,티비,NNG
16799,전주,NNG
16800,여행,NNG
16801,코스,NNG
16802,전주,NNG
16803,가,JKS
16804,볼,VV+ETM
16805,만,NNB
16806,한,XSA+ETM
16807,곳,NNG
16808,여수,NNG
16809,여행,NNG
16810,여수,NNG
16811,가,JKS
16812,볼,VV+ETM
16813,만,NNB
16814,한,XSA+ETM
16815,곳,NNB
16816,제주,NNP
16817,도,JX
16818,여행,NNG
16819,제주도,NNP
16820,가,JKS
16821,볼,VV+ETM
16822,만,NNB
16823,한,XSA+ETM
16824,곳,NNG
16825,여행,NNG
16826,전문,NNG
16827,인,VCP+ETM
16828,플,NNG
16829,루,JKB
16830,언서,NNG
16831,전,NNG
16832,주달,NNG
16833,봉이,NNG
16834,입니다,VCP+EC
16835,1,SN
16836,한옥마을,NNP
16837,전주,NNG
16838,여행,NNG
16839,!,SY
16840,크리스마스,NNG
16841,에,JKB
16842,단,MM
16843,둘,NR
16844,이,XSN
16845,서,JKS
16846,당일치기,NNG
16847,로,JKB
16848,전주,NNG
16849,여행,NNG
16850,하,XSV
16851,기,ETN
16852,로,JKB
16853,했,VV+EP
16854,습니다,EF
16855,고등학생,NNG
16856,인데요,VCP+EF
16857,어느,MM
16858,정도,NNG
16859,들,VV
16860,고,EC
16861,가,VX
16862,는,ETM
16863,게,NNB+JKS
16864,맞,VV
16865,고,EC
16866,전주,NNG
16867,는,JX
16868,할,VV+ETM
16869,게,NNB+JKS
16870,뭐,IC
16871,뭐,IC
16872,있,VA
16873,을까요,EC
16874,제대로,MAG
16875,답변,NNG
16876,해,XSV+EC
16877,주,VX
16878,세요,EP+EF
16879,대학,NNG
16880,로,JKB
16881,와,JC
16882,투어,NNG
16883,공연,NNG
16884,하,XSV
16885,는,ETM
16886,연극,NNG
16887,추천,NNG
16888,해,XSV+EC
16889,드릴께요,VX+EF
16890,제,NP
16891,가,JKS
16892,전주,NNG
16893,여행,NNG
16894,을,JKO
16895,갔,VV+EP
16896,는데,EC
16897,여,JKV
16898,제,NP
16899,가,JKS
16900,왜,MAG
16901,그런진,VA+EC+JX
16902,모르,VV
16903,겠,EP
16904,지만,EC
16905,그냥,MAG
16906,전라도,NNP
16907,사투리,NNG
16908,듣,VV
16909,기,ETN
16910,싫,VA
16911,더라구요,EF
16912,억양,NNG
16913,이,JKS
16914,쎄,VA
16915,서,EC
16916,그런,MM
16917,감,NNG
16918,좀,MAG
16919,듣,VV
16920,기,ETN
16921,가,JKS
16922,거북,NNG
16923,했,XSV+EP
16924,는데,EC
16925,전주,NNG
16926,여행,NNG
16927,갔었,VV+EP
16928,는데,EC
16929,무슨,MM
16930,일,NNG
16931,인진,VCP+EC+JX
16932,모르,VV
16933,겠,EP
16934,지만,EC
16935,사람,NNG
16936,들,XSN
16937,전라도,NNP
16938,사투리,NNG
16939,1,SN
16940,도,NNBC
16941,안,MAG
16942,쓰,VV
16943,던데요,EC
16944,쫌,MAG
16945,의외,NNG
16946,였,VCP+EP
16947,어요,EF
16948,전라북도,NNP
16949,전주시,NNP
16950,아닌가요,VCN+EC
16951,전주,NNP
16952,1,SN
16953,박,NNBC
16954,2,SN
16955,일,NNBC
16956,여행,NNG
16957,코스,NNG
16958,추천,NNG
16959,및,MAJ
16960,조언,NNG
16961,해,XSV+EC
16962,주,VX
16963,세요,EP+EF
16964,가,VV
16965,고,EC
16966,싶,VX
16967,은,ETM
16968,곳,NNB
16969,전주,NNP
16970,한옥마을,NNP
16971,경기전,NNG
16972,전주,NNG
16973,난장,NNG
16974,전주,NNG
16975,국립,NNG
16976,박물관,NNG
16977,전주,NNP
16978,동물원,NNG
16979,이동,NNG
16980,수단,NNG
16981,자동차,NNG
16982,전주,NNG
16983,여행,NNG
16984,전주,NNG
16985,맛집,NNG
16986,국내,NNG
16987,여행,NNG
16988,전,NNG
16989,주달,NNG
16990,봉,NNG
16991,이,JKS
16992,달,NNG
16993,봉,NNG
16994,티비,NNG
16995,전주,NNG
16996,여행,NNG
16997,코스,NNG
16998,전주,NNG
16999,가,JKS
17000,볼,VV+ETM
17001,만,NNB
17002,한,XSA+ETM
17003,곳,NNG
17004,여수,NNG
17005,여행,NNG
17006,여수,NNG
17007,가,JKS
17008,볼,VV+ETM
17009,만,NNB
17010,한,XSA+ETM
17011,곳,NNB
17012,제주,NNP
17013,도,JX
17014,여행,NNG
17015,뚜벅,MAG
17016,이,MM
17017,여행,NNG
17018,으로,JKB
17019,전주,NNG
17020,가,VV
17021,려는데,EC
17022,한옥,NNG
17023,마을,NNG
17024,근처,NNG
17025,짐,NNG
17026,.,SF
17027,..,SY
17028,이용,NNG
17029,하,XSV
17030,시,EP
17031,면,EC
17032,원,NNG
17033,하,XSV
17034,는,ETM
17035,장소,NNG
17036,에서,JKB
17037,장소,NNG
17038,로,JKB
17039,짐,NNG
17040,운송,NNG
17041,이,JKS
17042,가능,NNG
17043,합니다,XSA+EF
17044,가격,NNG
17045,도,JX
17046,저렴,XR
17047,하,XSA
17048,고,EC
17049,앱,NNG
17050,을,JKO
17051,통해,VV+EC
17052,실시간,NNG
17053,으로,JKB
17054,주문,NNG
17055,및,MAJ
17056,현황,NNG
17057,확인,NNG
17058,까지,JX
17059,가능,NNG
17060,해,XSV+EC
17061,여행,NNG
17062,중,NNB
17063,편리,NNG
17064,하,XSV
17065,게,EC
17066,이용,NNG
17067,이,JKS
17068,가능,NNG
17069,하,XSA
17070,니,EC
17071,전주,NNG
17072,뚜벅,MAG
17073,이,MM
17074,여행,NNG
17075,시,NNB
17076,참고,NNG
17077,해,XSV+EC
17078,보,VX
17079,세요,EP+EF
17080,즐거운,VA+ETM
17081,전주,NNG
17082,여행,NNG
17083,되,XSV
17084,시,EP
17085,길,ETN+JKO
17086,바랄,VV+ETM
17087,게요,NNB+VCP+EC
17088,전주,NNG
17089,여행,NNG
17090,일정,NNG
17091,이번,NNG
17092,에,JKB
17093,전,NP+JX
17094,주로,MAG
17095,여행,NNG
17096,을,JKO
17097,가,VV
17098,는데,EC
17099,소요,NNG
17100,시간,NNG
17101,을,JKO
17102,알,VV
17103,고,EC
17104,싶,VX
17105,어요,EF
17106,한옥마을,NNP
17107,초코파이,NNP
17108,체험,NNG
17109,장,NNG
17110,수목원,NNG
17111,드림,VV+ETM
17112,랜드,NNG
17113,순,NNG
17114,으로,JKB
17115,가,VV
17116,는데,EC
17117,이동,NNG
17118,시간,NNG
17119,이,JKS
17120,얼마나,MAG
17121,걸릴까요,VV+EF
17122,자세,XR
17123,하,XSA
17124,게,EC
17125,부탁,NNG
17126,드릴게요,VV+EC
17127,우선,MAG
17128,전주,NNP
17129,한옥마을,NNP
17130,내,NNB
17131,에,JKB
17132,초코파이,NNP
17133,체험,NNG
17134,장이,XSN
17135,있,VA
17136,으니까요,EC
17137,이걸,NP+JKO
17138,이번,NNG
17139,에,JKB
17140,태교,NNG
17141,여행,NNG
17142,으로,JKB
17143,2,SN
17144,박,NNBC
17145,3,SN
17146,일,NNBC
17147,놀,VV
17148,러,EC
17149,가,VX
17150,려고,EC
17151,하,VV
17152,는데,EC
17153,강아지,NNG
17154,.,SF
17155,..,SY
17156,전주,NNG
17157,여행,NNG
17158,전주,NNG
17159,맛집,NNG
17160,국내,NNG
17161,여행,NNG
17162,전,NNG
17163,주달,NNG
17164,봉,NNG
17165,이,JKS
17166,달,NNG
17167,봉,NNG
17168,티비,NNG
17169,전주,NNG
17170,여행,NNG
17171,코스,NNG
17172,전주,NNG
17173,가,JKS
17174,볼,VV+ETM
17175,만,NNB
17176,한,XSA+ETM
17177,곳,NNG
17178,여수,NNG
17179,여행,NNG
17180,여수,NNG
17181,가,JKS
17182,볼,VV+ETM
17183,만,NNB
17184,한,XSA+ETM
17185,곳,NNB
17186,제주,NNP
17187,도,JX
17188,여행,NNG
17189,제주도,NNP
17190,가,JKS
17191,볼,VV+ETM
17192,만,NNB
17193,한,XSA+ETM
17194,곳,NNG
17195,여행,NNG
17196,전문,NNG
17197,인,VCP+ETM
17198,플,NNG
17199,루,JKB
17200,언서,NNG
17201,전,NNG
17202,주달,NNG
17203,봉이,NNG
17204,입니다,VCP+EF
17205,전주,NNG
17206,여행,NNG
17207,숙소,NNG
17208,잡,VV
17209,기,ETN
17210,가,JKS
17211,힘드,VA
17212,시,EP
17213,다면,EC
17214,바닷가,NNG
17215,가,JKS
17216,전주,NNG
17217,여행,NNG
17218,추천,NNG
17219,해,XSV+EC
17220,주,VX
17221,세요,EP+EF
17222,전주,NNG
17223,여행,NNG
17224,추천,NNG
17225,해,XSV+EC
17226,주,VX
17227,세요,EP+EF
17228,전,MM
17229,주식,NNG
17230,가,VV+EC
17231,맥,NNG
17232,문화,NNG
17233,의,JKG
17234,전일,NNG
17235,슈퍼,NNG
17236,등,NNB
17237,의,JKG
17238,전,MM
17239,주만,NNP
17240,의,JKG
17241,술,NNG
17242,문화,NNG
17243,외,NNB
17244,에,JKB
17245,도,JX
17246,에,IC
17247,피큐어,NNP
17248,평점,NNG
17249,AA,SL
17250,를,JKO
17251,받,VV
17252,은,ETM
17253,전주식,NNP
17254,한정식,NNP
17255,의,JKG
17256,최고봉,NNP
17257,수구,NNP
17258,정,NNP
17259,전라,NNP
17260,회관,NNG
17261,궁,NNG
17262,전주비빔밥,NNG
17263,의,JKG
17264,최고봉,NNG
17265,고궁,NNG
17266,성미,NNG
17267,당,XSN
17268,토종,NNG
17269,명품,NNG
17270,닭,NNG
17271,을,JKO
17272,사용,NNG
17273,한,XSV+ETM
17274,닭,NNG
17275,요,VCP+EC
17276,리의,NNG
17277,1,SN
17278,박,NNBC
17279,2,SN
17280,일,NNBC
17281,전주,NNP
17282,혼자,NNG
17283,여행,NNG
17284,코스,NNG
17285,질문,NNG
17286,하,XSV
17287,신,EP+ETM
17288,전주,NNG
17289,여행,NNG
17290,정보,NNG
17291,정리,NNG
17292,해,XSV+EC
17293,봤,VX+EP
17294,습니다,EF
17295,참고,NNG
17296,해,XSV+EC
17297,주,VX
17298,세요,EP+EF
17299,전,MM
17300,주,NNG
17301,에서,JKB
17302,가,VV
17303,볼,EC+VX+ETM
17304,만,NNB
17305,한,XSA+ETM
17306,곳,NNB
17307,덕진,NNP
17308,공원,NNG
17309,추천,NNP
17310,덕진,NNP
17311,공원,NNG
17312,이,JKS
17313,전주,NNP
17314,터미널,NNG
17315,에서,JKB
17316,가장,MAG
17317,가까운,VA+ETM
17318,곳,NNG
17319,이,VCP
17320,에요,EF
17321,산책,NNG
17322,하,XSV
17323,기,ETN
17324,에,JKB
17325,좋,VA
17326,은,ETM
17327,호수,NNG
17328,공원,NNG
17329,이,VCP
17330,에요,EF
17331,덕진,NNP
17332,공원,NNG
17333,을,JKO
17334,생략,NNG
17335,하,XSV
17336,고,EC
17337,곧바로,MAG
17338,남부,NNG
17339,시장,NNG
17340,과,JC
17341,전주,NNG
17342,여행,NNG
17343,갈려고,VV+EC
17344,하,VV
17345,는데,EC
17346,전주,NNG
17347,여행,NNG
17348,전주,NNG
17349,맛집,NNG
17350,국내,NNG
17351,여행,NNG
17352,전,NNG
17353,주달,NNG
17354,봉,NNG
17355,이,JKS
17356,달,NNG
17357,봉,NNG
17358,티비,NNG
17359,전주,NNG
17360,여행,NNG
17361,코스,NNG
17362,전주,NNG
17363,가,JKS
17364,볼,VV+ETM
17365,만,NNB
17366,한,XSA+ETM
17367,곳,NNG
17368,여수,NNG
17369,여행,NNG
17370,여수,NNG
17371,가,JKS
17372,볼,VV+ETM
17373,만,NNB
17374,한,XSA+ETM
17375,곳,NNB
17376,제주,NNP
17377,도,JX
17378,여행,NNG
17379,제주도,NNP
17380,가,JKS
17381,볼,VV+ETM
17382,만,NNB
17383,한,XSA+ETM
17384,곳,NNG
17385,여행,NNG
17386,전문,NNG
17387,인,VCP+ETM
17388,플,NNG
17389,루,JKB
17390,언서,NNG
17391,전,NNG
17392,주달,NNG
17393,봉이,NNG
17394,입니다,VCP+EF
17395,전주,NNG
17396,여행,NNG
17397,코스,NNG
17398,는,JX
17399,한옥,NNG
17400,마을,NNG
17401,에서부터,JKB
17402,시작,NNG
17403,을,JKO
17404,2,SN
17405,박,NNBC
17406,3,SN
17407,일,NNBC
17408,전주,NNG
17409,여행,NNG
17410,부모,NNG
17411,님,XSN
17412,과,JC
17413,전주,NNG
17414,여행,NNG
17415,가,VV
17416,려고,EC
17417,하,VV
17418,는데,EC
17419,정보,NNG
17420,가,JKS
17421,하나,NR
17422,도,JX
17423,없,VA
17424,어서요,EC
17425,숙소,NNG
17426,는,JX
17427,어디,NP
17428,가,JKS
17429,좋,VA
17430,은지,EC
17431,관광지,NNG
17432,는,JX
17433,어디,NP
17434,가,JKS
17435,있,VA
17436,는지,EC
17437,추천,NNG
17438,부탁,NNG
17439,드려요,VV+EC
17440,전주,NNG
17441,여행,NNG
17442,전주,NNG
17443,맛집,NNG
17444,국내,NNG
17445,여행,NNG
17446,전,NNG
17447,주달,NNG
17448,봉,NNG
17449,이,JKS
17450,달,NNG
17451,봉,NNG
17452,티비,NNG
17453,전주,NNG
17454,여행,NNG
17455,코스,NNG
17456,전주,NNG
17457,가,JKS
17458,볼,VV+ETM
17459,만,NNB
17460,한,XSA+ETM
17461,곳,NNG
17462,여수,NNG
17463,여행,NNG
17464,전주,NNG
17465,여행,NNG
17466,코스,NNG
17467,!,SF
17468,!!,SY
17469,이미,MAG
17470,전주,NNG
17471,여행,NNG
17472,을,JKO
17473,마치,VV
17474,고,EC
17475,복귀,NNG
17476,하,XSV
17477,셨,EP+EP
17478,을,ETM
17479,것,NNB
17480,같,VA
17481,네요,EF
17482,저희,NP
17483,도,JX
17484,지난주,NNG
17485,에,JKB
17486,당일,NNG
17487,코스,NNG
17488,로,JKB
17489,전주,NNG
17490,에,JKB
17491,다녀왔,VV+EP
17492,는데요,EF
17493,주말,NNG
17494,이,VCP
17495,라서,EC
17496,그런지,VA+EC
17497,차,NNG
17498,들,XSN
17499,도,JX
17500,많,VA
17501,고,EC
17502,관광지,NNG
17503,에,JKB
17504,는,JX
17505,사람,NNG
17506,들,XSN
17507,도,JX
17508,많,VA
17509,아서,EC
17510,생각,NNG
17511,처럼,JKB
17512,많이,MAG
17513,둘러보,VV
17514,지,EC
17515,못해서,VX+EC
17516,아쉽,VA
17517,더라고요,EC
17518,최소한,NNG
17519,1,SN
17520,박,NNBC
17521,2,SN
17522,일,NNBC
17523,전주,NNG
17524,당일치기,NNG
17525,여행,NNG
17526,을,JKO
17527,가,VV
17528,려고,EC
17529,하,VV
17530,는데,EC
17531,질문,NNG
17532,이,JKS
17533,있,VA
17534,습니다,EF
17535,전주,NNG
17536,여행,NNG
17537,전주,NNG
17538,맛집,NNG
17539,국내,NNG
17540,여행,NNG
17541,전,NNG
17542,주달,NNG
17543,봉,NNG
17544,이,JKS
17545,달,NNG
17546,봉,NNG
17547,티비,NNG
17548,전주,NNG
17549,여행,NNG
17550,코스,NNG
17551,전주,NNG
17552,가,JKS
17553,볼,VV+ETM
17554,만,NNB
17555,한,XSA+ETM
17556,곳,NNG
17557,여수,NNG
17558,여행,NNG
17559,여수,NNG
17560,가,JKS
17561,볼,VV+ETM
17562,만,NNB
17563,한,XSA+ETM
17564,곳,NNB
17565,제주,NNP
17566,도,JX
17567,여행,NNG
17568,제주도,NNP
17569,가,JKS
17570,볼,VV+ETM
17571,만,NNB
17572,한,XSA+ETM
17573,곳,NNG
17574,여행,NNG
17575,전문,NNG
17576,인,VCP+ETM
17577,플,NNG
17578,루,JKB
17579,언서,NNG
17580,전,NNG
17581,주달,NNG
17582,봉이,NNG
17583,입니다,VCP+EF
17584,기지,NNG
17585,제,XSN
17586,산책,NNG
17587,저녁,NNG
17588,에,JKB
17589,도,JX
17590,많이,MAG
17591,들,XSN
17592,하,VV
17593,셔서,EP+EC
17594,전주,NNP
17595,1,SN
17596,박,NNBC
17597,2,SN
17598,일,NNBC
17599,여행,NNG
17600,가,VV
17601,는데,EC
17602,코스,NNG
17603,추천,NNG
17604,부탁,NNG
17605,드려요,VV+EC
17606,~^^,SY
17607,남자,NNG
17608,친구,NNG
17609,와,JC
17610,생일,NNG
17611,여행,NNG
17612,으로,JKB
17613,전주,NNG
17614,여행,NNG
17615,을,JKO
17616,가,VV
17617,는데,EC
17618,전주,NNG
17619,는,JX
17620,처음,NNG
17621,이,VCP
17622,라,EC
17623,좋,VA
17624,은,ETM
17625,코스,NNG
17626,있,VV
17627,으면,EC
17628,추천,NNG
17629,좀,MAG
17630,부탁드립니다,VV+EC
17631,숙소,NNG
17632,는,JX
17633,전주,NNP
17634,한옥마을,NNP
17635,도보,NNP
17636,10,SN
17637,거리,NNG
17638,에,JKB
17639,잡,VV
17640,았,EP
17641,고,EC
17642,자차,NNG
17643,있,VV
17644,어서,EC
17645,이동은,NNP
17646,문제,NNG
17647,없,VA
17648,습니다,EF
17649,맛집,NNG
17650,도,JX
17651,추천,NNG
17652,부탁,NNG
17653,드려요,VV+EC
17654,안녕,NNG
17655,하,XSV
17656,세요,EP+EF
17657,AI,SL
17658,전주,NNP
17659,한옥,NNG
17660,마을,NNG
17661,에,JKB
17662,남자,NNG
17663,혼자,NNG
17664,여행,NNG
17665,을,JKO
17666,갈,VV+ETM
17667,예정,NNG
17668,입니다,VCP+EF
17669,.,SF
17670,욕조,NNG
17671,는,JX
17672,저,NP
17673,도,JX
17674,굉장히,MAG
17675,무리,NNG
17676,한,XSA+ETM
17677,질문,NNG
17678,인,VCP+ETM
17679,것,NNB
17680,같,VA
17681,지만,EC
17682,혹시나,MAG
17683,해서,VV+EC
17684,전주,NNG
17685,여행,NNG
17686,전주,NNG
17687,맛집,NNG
17688,국내,NNG
17689,여행,NNG
17690,전,NNG
17691,주달,NNG
17692,봉,NNG
17693,이,JKS
17694,달,NNG
17695,봉,NNG
17696,티비,NNG
17697,전주,NNG
17698,여행,NNG
17699,코스,NNG
17700,전주,NNG
17701,가,JKS
17702,볼,VV+ETM
17703,만,NNB
17704,한,XSA+ETM
17705,곳,NNG
17706,여수,NNG
17707,여행,NNG
17708,여수,NNG
17709,가,JKS
17710,볼,VV+ETM
17711,만,NNB
17712,한,XSA+ETM
17713,곳,NNB
17714,제주,NNP
17715,도,JX
17716,여행,NNG
17717,제주도,NNP
17718,가,JKS
17719,볼,VV+ETM
17720,만,NNB
17721,한,XSA+ETM
17722,곳,NNG
17723,여행,NNG
17724,전문,NNG
17725,인,VCP+ETM
17726,플,NNG
17727,루,JKB
17728,언서,NNG
17729,전주,NNG
17730,여행,NNG
17731,가,VV
17732,는데,EC
17733,렌트,NNG
17734,를,JKO
17735,하,VV
17736,는,ETM
17737,게,NNB+JKS
17738,좋,VA
17739,을까,EC
17740,전주,NNG
17741,여행,NNG
17742,가,VV
17743,는데,EC
17744,렌트,NNG
17745,를,JKO
17746,하,VV
17747,는,ETM
17748,게,NNB+JKS
17749,좋,VA
17750,을까요,EC
17751,안녕,NNG
17752,하,XSV
17753,세요,EP+EF
17754,천만,NR
17755,반,NNG
17756,려인,NNG
17757,과,JKB
17758,함께,MAG
17759,하,VV
17760,는,ETM
17761,애견,NNG
17762,동반,NNG
17763,여행,NNG
17764,플랫,NNG
17765,폼,NNG
17766,하트,NNG
17767,독,NNG
17768,입니다,VCP+EF
17769,전주,NNG
17770,는,JX
17771,작,VA
17772,은,ETM
17773,도시,NNG
17774,라서,VCP+EC
17775,택시,NNG
17776,로,JKB
17777,이동,NNG
17778,을,JKO
17779,해도,VV+EC
17780,크,VA
17781,게,EC
17782,불편,NNG
17783,함,XSA+ETN
17784,이,JKS
17785,없,VA
17786,습니다,EF
17787,답변,NNG
17788,이,JKS
17789,도움,NNG
17790,이,JKS
17791,되,VV
17792,셨,EP+EP
17793,다면,EC
17794,채택,NNG
17795,도,JX
17796,부탁드립니다,VV+EC
17797,전주,NNG
17798,여행,NNG
17799,코스,NNG
17800,질문,NNG
17801,드려요,VV+EC
17802,이상,NNG
17803,은,JX
17804,제,NP
17805,가,JKS
17806,전주,NNG
17807,여행,NNG
17808,문의,NNG
17809,하,XSV
17810,는,ETM
17811,분,NNB
17812,들,XSN
17813,께,JKB
17814,통상,NNG
17815,안내,NNG
17816,해,XSV+EC
17817,드리,VX
17818,는,ETM
17819,정보,NNG
17820,입니다,VCP+EF
17821,질문,NNG
17822,하,XSV
17823,신,EP+ETM
17824,분,NNB
17825,께,JKB
17826,간단히,MAG
17827,요약,NNG
17828,해,XSV+EC
17829,드리,VX
17830,면,EC
17831,먼저,MAG
17832,위,NNG
17833,사이트,NNG
17834,들어가,VV
17835,셔서,EP+EC
17836,방,NNG
17837,예약,NNG
17838,하,XSV
17839,시,EP
17840,고,EC
17841,오전,NNG
17842,에,JKB
17843,전주,NNG
17844,여행,NNG
17845,및,MAJ
17846,코스,NNG
17847,질문,NNG
17848,내공,NNG
17849,있,VA
17850,어요,EF
17851,~,SY
17852,100,SN
17853,부산,NNP
17854,에서,JKB
17855,전주,NNG
17856,여행,NNG
17857,을,JKO
17858,가,VV
17859,려고,EC
17860,합니다,VX+EF
17861,자차,NNG
17862,여행,NNG
17863,이,JKC
17864,아닌,VCN+ETM
17865,버스,NNG
17866,위주,NNG
17867,로,JKB
17868,가,VV
17869,려고,EC
17870,합니다,VX+EF
17871,그리고,MAJ
17872,전주,NNG
17873,만,JX
17874,가,VV
17875,는,ETM
17876,것,NNB
17877,이,JKC
17878,아니,VCN
17879,라,EC
17880,전주,NNG
17881,갔,VV+EP
17882,다가,EC
17883,전주,NNP
17884,에서,JKB
17885,가깝,VA
17886,거나,EC
17887,버스,NNG
17888,로,JKB
17889,1,SN
17890,2,SN
17891,시간,NNBC
17892,정도,NNG
17893,갈,VV+ETM
17894,수,NNB
17895,있,VV
17896,는,ETM
17897,다른,MM
17898,지역,NNG
17899,도,JX
17900,여행,NNG
17901,가,VV
17902,고,EC
17903,싶,VX
17904,은데,EC
17905,여행,NNG
17906,많이,MAG
17907,다니,VV
17908,시,EP
17909,는,ETM
17910,분,NNB
17911,들,XSN
17912,전주,NNG
17913,여행,NNG
17914,코스,NNG
17915,추천,NNG
17916,좀,MAG
17917,요,JX
17918,전주,NNP
17919,여행,NNG
17920,코스,NNG
17921,추천,NNG
17922,하,XSV
17923,세염,NNG
17924,전주,NNG
17925,동물원,NNP
17926,걍기전,UNKNOWN
17927,전주,NNP
17928,한옥마을,NNP
17929,덕진,NNP
17930,연못,NNG
17931,으로,JKB
17932,가보세요,NNG
17933,전주,NNG
17934,여행,NNG
17935,코스,NNG
17936,좀,MAG
17937,알려,VV+EC
17938,주,VX
17939,세요,EP+EF
17940,안녕,IC
17941,하,VV
17942,세요,EP+EF
17943,전,NP+JX
17944,주로,MAG
17945,당일치기,NNG
17946,여행,NNG
17947,할,XSV+ETM
17948,껀,NNB+JX
17949,데,NNB
17950,코스,NNG
17951,좀,MAG
17952,짜,VV+EC
17953,주,VX
17954,세요,EP+EF
17955,전주,NNP
17956,동물원,NNG
17957,전주,NNP
17958,한옥마을,NNP
17959,전주,NNP
17960,수목원,NNG
17961,팔복,NNG
17962,예술,NNG
17963,공장,NNG
17964,전주,NNG
17965,드림,VV+ETM
17966,랜드,NNG
17967,당일치기,NNG
17968,로,JKB
17969,갈,VV+ETM
17970,껀,NNB+JX
17971,데,NNB
17972,코스,NNG
17973,좀,MAG
17974,알려,VV+EC
17975,주,VX
17976,세요,EP+EF
17977,자가용,NNG
17978,으로,JKB
17979,이동,NNG
17980,하,XSV
17981,신다면,EP+EC
17982,아래,NNG
17983,와,JKB
17984,같,VA
17985,은,ETM
17986,코스,NNG
17987,가,JKS
17988,시간,NNG
17989,을,JKO
17990,아낄,VV+ETM
17991,수,NNB
17992,1,SN
17993,박,NNBC
17994,2,SN
17995,일,NNBC
17996,전주,NNG
17997,여행,NNG
17998,코스,NNG
17999,질문,NNG
18000,하,XSV
18001,신,EP+ETM
18002,전주,NNG
18003,여행,NNG
18004,코스,NNG
18005,관련,NNG
18006,답변,NNG
18007,드리,VV
18008,겠,EP
18009,습니다,EF
18010,가족,NNG
18011,분,NNB
18012,들,XSN
18013,과,JKB
18014,함께,MAG
18015,하,VV
18016,는,ETM
18017,전주,NNG
18018,여행,NNG
18019,을,JKO
18020,계획,NNG
18021,중,NNB
18022,이,VCP
18023,시,EP
18024,군요,EF
18025,전주,NNG
18026,의,JKG
18027,추천,NNG
18028,명소,NNG
18029,와,JC
18030,맛집,NNG
18031,들,XSN
18032,을,JKO
18033,포함,NNG
18034,해서,XSV+EC
18035,여다,VV+EC
18036,에서,JKB
18037,맞춤,NNG
18038,형,XSN
18039,1,SN
18040,박,NNBC
18041,2,SN
18042,일,NNBC
18043,전주,NNG
18044,여행,NNG
18045,코스,NNG
18046,를,JKO
18047,준비,NNG
18048,했,XSV+EP
18049,어요,EF
18050,아래,NNG
18051,첨부,NNG
18052,된,XSV+ETM
18053,일정,NNG
18054,을,JKO
18055,당일치기,NNG
18056,전주,NNG
18057,여행,NNG
18058,코스,NNG
18059,처음,NNG
18060,으로,JKB
18061,전주,NNG
18062,여행,NNG
18063,을,JKO
18064,가,VV
18065,는,ETM
18066,거,NNB
18067,라서,VCP+EC
18068,아,VV
18069,는,ETM
18070,것,NNB
18071,이,JKS
18072,많이,MAG
18073,없,VA
18074,어요,EF
18075,일단,MAG
18076,전주,NNP
18077,한옥,NNG
18078,마을,NNG
18079,에서,JKB
18080,한복,NNG
18081,을,JKO
18082,빌려서,VV+EC
18083,한옥마을,NNP
18084,전동성당,NNP
18085,이랑,JC
18086,경기전,NNG
18087,그리고,MAJ
18088,자만,NNG
18089,벽화,NNG
18090,마을,NNG
18091,까지,JX
18092,가,VV
18093,기,ETN
18094,로,JKB
18095,정했,VV+EP
18096,는데,EC
18097,또,MAG
18098,다른,MM
18099,놀,VV
18100,러,EC
18101,갈,VX+ETM
18102,곳,NNG
18103,을,JKO
18104,찾,VV
18105,진,EC+JX
18106,못했,VX+EP
18107,어요,EF
18108,전주,NNG
18109,에,JKB
18110,한옥마을,NNP
18111,과,JC
18112,초등,NNG
18113,아이,NNG
18114,랑,JKB
18115,전주,NNG
18116,여행,NNG
18117,코스,NNG
18118,",",SC
18119,맛집,NNG
18120,추천,NNG
18121,부탁,NNG
18122,합니다,XSV+EF
18123,아이,NNG
18124,와,JC
18125,전주,NNG
18126,여행,NNG
18127,을,JKO
18128,계획,NNG
18129,하,XSV
18130,고,EC
18131,계시,VX
18132,군요,EF
18133,전,MM
18134,주,NNG
18135,에서,JKB
18136,아이,NNG
18137,와,JKB
18138,함께,MAG
18139,가,VV
18140,볼,EC+VX+ETM
18141,만,NNB
18142,한,XSA+ETM
18143,곳,NNG
18144,몇,MM
18145,군데,NNBC
18146,를,JKO
18147,추천,NNG
18148,드려,VV+EC
18149,보,VX
18150,도록,EC
18151,하,VX
18152,겠,EP
18153,습니다,EF
18154,1,SN
18155,전주,NNP
18156,한옥마을,NNP
18157,이미,MAG
18158,계획,NNG
18159,에,JKB
18160,넣,VV
18161,어,EC
18162,두,VX
18163,신,EP+ETM
18164,장소,NNG
18165,인,VCP+ETM
18166,전주,NNP
18167,한옥마을,NNP
18168,이,VCP
18169,예요,EC
18170,한복,NNG
18171,도,JX
18172,입,VV
18173,고,EC
18174,한옥마을,NNP
18175,을,JKO
18176,거닐,VV
18177,며,EC
18178,사진,NNG
18179,도,JX
18180,(,SSO
18181,급,NNG
18182,합니다,XSV+EF
18183,ㅠㅠ,UNKNOWN
18184,),SSC
18185,전주,NNG
18186,여행,NNG
18187,코스,NNG
18188,전주,NNG
18189,여행,NNG
18190,코스,NNG
18191,추천,NNG
18192,드립니다,VV+EF
18193,안녕,IC
18194,하,VV
18195,세요,EP+EF
18196,여행,NNG
18197,전문,NNG
18198,블로거,NNP
18199,쭈니,NNP
18200,아빠,NNG
18201,입니다,VCP+EF
18202,방학,NNG
18203,을,JKO
18204,맞,VV
18205,아서,EC
18206,친구,NNG
18207,분,NNB
18208,들,XSN
18209,과,JC
18210,전주,NNG
18211,여행,NNG
18212,을,JKO
18213,준비,NNG
18214,하,XSV
18215,고,EC
18216,계시,VX
18217,네요,EF
18218,전,NP+JX
18219,주,VX
18220,는,ETM
18221,한옥마을,NNP
18222,을,JKO
18223,중심,NNG
18224,으로,JKB
18225,가,VV
18226,볼,EC+VX+ETM
18227,만,NNB
18228,한,XSA+ETM
18229,곳,NNG
18230,이,JKS
18231,많,VA
18232,죠,EF
18233,터미널,NNG
18234,에서,JKB
18235,버스,NNG
18236,를,JKO
18237,타,VV
18238,고,EC
18239,한옥,NNG
18240,마을,NNG
18241,에,JKB
18242,전주,NNG
18243,여행,NNG
18244,순서,NNG
18245,좀,MAG
18246,알려,VV+EC
18247,주,VX
18248,세요,EP+EF
18249,~,SY
18250,전주,NNG
18251,여행,NNG
18252,을,JKO
18253,하,VV
18254,려고,EC
18255,하,VV
18256,는데요,EC
18257,덕진,NNP
18258,공원,NNG
18259,전주,NNP
18260,동물원,NNG
18261,한옥,NNG
18262,마을,NNG
18263,남부,NNG
18264,시장,NNG
18265,을,JKO
18266,가,VV
18267,려고,EC
18268,합니다,VX+EF
18269,전주,NNG
18270,시외버스,NNG
18271,공용,NNG
18272,터미널,NNG
18273,에서,JKB
18274,가까운,VA+ETM
18275,순서,NNG
18276,가,JKS
18277,어떻게,MAG
18278,될까요,VV+EF
18279,그리고,MAJ
18280,근처,NNG
18281,에,JKB
18282,가까운,VA+ETM
18283,바닷가,NNG
18284,는,JX
18285,어디,NP
18286,인가요,VCP+EC
18287,또,MAG
18288,이,MM
18289,외,NNB
18290,에,JKB
18291,구경,NNG
18292,할,XSV+ETM
18293,좋,VA
18294,은,ETM
18295,곳,NNG
18296,도,JX
18297,전주,NNG
18298,여행,NNG
18299,비용,NNG
18300,안녕,NNG
18301,하,XSV
18302,세요,EP+EF
18303,전,NP+JX
18304,주로,MAG
18305,여행,NNG
18306,가,VV
18307,려는,ETM
18308,학생,NNG
18309,입니다,VCP+EF
18310,수원,NNP
18311,살,VV
18312,고,EC
18313,있,VX
18314,고요,EC
18315,2,SN
18316,박,NNBC
18317,3,SN
18318,일,NNBC
18319,3,SN
18320,박,NNBC
18321,으로,JKB
18322,3,SN
18323,4,SN
18324,명,NNBC
18325,이,XSN
18326,서,JKS
18327,가려,VV+EC
18328,하,VV
18329,는데,EC
18330,비용,NNG
18331,이,JKS
18332,어느,MM
18333,정도,NNG
18334,나올까요,VV+EF
18335,수원,NNP
18336,에서,JKB
18337,전주,NNP
18338,까지,JX
18339,는,JX
18340,자가용,NNG
18341,으로,JKB
18342,도,JX
18343,2,SN
18344,시간,NNBC
18345,정도,NNG
18346,걸리,VV
18347,는,ETM
18348,코스,NNG
18349,인데요,VCP+EF
18350,대중교통,NNG
18351,으로,JKB
18352,간다,VV+EC
18353,라면,NNG
18354,조금,MAG
18355,더,MAG
18356,전주,NNG
18357,여행,NNG
18358,음식점,NNG
18359,25,SN
18360,일,NNBC
18361,날,NNG
18362,전주,NNG
18363,여행,NNG
18364,을,JKO
18365,가,VV
18366,는데,EC
18367,전주,NNP
18368,동물원,NNP
18369,이랑,JC
18370,레일바이크,NNP
18371,아중,NNG
18372,저,MM
18373,수지,NNG
18374,오,NR
18375,목대,NNG
18376,주변,NNG
18377,에,JKB
18378,맛집,NNG
18379,이나,JC
18380,음식,NNG
18381,먹,VV
18382,을,ETM
18383,만,NNB
18384,한,XSA+ETM
18385,거,NNB
18386,있,VA
18387,으면,EC
18388,추천,NNG
18389,해,XSV+EC
18390,주,VX
18391,세여,EP+EF
18392,내공,NNP
18393,100,SN
18394,드려,VV+EC
18395,여,NNG
18396,추가,NNG
18397,로,JKB
18398,터미널,NNG
18399,쪽,NNB
18400,에,JKB
18401,도,JX
18402,알려,VV+EC
18403,주,VX
18404,시,EP
18405,면,EC
18406,고맙,VA
18407,습니다,EF
18408,답변,NNG
18409,한옥,NNG
18410,마을,NNG
18411,에,JKB
18412,에루화,IC
18413,떡갈비,NNG
18414,중,NNG
18415,2,SN
18416,여학생,NNG
18417,친구,NNG
18418,와,JC
18419,전주,NNG
18420,여행,NNG
18421,안녕,NNG
18422,하,XSV
18423,세요,EP+EF
18424,중,NNB
18425,2,SN
18426,15,SN
18427,살,NNBC
18428,여학생,NNG
18429,입니다,VCP+EF
18430,친한,VA+ETM
18431,친구,NNG
18432,와,JC
18433,둘,NR
18434,이,XSN
18435,서,JKS
18436,전주,NNG
18437,여행,NNG
18438,을,JKO
18439,가,VV
18440,기,ETN
18441,로,JKB
18442,했,VV+EP
18443,는데,EC
18444,어디,NP
18445,로,JKB
18446,가,VV
18447,야,EC
18448,할지,VX+EC
18449,를,JKO
18450,몰라서,VV+EC
18451,너무,MAG
18452,막막,XR
18453,합니다,XSA+EF
18454,저희,NP
18455,둘,NR
18456,다,MAG
18457,일본,NNP
18458,애니,NNP
18459,를,JKO
18460,너무,MAG
18461,좋,VA
18462,아,EC
18463,하,VV
18464,는데,EC
18465,전주,NNG
18466,에,JKB
18467,오타쿠,NNP
18468,들,XSN
18469,이,JKS
18470,갈만,NNG
18471,할,XSV+ETM
18472,곳,NNB
18473,있,VV
18474,을까요,EC
18475,제발,MAG
18476,알려,VV+EC
18477,주,VX
18478,세요,EP+EF
18479,부모,NNG
18480,닝,NNP
18481,모시,VV
18482,고,EC
18483,전주,NNG
18484,여행,NNG
18485,부모,NNG
18486,님,XSN
18487,모시,VV
18488,고,EC
18489,전주,NNG
18490,여행,NNG
18491,가,VV
18492,려는데,EC
18493,명소,NNG
18494,식당,NNG
18495,추천,NNG
18496,부탁,NNG
18497,드립니다,VV+EC
18498,전주,NNG
18499,는,JX
18500,한옥마을,NNP
18501,로,JKB
18502,유명,XR
18503,한,XSA+ETM
18504,완산구,NNP
18505,가,JKS
18506,있,VA
18507,으며,EC
18508,덕진구,NNP
18509,또한,MAJ
18510,멋진,VA+ETM
18511,추억,NNG
18512,을,JKO
18513,가진,VV+ETM
18514,장소,NNG
18515,가,JKS
18516,많이,MAG
18517,2,SN
18518,박,NNBC
18519,3,SN
18520,일,NNBC
18521,전주,NNG
18522,여행,NNG
18523,이번,NNG
18524,주,NNG
18525,토,NNG
18526,월,NNG
18527,2,SN
18528,박,NNBC
18529,3,SN
18530,일,NNBC
18531,여자,NNG
18532,친구,NNG
18533,와,JC
18534,전주,NNG
18535,여행,NNG
18536,을,JKO
18537,가,VV
18538,는데,EC
18539,여행,NNG
18540,경로,NNG
18541,좀,MAG
18542,알려,VV+EC
18543,주,VX
18544,세요,EP+EF
18545,토요일,NNG
18546,엔,JKB+JX
18547,비,NNG
18548,가,JKS
18549,온다고,VV+EC
18550,하,VV
18551,는데,EC
18552,실내,NNG
18553,데이트,NNG
18554,가능,NNG
18555,한,XSA+ETM
18556,곳,NNG
18557,도,JX
18558,알려,VV+EC
18559,주,VX
18560,시,EP
18561,면,EC
18562,감사,NNG
18563,하,XSV
18564,겠,EP
18565,습니다,EF
18566,숙소,NNG
18567,는,JX
18568,전주,NNP
18569,한옥,NNG
18570,마을,NNG
18571,근처,NNG
18572,에,JKB
18573,잡,VV
18574,았,EP
18575,습니다,EF
18576,토,NNP
18577,한옥마을,NNP
18578,구경,NNG
18579,후,NNG
18580,전주,NNP
18581,1,SN
18582,박,NNBC
18583,2,SN
18584,일,NNBC
18585,여행,NNG
18586,저녁,NNG
18587,엔,JKB+JX
18588,전,MM
18589,주천,NNG
18590,산책,NNG
18591,길,NNG
18592,따라,VV+EC
18593,걷,VV
18594,거나,EC
18595,한옥,NNG
18596,마을,NNG
18597,근처,NNG
18598,에서,JKB
18599,야경,NNG
18600,즐기,VV
18601,시,EP
18602,는,ETM
18603,것,NNB
18604,도,JX
18605,너무,MAG
18606,좋,VA
18607,답니다,EF
18608,혹시,MAG
18609,일정,NNG
18610,이나,JC
18611,관심,NNG
18612,있,VA
18613,는,ETM
18614,테마,NNG
18615,사진,NNG
18616,카페,NNG
18617,체험,NNG
18618,등,NNB
18619,더,MAG
18620,알려,VV+EC
18621,주,VX
18622,시,EP
18623,면,EC
18624,맞춤,VV+EC
18625,추천,NNG
18626,도,JX
18627,해,VV+EC
18628,드릴,VX+ETM
18629,수,NNB
18630,있,VV
18631,어요,EF
18632,즐거운,VA+ETM
18633,전주,NNG
18634,여행,NNG
18635,되,XSV
18636,시,EP
18637,길,ETN+JKO
18638,바랄,VV+ETM
18639,게요,NNB+VCP+EC
18640,전주,NNG
18641,여행,NNG
18642,코스,NNG
18643,추천,NNG
18644,이,VCP
18645,요,EC
18646,~!,SY
18647,영화제,NNG
18648,기간,NNG
18649,일정,NNG
18650,으로,JKB
18651,2,SN
18652,박,NNBC
18653,3,SN
18654,일,NNBC
18655,전주,NNG
18656,여행,NNG
18657,좀,MAG
18658,가,VV
18659,볼까,EC+VX+EC
18660,해서,VV+EC
18661,요,MM
18662,여행,NNG
18663,코스,NNG
18664,추천,NNG
18665,좀,MAG
18666,해,VV+EC
18667,주,VX
18668,세요,EP+EF
18669,어차피,MAG
18670,주목적,NNG
18671,은,JX
18672,전주국,NNG
18673,제,XSN
18674,영화제,NNG
18675,니까,VCP+EC
18676,많,VA
18677,은,ETM
18678,곳,NNG
18679,을,JKO
18680,둘러보,VV
18681,지,EC
18682,는,JX
18683,못,MAG
18684,할,VV+ETM
18685,거,NNB
18686,에요,VCP+EF
18687,그냥,MAG
18688,전주,NNG
18689,하,XSV
18690,면,EC
18691,꼭,MAG
18692,가,VV
18693,볼,EC+VX+ETM
18694,만,NNB
18695,한,XSA+ETM
18696,곳,NNG
18697,알짜배기,NNG
18698,만,JX
18699,추천,NNG
18700,해,XSV+EC
18701,주,VX
18702,세,VA
18703,욜,EC
18704,전주,NNG
18705,전주,NNG
18706,여행,NNG
18707,전,NNG
18708,주로,MAG
18709,커플,NNG
18710,여행,NNG
18711,가,VV
18712,려고,EC
18713,하,VV
18714,는데,EC
18715,추천,NNG
18716,좀,MAG
18717,해,VV+EC
18718,주,VX
18719,세요,EP+EF
18720,숙소,NNG
18721,는,JX
18722,잡,VV
18723,았,EP
18724,고,EC
18725,놀,VX+ETM
18726,거리,NNG
18727,랑,JKB
18728,맛집,NNG
18729,등등,NNB
18730,추천,NNG
18731,해,XSV+EC
18732,주,VX
18733,시,EP
18734,면,EC
18735,감사,NNG
18736,하,XSV
18737,겠,EP
18738,습니다,EF
18739,한옥마을,NNP
18740,은,JX
18741,갈,VV+ETM
18742,겁니다,NNB+VCP+EF
18743,답변,NNG
18744,이,JKS
18745,도움,NNG
18746,되,XSV
18747,셨,EP+EP
18748,으면,EC
18749,좋,VA
18750,겠,EP
18751,습니다,EF
18752,한옥마을,NNP
18753,전주,NNP
18754,한옥마을,NNP
18755,전주,NNP
18756,맛집,NNG
18757,전주,NNG
18758,놀,VV
18759,거리,EC
18760,전주,NNG
18761,여행,NNG
18762,추천,NNG
18763,추석,NNG
18764,전주,NNG
18765,여행,NNG
18766,16,SN
18767,18,SN
18768,일,NNBC
18769,전,NNG
18770,주로,MAG
18771,여행,NNG
18772,가,VV
18773,려고,EC
18774,하,VV
18775,는데,EC
18776,그때,NNG
18777,한옥마을,NNP
18778,같,VA
18779,은,ETM
18780,관광지,NNG
18781,들,XSN
18782,은,JX
18783,문,NNG
18784,닫,VV
18785,을까요,EC
18786,추석,NNG
18787,당일,NNG
18788,은,JX
18789,문,NNG
18790,을,JKO
18791,닫,VV
18792,습니다,EF
18793,전주,NNG
18794,에,JKB
18795,도,JX
18796,이벤트,NNG
18797,가,JKS
18798,진행,NNG
18799,중,NNB
18800,입니다,VCP+EC
18801,8,SN
18802,27,SN
18803,화,NNG
18804,10,SN
18805,13,SN
18806,일,NNBC
18807,한국,NNP
18808,관광공사,NNP
18809,에서,JKB
18810,숙박,NNG
18811,세일,NNG
18812,페스타,NNP
18813,이벤트,NNG
18814,가,JKS
18815,진행,NNG
18816,중,NNB
18817,입니다,VCP+EC
18818,3,SN
18819,만,NR
18820,원,NNBC
18821,전주,NNG
18822,여행,NNG
18823,전,NNG
18824,연령,NNG
18825,렌트카,NNG
18826,추천,NNG
18827,이번,NNG
18828,에,JKB
18829,전주,NNG
18830,여행,NNG
18831,2,SN
18832,박,NNBC
18833,3,SN
18834,일,NNBC
18835,로,JKB
18836,가,VV
18837,는,ETM
18838,저,NP
18839,는,JX
18840,21,SN
18841,살,NNBC
18842,만,NNB
18843,으로,JKB
18844,만,MM
18845,19,SN
18846,세,NNBC
18847,입니다,VCP+EF
18848,전주,NNG
18849,전,NNG
18850,연령,NNG
18851,자동차,NNG
18852,추천,NNG
18853,좀,MAG
18854,부탁,NNG
18855,드리,VV
18856,겠,EP
18857,습니다,EF
18858,그리고,MAJ
18859,가격,NNG
18860,도,JX
18861,2,SN
18862,일,NNBC
18863,렌트,NNG
18864,하,XSV
18865,면,EC
18866,총,MM
18867,어느,MM
18868,정도,NNG
18869,나올까요,VV+EF
18870,전,MM
18871,주,NNG
18872,에서,JKB
18873,21,SN
18874,세,NNBC
18875,이상,NNG
18876,렌트,NNG
18877,가능,NNG
18878,한,XSA+ETM
18879,자동차,NNG
18880,를,JKO
18881,찾아보,VV
18882,세요,EP+EF
18883,가격,NNG
18884,은,JX
18885,전주,NNP
18886,-,SY
18887,포항,NNP
18888,여행,NNG
18889,전주,NNG
18890,에서,JKB
18891,포항,NNP
18892,까지,JX
18893,여행,NNG
18894,기차,NNG
18895,가,JKS
18896,나,VV
18897,을까요,EC
18898,버스,NNG
18899,가,JKS
18900,나,VV
18901,을까요,EC
18902,안녕,NNG
18903,하,XSV
18904,세요,EP+EF
18905,전,MM
18906,주,NNG
18907,에서,JKB
18908,포항,NNP
18909,까지,JX
18910,여행,NNG
18911,을,JKO
18912,할,VV+ETM
18913,때,NNG
18914,기차,NNG
18915,와,JC
18916,버스,NNG
18917,각각,MAG
18918,장단점,NNG
18919,이,JKS
18920,있,VV
18921,으므로,EC
18922,어떤,MM
18923,방법,NNG
18924,이,JKS
18925,더,MAG
18926,나,VV
18927,은지,EC
18928,결정,NNG
18929,하,XSV
18930,는,ETM
18931,데,NNB
18932,있,VV
18933,어,EC
18934,몇,MM
18935,가지,NNBC
18936,요소,NNG
18937,를,JKO
18938,고려,NNG
18939,할,XSV+ETM
18940,필요,NNG
18941,가,JKS
18942,있,VA
18943,습니다,EF
18944,1,SN
18945,전주,NNP
18946,펜션,NNG
18947,한옥,NNG
18948,으로,JKB
18949,된,VV+ETM
18950,곳,NNG
18951,이,VCP
18952,요,EF
18953,!,SF
18954,이번,NNG
18955,에,JKB
18956,남자,NNG
18957,친구,NNG
18958,랑,JKB
18959,같이,MAG
18960,2,SN
18961,박,NNBC
18962,3,SN
18963,일,NNBC
18964,전주,NNG
18965,여행,NNG
18966,가,VV
18967,기,ETN
18968,로,JKB
18969,해서,VV+EC
18970,얼른,MAG
18971,전주,NNP
18972,펜션,NNG
18973,알,VV
18974,아,EC
18975,봐야,VX+EC
18976,하,VV
18977,는데,EC
18978,한옥,NNG
18979,마을,NNG
18980,근처,NNG
18981,나,JC
18982,한옥,NNG
18983,느낌,MAG
18984,나,NP
18985,는,JX
18986,전주,NNP
18987,펜션,NNG
18988,쪽,NNB
18989,으로,JKB
18990,갈,VV+ETM
18991,만,NNB
18992,한,XSA+ETM
18993,데,NNB
18994,없,VA
18995,을까요,EC
18996,내부,NNG
18997,는,JX
18998,정감,NNG
18999,있,VV
19000,는,ETM
19001,분위기,NNG
19002,면,VCP+EC
19003,다,MAG
19004,좋,VA
19005,을,ETM
19006,것,NNB
19007,같,VA
19008,아요,EF
19009,빠른,VA+ETM
19010,답변,NNG
19011,꼭,MAG
19012,부탁,NNG
19013,드,VV
19014,랴,EC
19015,용,NNG
19016,전주,NNG
19017,여행,NNG
19018,주세요,NNP
19019,전주,NNG
19020,는,JX
19021,한옥마을,NNP
19022,로,JKB
19023,유명,XR
19024,한,XSA+ETM
19025,완산구,NNP
19026,가,JKS
19027,있,VA
19028,으며,EC
19029,덕진구,NNP
19030,또한,MAJ
19031,멋진,VA+ETM
19032,추억,NNG
19033,을,JKO
19034,가진,VV+ETM
19035,장소,NNG
19036,가,JKS
19037,많이,MAG
19038,있,VA
19039,습니다,EF
19040,완산구,NNP
19041,덕진구,NNP
19042,에,JKB
19043,대해서,VV+EC
19044,여행지,NNG
19045,를,JKO
19046,전주,NNG
19047,뚜벅,MAG
19048,이,MM
19049,여행,NNG
19050,5,SN
19051,월,NNBC
19052,달,NNG
19053,에,JKB
19054,엄마,NNG
19055,랑,JC
19056,전,NP+JX
19057,주로,MAG
19058,뚜벅,MAG
19059,이,MM
19060,여행,NNG
19061,계획,NNG
19062,중,NNB
19063,인데,VCP+EC
19064,답변,NNG
19065,부탁,NNG
19066,드려요,VV+EC
19067,1,SN
19068,기차,NNG
19069,랑,JKB
19070,고속버스,NNG
19071,중,NNB
19072,에,JKB
19073,어떤,MM
19074,걸,NNB+JKO
19075,타,VV
19076,는,ETM
19077,게,NNB+JKS
19078,좋,VA
19079,을까요,EC
19080,2,SN
19081,전주,NNG
19082,에,JKB
19083,도착,NNG
19084,해서,XSV+EC
19085,관광,NNG
19086,할,XSV+ETM
19087,때,NNG
19088,이용,NNG
19089,할,XSV+ETM
19090,수,NNB
19091,있,VV
19092,는,ETM
19093,교통수단,NNG
19094,은,JX
19095,어떤,MM
19096,게,NNB+JKS
19097,있,VA
19098,을까요,EC
19099,3,SN
19100,숙소,NNG
19101,추천,NNG
19102,도,JX
19103,부탁드려요,VV+EF
19104,서울,NNP
19105,전주,NNG
19106,당일치기,NNG
19107,여행,NNG
19108,요,JX
19109,어렵,VA
19110,네요,EF
19111,전주,NNG
19112,당일치기,NNG
19113,여행,NNG
19114,을,JKO
19115,계획,NNG
19116,중,NNB
19117,이,VCP
19118,시,EP
19119,군요,EF
19120,전,MM
19121,주역,NNP
19122,에서,JKB
19123,한옥마을,NNP
19124,까지,JX
19125,가,VV
19126,는,ETM
19127,방법,NNG
19128,과,JC
19129,당일치기,NNG
19130,코스,NNG
19131,를,JKO
19132,알려,VV+EC
19133,드릴게요,VX+EF
19134,전,MM
19135,주역,NNP
19136,에서,JKB
19137,한옥마을,NNP
19138,까지,JX
19139,가,VV
19140,는,ETM
19141,방법,NNG
19142,으로,JKB
19143,는,JX
19144,택시,NNG
19145,와,JC
19146,버스,NNG
19147,가,JKS
19148,있,VA
19149,어요,EF
19150,전,MM
19151,주역,NNP
19152,에서,JKB
19153,한옥마을,NNP
19154,까지,JX
19155,택시,NNG
19156,를,JKO
19157,전주,NNG
19158,여행,NNG
19159,2,SN
19160,박,NNBC
19161,3,SN
19162,일,NNBC
19163,경비,NNG
19164,보통,NNG
19165,전주,NNG
19166,여행,NNG
19167,2,SN
19168,박,NNBC
19169,3,SN
19170,일,NNBC
19171,경비,NNG
19172,가,JKS
19173,얼마,NNG
19174,정도,NNG
19175,드나,VV
19176,요,EC
19177,숙소,NNG
19178,는,JX
19179,1,SN
19180,박,NNBC
19181,에,JKB
19182,13,SN
19183,만,NR
19184,원,NNBC
19185,인데,VCP+EC
19186,를,JKO
19187,가,VV
19188,려고,EC
19189,하,VV
19190,는,ETM
19191,데,NNB
19192,비싼,VA+ETM
19193,건가요,NNB+VCP+EC
19194,질문,NNG
19195,에,JKB
19196,도움,NNG
19197,이,JKS
19198,되,VV
19199,는,ETM
19200,답변,NNG
19201,이,JKS
19202,되,VV
19203,셨,EP+EP
19204,길,ETN+JKO
19205,바래,VV
19206,요,EC
19207,2,SN
19208,박,NNBC
19209,3,SN
19210,일,NNBC
19211,전주,NNG
19212,여행,NNG
19213,예산,NNG
19214,30,SN
19215,만,NR
19216,원,NNBC
19217,내외,NNG
19218,숙소,NNG
19219,13,SN
19220,만,NR
19221,원,NNBC
19222,은,JX
19223,적당,XR
19224,합니다,XSA+EC
19225,1,SN
19226,박,NNBC
19227,2,SN
19228,일,NNBC
19229,전주,NNP
19230,커플,NNG
19231,여행,NNG
19232,전주,NNG
19233,여행,NNG
19234,에,JKB
19235,대해,VV+EC
19236,도움,NNG
19237,을,JKO
19238,드릴게요,VV+EC
19239,1,SN
19240,남자,NNG
19241,친구,NNG
19242,의,JKG
19243,차,NNG
19244,를,JKO
19245,이용,NNG
19246,할지,XSV+EC
19247,KTX,SL
19248,를,JKO
19249,이용,NNG
19250,할지,XSV+EC
19251,에,JKB
19252,대해서,VV+EC
19253,는,JX
19254,여러,MM
19255,가지,NNBC
19256,요소,NNG
19257,를,JKO
19258,고려,NNG
19259,해,XSV+EC
19260,보,VX
19261,셔야,EP+EC
19262,합니다,VX+EF
19263,만약,MAG
19264,교통,NNG
19265,체증,NNG
19266,이,JKS
19267,예상,NNG
19268,되,XSV
19269,는,ETM
19270,날짜,NNG
19271,라면,VCP+EC
19272,KTX,SL
19273,를,JKO
19274,이용,NNG
19275,하,XSV
19276,는,ETM
19277,것,NNB
19278,이,JKS
19279,편할,VA+ETM
19280,수,NNB
19281,있,VV
19282,습니다,EF
19283,또한,MAJ
19284,남자,NNG
19285,친구,NNG
19286,의,NNG
19287,남,NNG
19288,해,XSV+EC
19289,",",SC
19290,전주,NNG
19291,여행,NNG
19292,남,NNG
19293,해,XSV+EC
19294,전주,NNG
19295,여행,NNG
19296,가,VV
19297,려는데,EC
19298,여행지,NNG
19299,와,JC
19300,맛집,NNG
19301,추천,NNG
19302,좀,MAG
19303,해,VV+EC
19304,주,VX
19305,세요,EP+EF
19306,보리암,NNP
19307,다랭이,NNG
19308,굴,NNG
19309,독일,NNP
19310,마을,NNG
19311,전주,NNP
19312,한옥마을,NNP
19313,빼,VV
19314,고,EC
19315,두세,MM
19316,개,NNBC
19317,씩,XSN
19318,5,SN
19319,명,NNBC
19320,이,XSN
19321,서,JKS
19322,갈,VV+ETM
19323,곳,NNG
19324,맛집,NNG
19325,빨리,MAG
19326,추천,NNG
19327,해,XSV+EC
19328,주,VX
19329,세요,EP+EF
19330,앞,NNG
19331,에,JKB
19332,말,NNG
19333,했,XSV+EP
19334,던,ETM
19335,곳,NNG
19336,은,JX
19337,갈,VV+ETM
19338,꺼,NNB+VCP
19339,라서,EC
19340,추천,NNG
19341,안,MAG
19342,해,VV+EC
19343,주,VX
19344,셔도,EP+EC
19345,됩니다,VV+EF
19346,전주,NNG
19347,여행,NNG
19348,전주,NNG
19349,맛집,NNG
19350,전주,NNG
19351,여행,NNG
19352,갈,VV+ETM
19353,곳,NNG
19354,추천,NNG
19355,전주,NNG
19356,여행,NNG
19357,전주,NNG
19358,맛집,NNG
19359,국내,NNG
19360,여행,NNG
19361,전,NNG
19362,주달,NNG
19363,봉,NNG
19364,이,JKS
19365,달,NNG
19366,봉,NNG
19367,티비,NNG
19368,전주,NNG
19369,여행,NNG
19370,코스,NNG
19371,전주,NNG
19372,가,JKS
19373,볼,VV+ETM
19374,만,NNB
19375,한,XSA+ETM
19376,곳,NNG
19377,여수,NNG
19378,여행,NNG
19379,여수,NNG
19380,가,JKS
19381,볼,VV+ETM
19382,만,NNB
19383,한,XSA+ETM
19384,곳,NNB
19385,제주,NNP
19386,도,JX
19387,여행,NNG
19388,제주도,NNP
19389,가,JKS
19390,볼,VV+ETM
19391,만,NNB
19392,한,XSA+ETM
19393,곳,NNG
19394,여행,NNG
19395,전문,NNG
19396,인,VCP+ETM
19397,플,NNG
19398,루,JKB
19399,언서,NNG
19400,전,NNG
19401,주달,NNG
19402,봉이,NNG
19403,입니다,VCP+EF
19404,전주,NNG
19405,여행,NNG
19406,코스,NNG
19407,는,JX
19408,한옥,NNG
19409,마을,NNG
19410,에서부터,JKB
19411,전주,NNG
19412,여행,NNG
19413,1,SN
19414,박,NNBC
19415,2,SN
19416,일,NNBC
19417,코스,NNG
19418,질문,NNG
19419,요,JX
19420,.,SF
19421,코스,NNG
19422,한,MM
19423,번,NNBC
19424,짜,VV+EC
19425,주,VX
19426,실,EP+ETM
19427,분,NNB
19428,전라도,NNP
19429,쪽,NNB
19430,은,JX
19431,저,NP
19432,도,JX
19433,여행,NNG
19434,을,JKO
19435,간,VV+ETM
19436,적,NNB
19437,이,JKS
19438,없,VA
19439,어서,EC
19440,전주,NNG
19441,여행,NNG
19442,전주,NNG
19443,맛집,NNG
19444,국내,NNG
19445,여행,NNG
19446,전,NNG
19447,주달,NNG
19448,봉,NNG
19449,이,JKS
19450,달,NNG
19451,봉,NNG
19452,티비,NNG
19453,전주,NNG
19454,여행,NNG
19455,코스,NNG
19456,전주,NNG
19457,가,JKS
19458,볼,VV+ETM
19459,만,NNB
19460,한,XSA+ETM
19461,곳,NNG
19462,여수,NNG
19463,여행,NNG
19464,여수,NNG
19465,가,JKS
19466,볼,VV+ETM
19467,만,NNB
19468,한,XSA+ETM
19469,곳,NNB
19470,제주,NNP
19471,도,JX
19472,여행,NNG
19473,제주도,NNP
19474,가,JKS
19475,볼,VV+ETM
19476,만,NNB
19477,한,XSA+ETM
19478,곳,NNG
19479,여행,NNG
19480,전문,NNG
19481,인,VCP+ETM
19482,플,NNG
19483,루,JKB
19484,언서,NNG
19485,전주,NNG
19486,여행,NNG
19487,3,SN
19488,일,NNBC
19489,전주,NNG
19490,여행,NNG
19491,3,SN
19492,일,NNBC
19493,간다면,VV+EC
19494,여행,NNG
19495,총,MM
19496,비용,NNG
19497,이,JKS
19498,얼마,NNG
19499,나올까요,VV+EF
19500,전주,NNG
19501,여행,NNG
19502,의,JKG
19503,총,MM
19504,비용,NNG
19505,은,JX
19506,여러,MM
19507,요소,NNG
19508,에,JKB
19509,따라,VV+EC
19510,달라지,VV
19511,지만,EC
19512,일반,NNG
19513,적,XSN
19514,으로,JKB
19515,다음,NNG
19516,과,JKB
19517,같,VA
19518,은,ETM
19519,항목,NNG
19520,들,XSN
19521,이,JKS
19522,포함,NNG
19523,됩니다,XSV+EC
19524,1,SN
19525,교통비,NNG
19526,전주,NNG
19527,까지,JX
19528,이동,NNG
19529,하,XSV
19530,기,ETN
19531,위한,VV+ETM
19532,교통,NNG
19533,비용,NNG
19534,이,JKS
19535,있,VV
19536,을,ETM
19537,것,NNB
19538,입니다,VCP+EF
19539,이,NP
19540,는,JX
19541,여행,NNG
19542,하,XSV
19543,는,ETM
19544,전주,NNG
19545,여행,NNG
19546,코스,NNG
19547,전주,NNG
19548,여행,NNG
19549,전주,NNG
19550,맛집,NNG
19551,국내,NNG
19552,여행,NNG
19553,전,NNG
19554,주달,NNG
19555,봉,NNG
19556,이,JKS
19557,달,NNG
19558,봉,NNG
19559,티비,NNG
19560,전주,NNG
19561,여행,NNG
19562,코스,NNG
19563,전주,NNG
19564,가,JKS
19565,볼,VV+ETM
19566,만,NNB
19567,한,XSA+ETM
19568,곳,NNG
19569,여수,NNG
19570,여행,NNG
19571,여수,NNG
19572,가,JKS
19573,볼,VV+ETM
19574,만,NNB
19575,한,XSA+ETM
19576,곳,NNB
19577,제주,NNP
19578,도,JX
19579,여행,NNG
19580,제주도,NNP
19581,가,JKS
19582,볼,VV+ETM
19583,만,NNB
19584,한,XSA+ETM
19585,곳,NNG
19586,여행,NNG
19587,전문,NNG
19588,인,VCP+ETM
19589,플,NNG
19590,루,JKB
19591,언서,NNG
19592,전,NNG
19593,주달,NNG
19594,봉이,NNG
19595,입니다,VCP+EF
19596,전주,NNG
19597,여행,NNG
19598,코스,NNG
19599,는,JX
19600,한옥,NNG
19601,마을,NNG
19602,에서부터,JKB
19603,시작,NNG
19604,을,JKO
19605,전주,NNG
19606,당일치기,NNG
19607,혼자,NNG
19608,여행,NNG
19609,코스,NNG
19610,추천,NNG
19611,박물관,NNG
19612,미술관,NNG
19613,지역,NNG
19614,공간,NNG
19615,을,JKO
19616,스토리,NNG
19617,로,JKB
19618,엮,VV
19619,어,EC
19620,안내,NNG
19621,하,XSV
19622,는,ETM
19623,해설,NNG
19624,형,XSN
19625,문화,NNG
19626,코스,NNG
19627,노,VV
19628,쇼,EC
19629,방지,NNG
19630,를,JKO
19631,위해,VV+EC
19632,5,SN
19633,천,NR
19634,원,NNBC
19635,예약금,NNG
19636,만,JX
19637,결제,NNG
19638,하,XSV
19639,고,EC
19640,현장,NNG
19641,에서,JKB
19642,5,SN
19643,천,NR
19644,천,NR
19645,원,NNBC
19646,상당,NNG
19647,음료,NNG
19648,기프,NNP
19649,티,NNG
19650,콘,NNG
19651,으로,JKB
19652,환급,NNG
19653,선착순,NNG
19654,마감,NNG
19655,이,VCP
19656,라,EC
19657,전주,NNG
19658,여행,NNG
19659,계획,NNG
19660,있,VV
19661,으신,EP+ETM
19662,분,NNB
19663,들,XSN
19664,은,JX
19665,전주,NNG
19666,여행,NNG
19667,차,NNG
19668,가,JKS
19669,필요,NNG
19670,한,XSA+ETM
19671,가요,NNG
19672,안녕,NNG
19673,하,XSV
19674,세요,EP+EF
19675,1,SN
19676,박,NNBC
19677,2,SN
19678,일,NNBC
19679,전주,NNG
19680,여행,NNG
19681,계획,NNG
19682,중,NNB
19683,입니다,VCP+EF
19684,서울,NNP
19685,에서,JKB
19686,전주,NNP
19687,까지,JX
19688,는,JX
19689,기차,NNG
19690,를,JKO
19691,타,VV
19692,고,EC
19693,갈,VX+ETM
19694,건데,NNB+VCP+EC
19695,전주,NNG
19696,내,NNB
19697,에서,JKB
19698,렌트,NNG
19699,를,JKO
19700,해야,VV+EC
19701,할지,VX+EC
19702,궁금,XR
19703,합니다,XSA+EF
19704,참고,NNG
19705,로,JKB
19706,전주,NNP
19707,한옥마을,NNP
19708,포함,NNG
19709,해서,XSV+EC
19710,유명,NNG
19711,관광지,NNG
19712,만,JX
19713,돌아볼,VV+ETM
19714,계획,NNG
19715,입니다,VCP+EF
19716,전주,NNG
19717,여행,NNG
19718,전주,NNG
19719,맛집,NNG
19720,국내,NNG
19721,여행,NNG
19722,전주,NNG
19723,여행,NNG
19724,.,SF
19725,.,SY
19726,전주,NNG
19727,여행,NNG
19728,전주,NNG
19729,맛집,NNG
19730,국내,NNG
19731,여행,NNG
19732,전,NNG
19733,주달,NNG
19734,봉,NNG
19735,이,JKS
19736,달,NNG
19737,봉,NNG
19738,티비,NNG
19739,전주,NNG
19740,여행,NNG
19741,코스,NNG
19742,전주,NNG
19743,가,JKS
19744,볼,VV+ETM
19745,만,NNB
19746,한,XSA+ETM
19747,곳,NNG
19748,여수,NNG
19749,여행,NNG
19750,여수,NNG
19751,가,JKS
19752,볼,VV+ETM
19753,만,NNB
19754,한,XSA+ETM
19755,곳,NNB
19756,제주,NNP
19757,도,JX
19758,여행,NNG
19759,제주도,NNP
19760,가,JKS
19761,볼,VV+ETM
19762,만,NNB
19763,한,XSA+ETM
19764,곳,NNG
19765,여행,NNG
19766,전문,NNG
19767,인,VCP+ETM
19768,플,NNG
19769,루,JKB
19770,언서,NNG
19771,전,NNG
19772,주달,NNG
19773,봉이,NNG
19774,입니다,VCP+EF
19775,전,NP+JX
19776,주,VX
19777,는,ETM
19778,대중교통,NNG
19779,이나,JC
19780,택시,NNG
19781,이용,NNG
19782,하,XSV
19783,시,EP
19784,는,ETM
19785,걸,NNB+JKO
19786,전주,NNG
19787,완주,NNG
19788,여행,NNG
19789,전주,NNG
19790,여행,NNG
19791,전주,NNG
19792,맛집,NNG
19793,국내,NNG
19794,여행,NNG
19795,전,NNG
19796,주달,NNG
19797,봉,NNG
19798,이,JKS
19799,달,NNG
19800,봉,NNG
19801,티비,NNG
19802,전주,NNG
19803,여행,NNG
19804,코스,NNG
19805,전주,NNG
19806,가,JKS
19807,볼,VV+ETM
19808,만,NNB
19809,한,XSA+ETM
19810,곳,NNG
19811,여수,NNG
19812,여행,NNG
19813,여수,NNG
19814,가,JKS
19815,볼,VV+ETM
19816,만,NNB
19817,한,XSA+ETM
19818,곳,NNB
19819,제주,NNP
19820,도,JX
19821,여행,NNG
19822,제주도,NNP
19823,가,JKS
19824,볼,VV+ETM
19825,만,NNB
19826,한,XSA+ETM
19827,곳,NNG
19828,여행,NNG
19829,전문,NNG
19830,인,VCP+ETM
19831,플,NNG
19832,루,JKB
19833,언서,NNG
19834,전,NNG
19835,주달,NNG
19836,봉이,NNG
19837,입니다,VCP+EF
19838,완주,NNP
19839,어느,MM
19840,쪽,NNB
19841,을,JKO
19842,여행,NNG
19843,하,XSV
19844,느냐,EC
19845,에,JKB
19846,따라,VV+EC
19847,전주,NNP
19848,3,SN
19849,박,NNBC
19850,4,SN
19851,일,NNBC
19852,여행,NNG
19853,부탁,NNG
19854,드립니다,VV+EC
19855,전주,NNG
19856,여행,NNG
19857,전주,NNG
19858,맛집,NNG
19859,국내,NNG
19860,여행,NNG
19861,전,NNG
19862,주달,NNG
19863,봉,NNG
19864,이,JKS
19865,달,NNG
19866,봉,NNG
19867,티비,NNG
19868,전주,NNG
19869,여행,NNG
19870,코스,NNG
19871,전주,NNG
19872,가,JKS
19873,볼,VV+ETM
19874,만,NNB
19875,한,XSA+ETM
19876,곳,NNG
19877,여수,NNG
19878,여행,NNG
19879,여수,NNG
19880,가,JKS
19881,볼,VV+ETM
19882,만,NNB
19883,한,XSA+ETM
19884,곳,NNB
19885,제주,NNP
19886,도,JX
19887,여행,NNG
19888,제주도,NNP
19889,가,JKS
19890,볼,VV+ETM
19891,만,NNB
19892,한,XSA+ETM
19893,곳,NNG
19894,여행,NNG
19895,전문,NNG
19896,인,VCP+ETM
19897,플,NNG
19898,루,JKB
19899,언서,NNG
19900,전,NNG
19901,주달,NNG
19902,봉이,NNG
19903,입니다,VCP+EF
19904,전주,NNG
19905,여행,NNG
19906,코스,NNG
19907,는,JX
19908,전주,NNG
19909,여행,NNG
19910,코스,NNG
19911,좀,MAG
19912,짜,VV+EC
19913,주,VX
19914,세요,EP+EF
19915,ㅜㅜ,UNKNOWN
19916,전주,NNG
19917,여행,NNG
19918,코스,NNG
19919,를,JKO
19920,짜,VV+EC
19921,드릴,VX+ETM
19922,수,NNB
19923,있,VV
19924,습니다,EF
19925,전,NP+JX
19926,주,VX
19927,는,ETM
19928,역사,NNG
19929,적,XSN
19930,인,VCP+ETM
19931,유적지,NNG
19932,와,JC
19933,전통문화,NNG
19934,가,JKS
19935,빛나,VV
19936,는,ETM
19937,곳,NNG
19938,으로,JKB
19939,유명,XR
19940,한데요,XSA+EF
19941,먼저,MAG
19942,전주,NNP
19943,한옥마을,NNP
19944,을,JKO
19945,방문,NNG
19946,하,XSV
19947,시,EP
19948,면,EC
19949,한,MM
19950,옥,NNG
19951,의,JKG
19952,아름다움,VA+ETN
19953,을,JKO
19954,느낄,VV+ETM
19955,수,NNB
19956,있,VV
19957,습니다,EF
19958,여행,NNG
19959,의,JKG
19960,시작,NNG
19961,지,XSV
19962,라고,EC
19963,할,VX+ETM
19964,수,NNB
19965,있,VV
19966,는,ETM
19967,전주,NNP
19968,한옥,NNG
19969,마을,NNG
19970,에서,JKB
19971,전주,NNG
19972,여행,NNG
19973,대중교통,NNG
19974,이랑,JC
19975,렌트카,NNG
19976,중,NNB
19977,어떤,MM
19978,게,NNB+JKS
19979,좋,VA
19980,을까요,EF
19981,?,SF
19982,전주,NNG
19983,여행,NNG
19984,때,NNG
19985,움직이,VV
19986,기,ETN
19987,차,NNG
19988,가,JKS
19989,편할지,VA+EC
19990,대중교통,NNG
19991,이,JKS
19992,편할지,VA+EC
19993,알려,VV+EC
19994,주,VX
19995,세요,EP+EF
19996,교통,NNG
19997,상황,NNG
19998,이,JKS
19999,어떤지,VA+EC
20000,궁금,XR
20001,합니다,XSA+EF
20002,전주,NNG
20003,여행,NNG
20004,전주,NNG
20005,맛집,NNG
20006,국내,NNG
20007,여행,NNG
20008,전,NNG
20009,주달,NNG
20010,봉,NNG
20011,이,JKS
20012,달,NNG
20013,봉,NNG
20014,티비,NNG
20015,전주,NNG
20016,여행,NNG
20017,코스,NNG
20018,전주,NNG
20019,가,JKS
20020,볼,VV+ETM
20021,만,NNB
20022,한,XSA+ETM
20023,곳,NNG
20024,여수,NNG
20025,여행,NNG
20026,여수,NNG
20027,가,JKS
20028,볼,VV+ETM
20029,만,NNB
20030,한,XSA+ETM
20031,곳,NNB
20032,제주,NNP
20033,도,JX
20034,여행,NNG
20035,전주,NNG
20036,여행,NNG
20037,전주,NNG
20038,여행,NNG
20039,을,JKO
20040,가시,VV
20041,려,EC
20042,하,VV
20043,는군요,EC
20044,그렇,VA
20045,다면,EC
20046,전주,NNP
20047,에서,JKB
20048,연인,NNG
20049,들,XSN
20050,이,JKS
20051,제일,MAG
20052,많이,MAG
20053,찾,VV
20054,는,ETM
20055,곳,NNG
20056,들,XSN
20057,추천,NNG
20058,해,XSV+EC
20059,드리,VX
20060,겠,EP
20061,습니다,EF
20062,전주,NNP
20063,한옥마을,NNP
20064,전주,NNP
20065,동물원,NNP
20066,한국도로공사,NNP
20067,수목원,NNG
20068,전주,NNP
20069,향교,NNP
20070,덕진,NNP
20071,공원,NNG
20072,전주,NNG
20073,여행,NNG
20074,관련,NNG
20075,전주,NNG
20076,여행,NNG
20077,전주,NNG
20078,맛집,NNG
20079,국내,NNG
20080,여행,NNG
20081,전,NNG
20082,주달,NNG
20083,봉,NNG
20084,이,JKS
20085,달,NNG
20086,봉,NNG
20087,티비,NNG
20088,전주,NNG
20089,여행,NNG
20090,코스,NNG
20091,전주,NNG
20092,가,JKS
20093,볼,VV+ETM
20094,만,NNB
20095,한,XSA+ETM
20096,곳,NNG
20097,여수,NNG
20098,여행,NNG
20099,여수,NNG
20100,가,JKS
20101,볼,VV+ETM
20102,만,NNB
20103,한,XSA+ETM
20104,곳,NNB
20105,제주,NNP
20106,도,JX
20107,여행,NNG
20108,제주도,NNP
20109,가,JKS
20110,볼,VV+ETM
20111,만,NNB
20112,한,XSA+ETM
20113,곳,NNG
20114,여행,NNG
20115,전문,NNG
20116,인,VCP+ETM
20117,플,NNG
20118,루,JKB
20119,언서,NNG
20120,전,NNG
20121,주달,NNG
20122,봉이,NNG
20123,입니다,VCP+EF
20124,주말,NNG
20125,인지,VCP+EC
20126,평일,NNG
20127,인지,VCP+EC
20128,에,JKB
20129,따라,VV+EC
20130,다릅니다,VA+EC
20131,전주,NNG
20132,여행,NNG
20133,가,VV
20134,려고,EC
20135,하,VV
20136,는,ETM
20137,데,NNB
20138,1,SN
20139,박,NNBC
20140,2,SN
20141,일,NNBC
20142,vs,SL
20143,2,SN
20144,박,NNBC
20145,3,SN
20146,일,NNBC
20147,어떤,MM
20148,게,NNB+JKS
20149,적당,XR
20150,할지,XSA+EC
20151,추천,NNG
20152,좀,MAG
20153,해,VV+EC
20154,주,VX
20155,세요,EP+EF
20156,전주,NNG
20157,여행,NNG
20158,전주,NNG
20159,맛집,NNG
20160,국내,NNG
20161,여행,NNG
20162,전,NNG
20163,주달,NNG
20164,봉,NNG
20165,이,JKS
20166,달,NNG
20167,봉,NNG
20168,티비,NNG
20169,전주,NNG
20170,여행,NNG
20171,코스,NNG
20172,전주,NNG
20173,가,JKS
20174,볼,VV+ETM
20175,만,NNB
20176,한,XSA+ETM
20177,곳,NNG
20178,여수,NNG
20179,여행,NNG
20180,여수,NNG
20181,가,JKS
20182,볼,VV+ETM
20183,만,NNB
20184,한,XSA+ETM
20185,곳,NNB
20186,제주,NNP
20187,도,JX
20188,여행,NNG
20189,제주도,NNP
20190,가,JKS
20191,볼,VV+ETM
20192,만,NNB
20193,한,XSA+ETM
20194,곳,NNG
20195,여행,NNG
20196,전문,NNG
20197,인,VCP+ETM
20198,플,NNG
20199,루,JKB
20200,언서,NNG
20201,전,NNG
20202,주달,NNG
20203,봉이,NNG
20204,입니다,VCP+EC
20205,전주,NNG
20206,여행,NNG
20207,이번,NNG
20208,주,NNG
20209,에,JKB
20210,전주,NNG
20211,여행,NNG
20212,1,SN
20213,박,NNBC
20214,2,SN
20215,일,NNBC
20216,로,JKB
20217,처음,MAG
20218,가,VV
20219,는데,EC
20220,가,VX
20221,볼,EC+VX+ETM
20222,데,NNB
20223,추천,NNG
20224,좀,MAG
20225,해,VV+EC
20226,주,VX
20227,세요,EP+EF
20228,걷,VV
20229,기,ETN
20230,좋,VA
20231,은데,EC
20232,위주,NNG
20233,로,JKB
20234,요,JX
20235,걷,VV
20236,는,ETM
20237,거,NNB
20238,좋,VA
20239,아,EC
20240,해요,VX+EF
20241,트레,NNP
20242,킹,NNP
20243,좋,VA
20244,아,EC
20245,해요,VX+EF
20246,전주,NNG
20247,여행,NNG
20248,을,JKO
20249,계획,NNG
20250,중,NNB
20251,이,VCP
20252,시,EP
20253,군요,EF
20254,전주,NNG
20255,에,JKB
20256,는,JX
20257,다양,XR
20258,한,XSA+ETM
20259,볼거리,NNG
20260,들,XSN
20261,과,JKB
20262,전주,NNP
20263,2,SN
20264,박,NNBC
20265,3,SN
20266,일,NNBC
20267,3,SN
20268,명,NNBC
20269,여행,NNG
20270,1,SN
20271,인,NNG
20272,경비,NNG
20273,식비,NNG
20274,랑,JKB
20275,교통비,NNG
20276,감,NNG
20277,이,JKS
20278,안,MAG
20279,잡혀서,VV+EC
20280,요,MM
20281,술,NNG
20282,은,JX
20283,마실,VV+ETM
20284,건데,NNB+VCP+EC
20285,많이,MAG
20286,안,MAG
20287,마셔서,VV+EC
20288,술값,NNG
20289,으로,JKB
20290,는,JX
20291,한,MM
20292,번,NNBC
20293,마실,VV+ETM
20294,때,NNG
20295,만,NR
20296,원,NNBC
20297,씩,XSN
20298,쓸,VV+ETM
20299,거,NNB
20300,같,VA
20301,아요,EF
20302,전주,NNG
20303,여행,NNG
20304,전주,NNG
20305,맛집,NNG
20306,국내,NNG
20307,여행,NNG
20308,전,NNG
20309,주달,NNG
20310,봉,NNG
20311,이,JKS
20312,달,NNG
20313,봉,NNG
20314,티비,NNG
20315,전주,NNG
20316,여행,NNG
20317,코스,NNG
20318,전주,NNG
20319,가,JKS
20320,볼,VV+ETM
20321,만,NNB
20322,한,XSA+ETM
20323,곳,NNG
20324,여수,NNG
20325,여행,NNG
20326,여수,NNG
20327,가,JKS
20328,볼,VV+ETM
20329,만,NNB
20330,한,XSA+ETM
20331,곳,NNG
20332,전주,NNP
20333,2,SN
20334,박,NNBC
20335,3,SN
20336,일,NNBC
20337,여행,NNG
20338,비용,NNG
20339,전주,NNG
20340,여행,NNG
20341,전주,NNG
20342,맛집,NNG
20343,국내,NNG
20344,여행,NNG
20345,전,NNG
20346,주달,NNG
20347,봉,NNG
20348,이,JKS
20349,달,NNG
20350,봉,NNG
20351,티비,NNG
20352,전주,NNG
20353,여행,NNG
20354,코스,NNG
20355,전주,NNG
20356,가,JKS
20357,볼,VV+ETM
20358,만,NNB
20359,한,XSA+ETM
20360,곳,NNG
20361,여수,NNG
20362,여행,NNG
20363,여수,NNG
20364,가,JKS
20365,볼,VV+ETM
20366,만,NNB
20367,한,XSA+ETM
20368,곳,NNB
20369,제주,NNP
20370,도,JX
20371,여행,NNG
20372,제주도,NNP
20373,가,JKS
20374,볼,VV+ETM
20375,만,NNB
20376,한,XSA+ETM
20377,곳,NNG
20378,여행,NNG
20379,전문,NNG
20380,인,VCP+ETM
20381,플,NNG
20382,루,JKB
20383,언서,NNG
20384,전,NNG
20385,주달,NNG
20386,봉이,NNG
20387,입니다,VCP+EF
20388,한옥마을,NNP
20389,은,JX
20390,입장료,NNG
20391,는,JX
20392,따로,MAG
20393,없,VA
20394,습니다,EF
20395,기본,NNG
20396,친구,NNG
20397,랑,JKB
20398,전주,NNG
20399,여행,NNG
20400,친구,NNG
20401,랑,JC
20402,첫,MM
20403,전주,NNG
20404,여행,NNG
20405,을,JKO
20406,가,VV+EC
20407,보,VX
20408,려고,EC
20409,합니다,VX+EC
20410,가,VX
20411,볼,EC+VX+ETM
20412,만,NNB
20413,한,XSA+ETM
20414,곳,NNG
20415,호텔,NNG
20416,맛집,NNG
20417,추천,NNG
20418,해,XSV+EC
20419,주,VX
20420,세요,EP+EF
20421,호텔,NNG
20422,은,JX
20423,시설,NNG
20424,이,JKS
20425,괜찮,VA
20426,고,EC
20427,깨끗,XR
20428,했으면,XSA+EP+EC
20429,좋,VA
20430,겠,EP
20431,어요,EF
20432,한옥,NNP
20433,이,VCP
20434,어도,EC
20435,괜찮,VA
20436,아요,EF
20437,침대,NNG
20438,가,JKS
20439,있,VA
20440,는,ETM
20441,곳,NNG
20442,이,VCP
20443,면,EC
20444,더,MAG
20445,좋,VA
20446,겠,EP
20447,어요,EF
20448,맛집,NNG
20449,은,JX
20450,양식,NNG
20451,중식,NNG
20452,일식,NNG
20453,상관없,VA
20454,습니다,EF
20455,비용,NNG
20456,도,JX
20457,1,SN
20458,인당,NNG
20459,2,SN
20460,박,NNBC
20461,3,SN
20462,일,NNBC
20463,전주,NNP
20464,크리스마스,NNG
20465,여행,NNG
20466,전주,NNG
20467,여행,NNG
20468,전주,NNG
20469,맛집,NNG
20470,국내,NNG
20471,여행,NNG
20472,전,NNG
20473,주달,NNG
20474,봉,NNG
20475,이,JKS
20476,달,NNG
20477,봉,NNG
20478,티비,NNG
20479,전주,NNG
20480,여행,NNG
20481,코스,NNG
20482,전주,NNG
20483,가,JKS
20484,볼,VV+ETM
20485,만,NNB
20486,한,XSA+ETM
20487,곳,NNG
20488,여수,NNG
20489,여행,NNG
20490,여수,NNG
20491,가,JKS
20492,볼,VV+ETM
20493,만,NNB
20494,한,XSA+ETM
20495,곳,NNB
20496,제주,NNP
20497,도,JX
20498,여행,NNG
20499,제주도,NNP
20500,가,JKS
20501,볼,VV+ETM
20502,만,NNB
20503,한,XSA+ETM
20504,곳,NNG
20505,여행,NNG
20506,전문,NNG
20507,인,VCP+ETM
20508,플,NNG
20509,루,JKB
20510,언서,NNG
20511,전,NNG
20512,주달,NNG
20513,봉이,NNG
20514,입니다,VCP+EF
20515,전주,NNG
20516,여행,NNG
20517,코스,NNG
20518,는,JX
20519,한옥,NNG
20520,마을,NNG
20521,에서부터,JKB
20522,시작,NNG
20523,을,JKO
20524,1,SN
20525,박,NNBC
20526,2,SN
20527,일,NNBC
20528,전주,NNG
20529,여행,NNG
20530,~.~,SY
20531,질문,NNG
20532,하,XSV
20533,신,EP+ETM
20534,전주,NNG
20535,여행,NNG
20536,일정,NNG
20537,관련,NNG
20538,답변,NNG
20539,드리,VV
20540,도록,EC
20541,하,VX
20542,겠,EP
20543,습니다,EF
20544,여행,NNG
20545,가실,NNG
20546,때,NNG
20547,계획,NNG
20548,짜,VV
20549,기,ETN
20550,너무,MAG
20551,귀찮,VA
20552,죠,EF
20553,제,NP
20554,가,JKS
20555,전주,NNP
20556,에서,JKB
20557,즐길,VV+ETM
20558,수,NNB
20559,있,VV
20560,는,ETM
20561,1,SN
20562,박,NNBC
20563,2,SN
20564,일,NNBC
20565,여행,NNG
20566,을,JKO
20567,준비,NNG
20568,해,XSV+EC
20569,보,VX
20570,았,EP
20571,어요,EF
20572,아래,NNG
20573,일정,NNG
20574,을,JKO
20575,참고,NNG
20576,해,XSV+EC
20577,보,VX
20578,시,EP
20579,고,EC
20580,즐거운,VA+ETM
20581,여행,NNG
20582,되,XSV
20583,시,EP
20584,길,ETN+JKO
20585,바라,VV
20586,요,EC
20587,1,SN
20588,일,NNBC
20589,차,NNG
20590,초등,NNG
20591,6,SN
20592,학년,NNG
20593,210,SN
20594,명,NNBC
20595,전주,NNG
20596,일,NR
20597,대,NNBC
20598,1,SN
20599,박,NNBC
20600,2,SN
20601,일,NNBC
20602,수학여행,NNG
20603,코스,NNG
20604,전주,NNG
20605,관광,NNG
20606,에,JKB
20607,달인,NNG
20608,이,VCP
20609,신,EP+ETM
20610,전,MM
20611,주달,NNG
20612,봉이,NNG
20613,님,XSN
20614,께서,JKS
20615,코스,NNG
20616,추천,NNG
20617,을,JKO
20618,해,VV+EC
20619,주,VX
20620,시,EP
20621,면,EC
20622,대단히,MAG
20623,감사,NNG
20624,드리,VV
20625,겠,EP
20626,습니다,EF
20627,전주,NNG
20628,여행,NNG
20629,전주,NNG
20630,맛집,NNG
20631,국내,NNG
20632,여행,NNG
20633,전,NNG
20634,주달,NNG
20635,봉,NNG
20636,이,JKS
20637,달,NNG
20638,봉,NNG
20639,티비,NNG
20640,전주,NNG
20641,여행,NNG
20642,코스,NNG
20643,전주,NNG
20644,가,JKS
20645,볼,VV+ETM
20646,만,NNB
20647,한,XSA+ETM
20648,곳,NNG
20649,여수,NNG
20650,여행,NNG
20651,여수,NNG
20652,가,JKS
20653,볼,VV+ETM
20654,만,NNB
20655,한,XSA+ETM
20656,곳,NNB
20657,제주,NNP
20658,도,JX
20659,여행,NNG
20660,1,SN
20661,박,NNBC
20662,2,SN
20663,일,NNBC
20664,전주,NNP
20665,혼자,NNG
20666,여행,NNG
20667,코스,NNG
20668,질문,NNG
20669,하,XSV
20670,신,EP+ETM
20671,전주,NNG
20672,여행,NNG
20673,정보,NNG
20674,정리,NNG
20675,해,XSV+EC
20676,봤,VX+EP
20677,습니다,EF
20678,참고,NNG
20679,해,XSV+EC
20680,주,VX
20681,세요,EP+EF
20682,전,MM
20683,주,NNG
20684,에서,JKB
20685,가,VV
20686,볼,EC+VX+ETM
20687,만,NNB
20688,한,XSA+ETM
20689,곳,NNB
20690,덕진,NNP
20691,공원,NNG
20692,추천,NNP
20693,덕진,NNP
20694,공원,NNG
20695,이,JKS
20696,전주,NNP
20697,터미널,NNG
20698,에서,JKB
20699,가장,MAG
20700,가까운,VA+ETM
20701,곳,NNG
20702,이,VCP
20703,에요,EF
20704,산책,NNG
20705,하,XSV
20706,기,ETN
20707,에,JKB
20708,좋,VA
20709,은,ETM
20710,호수,NNG
20711,공원,NNG
20712,이,VCP
20713,에요,EF
20714,덕진,NNP
20715,공원,NNG
20716,을,JKO
20717,생략,NNG
20718,하,XSV
20719,고,EC
20720,곧바로,MAG
20721,남부,NNG
20722,시장,NNG
20723,과,JC
20724,전주,NNG
20725,여행,NNG
20726,갈,VV+ETM
20727,곳,NNB
20728,",",SC
20729,전시회,NNG
20730,추천,NNG
20731,제,NP
20732,가,JKS
20733,이번,NNG
20734,달,NNG
20735,말,NNG
20736,에,JKB
20737,남자,NNG
20738,친구,NNG
20739,랑,JKB
20740,전주,NNG
20741,여행,NNG
20742,을,JKO
20743,가,VV
20744,는데요,EC
20745,전주,NNP
20746,한옥마을,NNP
20747,만,JX
20748,가,VV
20749,기,ETN
20750,엔,JKB+JX
20751,그래서,MAJ
20752,갈만,NNG
20753,한,XSA+ETM
20754,곳,NNG
20755,공방,NNG
20756,전시회,NNG
20757,같,VA
20758,은,ETM
20759,거,NNB
20760,있,VA
20761,음,ETN
20762,추천,NNG
20763,부탁,NNG
20764,드려요,VV+EC
20765,안녕,NNG
20766,하,XSV
20767,세요,EP+EF
20768,질문,NNG
20769,하,XSV
20770,신,EP+ETM
20771,전주,NNG
20772,여행,NNG
20773,관련,NNG
20774,답변,NNG
20775,드리,VV
20776,도록,EC
20777,하,VX
20778,겠,EP
20779,습니다,EF
20780,전,NP+JX
20781,주로,MAG
20782,놀,VV
20783,러,EC
20784,가,VX
20785,시,EP
20786,나,EC
20787,봅니다,VX+EC
20788,전주,NNG
20789,여행,NNG
20790,코스,NNG
20791,추천,NNG
20792,안녕,NNG
20793,하,XSV
20794,세요,EP+EF
20795,여자,NNG
20796,친구,NNG
20797,랑,JKB
20798,전주,NNG
20799,여행,NNG
20800,을,JKO
20801,갈,VV+ETM
20802,예정,NNG
20803,인데,VCP+EC
20804,숙소,NNG
20805,를,JKO
20806,전주,NNP
20807,더클래식,NNP
20808,호텔,NNG
20809,로,JKB
20810,잡,VV
20811,고,EC
20812,1,SN
20813,박,NNBC
20814,2,SN
20815,일,NNBC
20816,일정,NNG
20817,으로,JKB
20818,여행,NNG
20819,을,JKO
20820,가,VV
20821,게,EC
20822,되,VV
20823,었,EP
20824,습니다,EF
20825,근데,MAJ
20826,금요일,NNG
20827,오후,NNG
20828,5,SN
20829,시,NNBC
20830,쯤,XSN
20831,전주,NNG
20832,에,JKB
20833,도착,NNG
20834,예정,NNG
20835,이,VCP
20836,고,EC
20837,자,NNG
20838,가,JKS
20839,차,NNG
20840,가,JKS
20841,없,VA
20842,어,EC
20843,이동,NNG
20844,수단,NNG
20845,을,JKO
20846,대중교통,NNG
20847,과,JC
20848,택시,NNG
20849,로,JKB
20850,할,VV+ETM
20851,예정,NNG
20852,입니다,VCP+EC
20853,전주,NNG
20854,여행,NNG
20855,각각,MAG
20856,거리,NNG
20857,가,JKS
20858,가까운지,VA+EC
20859,알,VV
20860,고,EC
20861,싶,VX
20862,어요,EF
20863,추석,NNG
20864,에,JKB
20865,여행,NNG
20866,예정,NNG
20867,입니다,VCP+EF
20868,그,MM
20869,외,NNB
20870,갈만,NNG
20871,한,XSA+ETM
20872,곳,NNG
20873,추천,NNG
20874,해,XSV+EC
20875,주,VX
20876,세요,EP+EF
20877,전주,NNG
20878,여행,NNG
20879,전주,NNG
20880,맛집,NNG
20881,국내,NNG
20882,여행,NNG
20883,전,NNG
20884,주달,NNG
20885,봉,NNG
20886,이,JKS
20887,달,NNG
20888,봉,NNG
20889,티비,NNG
20890,전주,NNG
20891,여행,NNG
20892,코스,NNG
20893,전주,NNG
20894,가,JKS
20895,볼,VV+ETM
20896,만,NNB
20897,한,XSA+ETM
20898,곳,NNG
20899,여수,NNG
20900,여행,NNG
20901,여수,NNG
20902,가,JKS
20903,볼,VV+ETM
20904,만,NNB
20905,한,XSA+ETM
20906,곳,NNB
20907,제주,NNP
20908,도,JX
20909,여행,NNG
20910,전주,NNG
20911,여행,NNG
20912,갈만,NNG
20913,한,XSA+ETM
20914,곳,NNB
20915,있,VA
20916,을까요,EF
20917,?,SF
20918,전주,NNG
20919,여행,NNG
20920,전주,NNG
20921,맛집,NNG
20922,국내,NNG
20923,여행,NNG
20924,전,NNG
20925,주달,NNG
20926,봉,NNG
20927,이,JKS
20928,달,NNG
20929,봉,NNG
20930,티비,NNG
20931,전주,NNG
20932,여행,NNG
20933,코스,NNG
20934,전주,NNG
20935,가,JKS
20936,볼,VV+ETM
20937,만,NNB
20938,한,XSA+ETM
20939,곳,NNG
20940,여수,NNG
20941,여행,NNG
20942,여수,NNG
20943,가,JKS
20944,볼,VV+ETM
20945,만,NNB
20946,한,XSA+ETM
20947,곳,NNB
20948,제주,NNP
20949,도,JX
20950,여행,NNG
20951,제주도,NNP
20952,가,JKS
20953,볼,VV+ETM
20954,만,NNB
20955,한,XSA+ETM
20956,곳,NNG
20957,여행,NNG
20958,전문,NNG
20959,인,VCP+ETM
20960,플,NNG
20961,루,JKB
20962,언서,NNG
20963,전,NNG
20964,주달,NNG
20965,봉이,NNG
20966,입니다,VCP+EF
20967,전주,NNG
20968,여행,NNG
20969,코스,NNG
20970,는,JX
20971,한옥,NNG
20972,마을,NNG
20973,에서부터,JKB
20974,전주,NNG
20975,여행,NNG
20976,코스,NNG
20977,전주,NNG
20978,여행,NNG
20979,일정,NNG
20980,에,JKB
20981,질,VV+ETM
20982,문자,NNG
20983,님,XSN
20984,께서,JKS
20985,봐둔,VV+EC+VX+ETM
20986,곳,NNB
20987,모두,MAG
20988,반양,NNG
20989,하,XSV
20990,기,ETN
20991,에,JKB
20992,시간,NNG
20993,상,XSN
20994,무리,NNG
20995,가,JKS
20996,있,VV
20997,을,ETM
20998,거,NNB
20999,같,VA
21000,아,EC
21001,꼭,MAG
21002,가,VV
21003,고,EC
21004,싶,VX
21005,은,ETM
21006,곳,NNG
21007,을,JKO
21008,넣,VV
21009,어,EC
21010,일정,NNG
21011,을,JKO
21012,만들,VV
21013,어,EC
21014,보,VX
21015,았,EP
21016,습니다,EF
21017,1,SN
21018,일,NNBC
21019,차,NNG
21020,가운데,NNG
21021,집,NNG
21022,점심,NNG
21023,전주,NNG
21024,한지,XSA+EC
21025,박물관,NNG
21026,관광,NNG
21027,전주,NNG
21028,수목원,NNG
21029,관광,NNG
21030,오목,MAG
21031,대,XPN
21032,관광,NNG
21033,교동,NNP
21034,다윈,NNP
21035,전주,NNG
21036,여행,NNG
21037,추천,NNG
21038,부탁,NNG
21039,드립니다,VV+EC
21040,2,SN
21041,월,NNBC
21042,12,SN
21043,13,SN
21044,일,NNBC
21045,에,JKB
21046,전주,NNG
21047,여행,NNG
21048,할려구,VV+EC
21049,합니다,VX+EC
21050,1,SN
21051,박,NNBC
21052,2,SN
21053,일,NNBC
21054,가,VV
21055,볼,EC+VX+ETM
21056,만,NNB
21057,한,XSA+ETM
21058,곳,NNG
21059,이랑,JC
21060,맛집,NNG
21061,추천,NNG
21062,부탁,NNG
21063,드립니다,VV+EC
21064,감사,NNG
21065,합니다,XSV+EF
21066,전주,NNG
21067,맛집,NNG
21068,여행,NNG
21069,전,NNG
21070,주달,NNG
21071,봉,NNG
21072,이,JKS
21073,달,NNG
21074,봉,NNG
21075,티비,NNG
21076,전주,NNG
21077,여행,NNG
21078,코스,NNG
21079,전주,NNG
21080,가,JKS
21081,볼,VV+ETM
21082,만,NNB
21083,한,XSA+ETM
21084,곳,NNG
21085,여행,NNG
21086,인,VCP+ETM
21087,플,NNG
21088,루,JKB
21089,언서,NNG
21090,전,NNG
21091,주달,NNG
21092,봉이,NNG
21093,입니다,VCP+EF
21094,전주,NNG
21095,여행,NNG
21096,강아지,NNG
21097,와,JKB
21098,함께,MAG
21099,전주,NNG
21100,여행,NNG
21101,가능,NNG
21102,한,XSA+ETM
21103,곳,NNB
21104,ㅜ,UNKNOWN
21105,전주,NNG
21106,여행,NNG
21107,갈,VV+ETM
21108,껀,NNB+JX
21109,데요,EF
21110,강아지,NNG
21111,같이,MAG
21112,동반,NNG
21113,할,XSV+ETM
21114,꺼,NNB+VCP
21115,라서요,EF
21116,혹시,MAG
21117,강아지,NNG
21118,같이,JKB
21119,갈,VV+ETM
21120,수,NNB
21121,있,VV
21122,는,ETM
21123,곳,NNB
21124,좀,MAG
21125,알려,VV+EC
21126,주,VX
21127,세요,EP+EF
21128,맛집,NNG
21129,이랑,JKB
21130,관광,NNG
21131,징,NNG
21132,반려,NNG
21133,동물,NNG
21134,1,SN
21135,등,NNBC
21136,여행,NNG
21137,앱,NNG
21138,반려,NNG
21139,생활,NNG
21140,입니다,VCP+EF
21141,하늘,NNG
21142,이,JKS
21143,맑,VA
21144,은,ETM
21145,가을,NNG
21146,에,JKB
21147,전주,NNG
21148,여행,NNG
21149,을,JKO
21150,떠나,VV
21151,시,EP
21152,는군요,EC
21153,강아지,NNG
21154,랑,JKB
21155,함께,MAG
21156,더,MAG
21157,좋,VA
21158,은,ETM
21159,추억,NNG
21160,광주,NNP
21161,에서,JKB
21162,전주,NNG
21163,2,SN
21164,박,NNBC
21165,3,SN
21166,일,NNBC
21167,여행,NNG
21168,감사,NNG
21169,하,XSV
21170,겠,EP
21171,습니다,EF
21172,전주,NNG
21173,여행,NNG
21174,전주,NNG
21175,맛집,NNG
21176,국내,NNG
21177,여행,NNG
21178,전,NNG
21179,주달,NNG
21180,봉,NNG
21181,이,JKS
21182,달,NNG
21183,봉,NNG
21184,티비,NNG
21185,전주,NNG
21186,여행,NNG
21187,코스,NNG
21188,전주,NNG
21189,가,JKS
21190,볼,VV+ETM
21191,만,NNB
21192,한,XSA+ETM
21193,곳,NNG
21194,여수,NNG
21195,여행,NNG
21196,여수,NNG
21197,가,JKS
21198,볼,VV+ETM
21199,만,NNB
21200,한,XSA+ETM
21201,곳,NNB
21202,제주,NNP
21203,도,JX
21204,여행,NNG
21205,제주도,NNP
21206,가,JKS
21207,볼,VV+ETM
21208,만,NNB
21209,한,XSA+ETM
21210,곳,NNG
21211,여행,NNG
21212,전문,NNG
21213,인,VCP+ETM
21214,플,NNG
21215,루,JKB
21216,언서,NNG
21217,전,NNG
21218,주달,NNG
21219,봉이,NNG
21220,입니다,VCP+EF
21221,버스,NNG
21222,터미널,NNG
21223,에서,JKB
21224,내리,VV
21225,셔서,EP+EC
21226,전주,NNG
21227,여행,NNG
21228,코스,NNG
21229,좀,MAG
21230,짜,VV+EC
21231,주,VX
21232,세요,EP+EF
21233,~,SY
21234,질문,NNG
21235,하,XSV
21236,신,EP+ETM
21237,전주,NNG
21238,여행,NNG
21239,일정,NNG
21240,관련,NNG
21241,답변,NNG
21242,드리,VV
21243,도록,EC
21244,하,VX
21245,겠,EP
21246,습니다,EF
21247,친정,NNG
21248,어머니,NNG
21249,와,JC
21250,딸,NNG
21251,과,JKB
21252,다,MAG
21253,함께,MAG
21254,하,VV
21255,는,ETM
21256,여행,NNG
21257,듣,VV
21258,기,ETN
21259,만,JX
21260,해도,VV+EC
21261,설레,VV
21262,네요,EC
21263,아래,NNG
21264,세,MM
21265,분,NNBC
21266,께서,JKS
21267,모두,MAG
21268,즐길,VV+ETM
21269,수,NNB
21270,있,VV
21271,는,ETM
21272,여행,NNG
21273,일정,NNG
21274,을,JKO
21275,준비,NNG
21276,해,XSV+EC
21277,보,VX
21278,았,EP
21279,어요,EF
21280,참고,NNG
21281,해,XSV+EC
21282,보,VX
21283,시,EP
21284,고,EC
21285,여행,NNG
21286,에,JKB
21287,도움,NNG
21288,되,XSV
21289,셨,EP+EP
21290,으면,EC
21291,[,SSO
21292,추천,NNG
21293,해,XSV+EC
21294,주,VX
21295,세요,EP+EF+VCP
21296,],SSC
21297,전주,NNG
21298,당일치기,NNG
21299,여행,NNG
21300,추천,NNG
21301,해,XSV+EC
21302,주,VX
21303,세요,EP+EF
21304,전주,NNG
21305,당일치기,NNG
21306,여행,NNG
21307,전주,NNG
21308,여행,NNG
21309,전주,NNG
21310,맛집,NNG
21311,국내,NNG
21312,여행,NNG
21313,전,NNG
21314,주달,NNG
21315,봉,NNG
21316,이,JKS
21317,달,NNG
21318,봉,NNG
21319,티비,NNG
21320,전주,NNG
21321,여행,NNG
21322,코스,NNG
21323,전주,NNG
21324,가,JKS
21325,볼,VV+ETM
21326,만,NNB
21327,한,XSA+ETM
21328,곳,NNG
21329,여수,NNG
21330,여행,NNG
21331,여수,NNG
21332,가,JKS
21333,볼,VV+ETM
21334,만,NNB
21335,한,XSA+ETM
21336,곳,NNB
21337,제주,NNP
21338,도,JX
21339,여행,NNG
21340,제주도,NNP
21341,가,JKS
21342,볼,VV+ETM
21343,만,NNB
21344,한,XSA+ETM
21345,곳,NNG
21346,여행,NNG
21347,전문,NNG
21348,인,VCP+ETM
21349,플,NNG
21350,루,JKB
21351,언서,NNG
21352,전,NNG
21353,주달,NNG
21354,봉이,NNG
21355,입니다,VCP+EC
21356,전주,NNG
21357,여행,NNG
21358,팀조,NNP
21359,뮤,NNG
21360,ㅠ,UNKNOWN
21361,전주,NNG
21362,여행,NNG
21363,1,SN
21364,박,NNBC
21365,2,SN
21366,일,NNBC
21367,가,VV
21368,는데,EC
21369,가,VX
21370,기,ETN
21371,좋,VA
21372,은,ETM
21373,곳,NNG
21374,이랑,JC
21375,맛집,NNG
21376,좀,MAG
21377,알려,VV+EC
21378,주,VX
21379,세요,EP+EF
21380,안녕,IC
21381,하,VV
21382,세요,EP+EF
21383,서울,NNP
21384,지방,NNG
21385,변호,NNG
21386,사회,NNG
21387,소속,NNG
21388,으로,JKB
21389,지식,NNG
21390,iN,SL
21391,법률,NNG
21392,상담,NNG
21393,을,JKO
21394,진행,NNG
21395,하,XSV
21396,고,EC
21397,있,VX
21398,는,ETM
21399,김선용,NNP
21400,변호사,NNG
21401,입니다,VCP+EF
21402,알아보,VV
21403,는,ETM
21404,것,NNB
21405,이,JKS
21406,어려우,VA
21407,시,EP
21408,다면,EC
21409,인,NNG
21410,스타,NNG
21411,그램,NNG
21412,에,JKB
21413,전주,NNG
21414,라고,VCP+EC
21415,검색,NNG
21416,하,XSV
21417,셔서,EP+EC
21418,전주,NNP
21419,한옥마을,NNP
21420,여행,NNG
21421,준비,NNG
21422,중,NNB
21423,입니다,VCP+EF
21424,대여,NNG
21425,는,JX
21426,천차만별,NNG
21427,입니다,VCP+EF
21428,기본,NNG
21429,금액,NNG
21430,은,JX
21431,10000,SN
21432,원,NNBC
21433,부터,JX
21434,시작,NNG
21435,합니다,XSV+EF
21436,시간,NNG
21437,과,JC
21438,한복,NNG
21439,에,JKB
21440,따라서,VV+EC
21441,가격,NNG
21442,이,JKS
21443,다릅니다,VA+EC
21444,전주,NNG
21445,여행,NNG
21446,전주,NNG
21447,맛집,NNG
21448,국내,NNG
21449,여행,NNG
21450,전,NNG
21451,주달,NNG
21452,봉,NNG
21453,이,JKS
21454,달,NNG
21455,봉,NNG
21456,티비,NNG
21457,전주,NNG
21458,여행,NNG
21459,코스,NNG
21460,전주,NNG
21461,가,JKS
21462,볼,VV+ETM
21463,만,NNB
21464,한,XSA+ETM
21465,곳,NNG
21466,여수,NNG
21467,여행,NNG
21468,여수,NNG
21469,가,JKS
21470,볼,VV+ETM
21471,만,NNB
21472,한,XSA+ETM
21473,곳,NNB
21474,제주,NNP
21475,도,JX
21476,여행,NNG
21477,고등학교,NNG
21478,친구,NNG
21479,들,XSN
21480,과,JC
21481,전주,NNG
21482,여행,NNG
21483,당일치기,NNG
21484,지금,MAG
21485,고등학교,NNG
21486,3,SN
21487,학년,NNG
21488,친구,NNG
21489,들,XSN
21490,과,JKB
21491,함께,MAG
21492,4,SN
21493,월,NNBC
21494,달,NNG
21495,에,JKB
21496,전주,NNG
21497,여행,NNG
21498,을,JKO
21499,당일,NNG
21500,치,VV
21501,기,ETN
21502,로,JKB
21503,갈,VV+ETM
21504,예정,NNG
21505,인데,VCP+EC
21506,부모,NNG
21507,님,XSN
21508,께,JKB
21509,뭐,NP
21510,라고,VCP+EC
21511,말씀,NNG
21512,드리,VV
21513,면,EC
21514,허락,NNG
21515,을,JKO
21516,받,VV
21517,을,ETM
21518,수,NNB
21519,있,VV
21520,을까요,EC
21521,고등학교,NNG
21522,시절,NNG
21523,친구,NNG
21524,들,XSN
21525,과,JKB
21526,의,JKG
21527,소중,XR
21528,한,XSA+ETM
21529,추억,NNG
21530,을,JKO
21531,만들,VV
21532,기,ETN
21533,위해,VV+EC
21534,전주,NNG
21535,여행,NNG
21536,을,JKO
21537,다녀오,VV
21538,기,ETN
21539,로,JKB
21540,했,VV+EP
21541,습니다,EF
21542,전주,NNG
21543,는,JX
21544,전,NP+JX
21545,주로,MAG
21546,휴가,NNG
21547,갈,VV+ETM
21548,건데,NNB+VCP+EC
21549,여행,NNG
21550,코스,NNG
21551,추천,NNG
21552,해,XSV+EC
21553,주,VX
21554,세요,EP+EF
21555,위,NNG
21556,의,JKG
21557,일정,NNG
21558,은,JX
21559,참고,NNG
21560,용,XSN
21561,으로,JKB
21562,제시,NNG
21563,한,XSV+ETM
21564,것,NNB
21565,이,VCP
21566,며,EC
21567,여행,NNG
21568,일정,NNG
21569,에,JKB
21570,따라,VV+EC
21571,조정,NNG
21572,할,XSV+ETM
21573,수,NNB
21574,있,VV
21575,습니다,EF
21576,또한,MAJ
21577,음식점,NNG
21578,의,JKG
21579,웨이팅,NNG
21580,시간,NNG
21581,은,JX
21582,방문,NNG
21583,시간,NNG
21584,과,JC
21585,요일,NNG
21586,에,JKB
21587,따라,VV+EC
21588,달라질,VV+ETM
21589,수,NNB
21590,있,VV
21591,으니,EC
21592,참고,NNG
21593,해,XSV+EC
21594,주,VX
21595,세요,EP+EF
21596,즐거운,VA+ETM
21597,전주,NNG
21598,여행,NNG
21599,되,XSV
21600,시,EP
21601,길,ETN+JKO
21602,바랍니다,VV+EC
21603,여자,NNG
21604,2,SN
21605,명,NNBC
21606,이,XSN
21607,서,JKS
21608,2,SN
21609,박,NNBC
21610,3,SN
21611,일,NNBC
21612,로,JKB
21613,전주,NNG
21614,여행,NNG
21615,질문,NNG
21616,2,SN
21617,박,NNBC
21618,3,SN
21619,일,NNBC
21620,로,JKB
21621,전주,NNG
21622,를,JKO
21623,여행,NNG
21624,하,XSV
21625,신다면,EP+EC
21626,다음,NNG
21627,과,JKB
21628,같,VA
21629,은,ETM
21630,일정,NNG
21631,을,JKO
21632,추천,NNG
21633,해,XSV+EC
21634,드립니다,VX+EC
21635,Day,SL
21636,1,SN
21637,전주,NNP
21638,한옥마을,NNP
21639,전통,NNG
21640,한옥,NNG
21641,건물,NNG
21642,과,JC
21643,전통,NNG
21644,문화,NNG
21645,를,JKO
21646,경험,NNG
21647,할,XSV+ETM
21648,수,NNB
21649,있,VV
21650,는,ETM
21651,곳,NNB
21652,입니다,VCP+EF
21653,전주,NNP
21654,향교,NNP
21655,조선,NNP
21656,시대,NNG
21657,교육,NNG
21658,기관,NNG
21659,인,VCP+ETM
21660,향교,NNG
21661,를,JKO
21662,볼,VV+ETM
21663,수,NNB
21664,있,VV
21665,습니다,EF
21666,전주,NNP
21667,남부,NNG
21668,시장,NNG
21669,전,NNG
21670,주의,NNG
21671,전주,NNG
21672,여행,NNG
21673,코스,NNG
21674,짜,VV+EC
21675,주,VX
21676,세요,EP+EF
21677,!,SF
21678,많이,MAG
21679,급합니다,VA+EF
21680,.,SF
21681,.!,SY
21682,안녕,NNG
21683,하,XSV
21684,세요,EP+EF
21685,가족,NNG
21686,여행,NNG
21687,으로,JKB
21688,전주,NNG
21689,에,JKB
21690,놀,VV
21691,러,EC
21692,가,VX
21693,려는데,EC
21694,요,MM
21695,당장,NNG
21696,이번,NNG
21697,주,NNG
21698,금요일,NNG
21699,에,JKB
21700,가,VV
21701,는데,EC
21702,어딜,NP+JKO
21703,갈지,VV+EC
21704,몰라서,VV+EC
21705,숙소,NNG
21706,는,JX
21707,라,NNG
21708,한,XSA+ETM
21709,호텔,NNG
21710,로,JKB
21711,잡,VV
21712,았,EP
21713,고,EC
21714,한옥마을,NNP
21715,쪽,NNB
21716,을,JKO
21717,가,VV
21718,고,EC
21719,싶,VX
21720,은데,EC
21721,별로,MAG
21722,걷,VV
21723,지,EC
21724,않,VX
21725,으면서,EC
21726,카페,NNG
21727,투어,NNG
21728,는,JX
21729,아닌,VCN+ETM
21730,여행,NNG
21731,코스,NNG
21732,짜,VV+EC
21733,주,VX
21734,실,EP+ETM
21735,수,NNB
21736,있,VV
21737,나요,EF
21738,호,NNBC
21739,캉,JKB
21740,스로,NNG
21741,전주,NNP
21742,1,SN
21743,박,NNBC
21744,2,SN
21745,일,NNBC
21746,여행,NNG
21747,대둔산,NNP
21748,케이블카,NNG
21749,주말,NNG
21750,에,JKB
21751,사람,NNG
21752,많,VA
21753,겠,EP
21754,죠,EF
21755,괜찮,VA
21756,은,ETM
21757,코스,NNG
21758,추천,NNG
21759,해,XSV+EC
21760,주,VX
21761,세요,EP+EF
21762,전주,NNG
21763,여행,NNG
21764,전주,NNG
21765,맛집,NNG
21766,국내,NNG
21767,여행,NNG
21768,전,NNG
21769,주달,NNG
21770,봉,NNG
21771,이,JKS
21772,달,NNG
21773,봉,NNG
21774,티비,NNG
21775,전주,NNG
21776,여행,NNG
21777,코스,NNG
21778,전주,NNG
21779,가,JKS
21780,볼,VV+ETM
21781,만,NNB
21782,한,XSA+ETM
21783,곳,NNG
21784,여수,NNG
21785,여행,NNG
21786,여수,NNG
21787,가,JKS
21788,볼,VV+ETM
21789,만,NNB
21790,한,XSA+ETM
21791,곳,NNB
21792,제주,NNP
21793,도,JX
21794,여행,NNG
21795,제주도,NNP
21796,가,JKS
21797,볼,VV+ETM
21798,만,NNB
21799,한,XSA+ETM
21800,곳,NNG
21801,여행,NNG
21802,전문,NNG
21803,전주,NNG
21804,여행,NNG
21805,코스,NNG
21806,!,SF
21807,!!,SY
21808,이미,MAG
21809,전주,NNG
21810,여행,NNG
21811,을,JKO
21812,마치,VV
21813,고,EC
21814,복귀,NNG
21815,하,XSV
21816,셨,EP+EP
21817,을,ETM
21818,것,NNB
21819,같,VA
21820,네요,EF
21821,저희,NP
21822,도,JX
21823,지난주,NNG
21824,에,JKB
21825,당일,NNG
21826,코스,NNG
21827,로,JKB
21828,전주,NNG
21829,에,JKB
21830,다녀왔,VV+EP
21831,는데요,EF
21832,주말,NNG
21833,이,VCP
21834,라서,EC
21835,그런지,VA+EC
21836,차,NNG
21837,들,XSN
21838,도,JX
21839,많,VA
21840,고,EC
21841,관광지,NNG
21842,에,JKB
21843,는,JX
21844,사람,NNG
21845,들,XSN
21846,도,JX
21847,많,VA
21848,아서,EC
21849,생각,NNG
21850,처럼,JKB
21851,많이,MAG
21852,둘러보,VV
21853,지,EC
21854,못해서,VX+EC
21855,아쉽,VA
21856,더라고요,EC
21857,최소한,NNG
21858,1,SN
21859,박,NNBC
21860,2,SN
21861,일,NNBC
21862,전주,NNP
21863,한옥마을,NNP
21864,당일치기,NNG
21865,여행,NNG
21866,질문,NNG
21867,전주,NNP
21868,여수,NNP
21869,제주도,NNP
21870,맛집,NNG
21871,여행,NNG
21872,전,NNG
21873,주달,NNG
21874,봉,NNG
21875,이,JKS
21876,달,NNG
21877,봉,NNG
21878,티비,NNG
21879,전주,NNG
21880,여행,NNG
21881,코스,NNG
21882,전주,NNG
21883,가,JKS
21884,볼,VV+ETM
21885,만,NNB
21886,한,XSA+ETM
21887,곳,NNG
21888,여수,NNG
21889,여행,NNG
21890,여수,NNG
21891,가,JKS
21892,볼,VV+ETM
21893,만,NNB
21894,한,XSA+ETM
21895,곳,NNB
21896,제주,NNP
21897,도,JX
21898,여행,NNG
21899,제주도,NNP
21900,가,JKS
21901,볼,VV+ETM
21902,만,NNB
21903,한,XSA+ETM
21904,곳,NNG
21905,여행,NNG
21906,전문,NNG
21907,인,VCP+ETM
21908,플,NNG
21909,루,JKB
21910,언서,NNG
21911,전,NNG
21912,주달,NNG
21913,봉이,NNG
21914,입니다,VCP+EC
21915,1,SN
21916,7000,SN
21917,8000,SN
21918,원,NNBC
21919,2,SN
21920,흐노,NNP
21921,니,VCP+EC
21922,마시,VV
21923,랑게,EC
21924,전망,NNG
21925,달,VV
21926,곰,EC
21927,3,SN
21928,전주,NNP
21929,혼자,NNG
21930,2,SN
21931,박,NNBC
21932,3,SN
21933,일,NNBC
21934,여행,NNG
21935,아무래도,MAG
21936,사람,NNG
21937,이,JKS
21938,많,VA
21939,으면,EC
21940,맛집,NNG
21941,같,VA
21942,은,ETM
21943,곳,NNG
21944,에서,JKB
21945,혼자,MAG
21946,못,MAG
21947,먹,VV
21948,을,ETM
21949,것,NNB
21950,같,VA
21951,아서,EC
21952,5,SN
21953,월,NNBC
21954,중순,NNG
21955,은,JX
21956,전주,NNG
21957,여행,NNG
21958,을,JKO
21959,즐기,VV
21960,기,ETN
21961,좋,VA
21962,은,ETM
21963,계절,NNG
21964,입니다,VCP+EF
21965,하지만,MAJ
21966,현재,NNG
21967,는,JX
21968,코로나,NNP
21969,19,SN
21970,로,JKB
21971,인해,VV+EC
21972,여행객,NNG
21973,이,JKS
21974,줄어들,VV
21975,고,EC
21976,있,VX
21977,으므로,EC
21978,사람,NNG
21979,이,JKS
21980,많,VA
21981,지,EC
21982,않,VX
21983,을,ETM
21984,것,NNB
21985,으로,JKB
21986,예상,NNG
21987,됩니다,XSV+EF
21988,전,NP+JX
21989,주,VX
21990,는,ETM
21991,맛집,NNG
21992,이,JKS
21993,전주,NNG
21994,여행,NNG
21995,제,NP
21996,가,JKS
21997,이번,NNG
21998,달,NNG
21999,16,SN
22000,일,NNBC
22001,에,JKB
22002,친구,NNG
22003,3,SN
22004,명,NNBC
22005,하고,JC
22006,전,NP+JX
22007,주로,MAG
22008,여행,NNG
22009,을,JKO
22010,가,VV
22011,는데,EC
22012,궁금,XR
22013,한,XSA+ETM
22014,게,NNB+JKS
22015,많,VA
22016,아서,EC
22017,요,JX
22018,하나하나,MAG
22019,답장,NNG
22020,해,XSV+EC
22021,주,VX
22022,시,EP
22023,면,EC
22024,감사,NNG
22025,하,XSV
22026,겟,EP
22027,습니다,EF
22028,1,SN
22029,여수,NNP
22030,에서,JKB
22031,전주,NNG
22032,KTX,SL
22033,왕복,NNG
22034,기차표,NNG
22035,값,NNG
22036,이,JKS
22037,얼마,NNG
22038,인가요,VCP+EC
22039,2,SN
22040,중,NNG
22041,2,SN
22042,들,XSN
22043,이,JKS
22044,전,MM
22045,주가,NNG
22046,서,JKB
22047,놀,VV+ETM
22048,게,NNB+JKS
22049,뭐,NP
22050,가,JKS
22051,잇,VV
22052,을까요,EC
22053,3,SN
22054,전주,NNG
22055,여행,NNG
22056,갈,VV+ETM
22057,껀,NNB+JX
22058,데,NNB
22059,월요일,NNG
22060,휴무,NNG
22061,가,JKS
22062,많,VA
22063,나요,EF
22064,?,SF
22065,전주,NNG
22066,여행,NNG
22067,전주,NNG
22068,맛집,NNG
22069,국내,NNG
22070,여행,NNG
22071,전,NNG
22072,주달,NNG
22073,봉,NNG
22074,이,JKS
22075,달,NNG
22076,봉,NNG
22077,티비,NNG
22078,전주,NNG
22079,여행,NNG
22080,코스,NNG
22081,전주,NNG
22082,가,JKS
22083,볼,VV+ETM
22084,만,NNB
22085,한,XSA+ETM
22086,곳,NNG
22087,여수,NNG
22088,여행,NNG
22089,여수,NNG
22090,가,JKS
22091,볼,VV+ETM
22092,만,NNB
22093,한,XSA+ETM
22094,곳,NNB
22095,제주,NNP
22096,도,JX
22097,여행,NNG
22098,제주도,NNP
22099,가,JKS
22100,볼,VV+ETM
22101,만,NNB
22102,한,XSA+ETM
22103,곳,NNG
22104,여행,NNG
22105,전문,NNG
22106,인,VCP+ETM
22107,플,NNG
22108,루,JKB
22109,언서,NNG
22110,전,NNG
22111,주달,NNG
22112,봉이,NNG
22113,입니다,VCP+EF
22114,걱정,NNG
22115,안,MAG
22116,하,VV
22117,셔도,EP+EC
22118,되,VV
22119,셔요,EC
22120,대부분,NNG
22121,오픈,NNG
22122,합니다,XSV+EC
22123,내일,MAG
22124,전주,NNG
22125,당일치기,NNG
22126,부모,NNG
22127,님,XSN
22128,과,JC
22129,여행,NNG
22130,을,JKO
22131,전주,NNG
22132,여행,NNG
22133,전주,NNG
22134,맛집,NNG
22135,국내,NNG
22136,여행,NNG
22137,전,NNG
22138,주달,NNG
22139,봉,NNG
22140,이,JKS
22141,달,NNG
22142,봉,NNG
22143,티비,NNG
22144,전주,NNG
22145,여행,NNG
22146,코스,NNG
22147,전주,NNG
22148,가,JKS
22149,볼,VV+ETM
22150,만,NNB
22151,한,XSA+ETM
22152,곳,NNG
22153,여수,NNG
22154,여행,NNG
22155,여수,NNG
22156,가,JKS
22157,볼,VV+ETM
22158,만,NNB
22159,한,XSA+ETM
22160,곳,NNB
22161,제주,NNP
22162,도,JX
22163,여행,NNG
22164,제주도,NNP
22165,가,JKS
22166,볼,VV+ETM
22167,만,NNB
22168,한,XSA+ETM
22169,곳,NNG
22170,여행,NNG
22171,전문,NNG
22172,인,VCP+ETM
22173,플,NNG
22174,루,JKB
22175,언서,NNG
22176,전,NNG
22177,주달,NNG
22178,봉이,NNG
22179,입니다,VCP+EF
22180,바다,NNP
22181,는,JX
22182,군산,NNP
22183,새만금,NNP
22184,돌아보,VV
22185,시,EP
22186,면,EC
22187,전주,NNG
22188,여행,NNG
22189,갈만,NNG
22190,한,XSA+ETM
22191,곳,NNG
22192,(,SSO
22193,숙소,NNG
22194,/,SC
22195,한옥마을,NNP
22196,게스트,NNP
22197,하우스,NNP
22198,),SSC
22199,안녕,NNG
22200,하,XSV
22201,세요,EP+EF
22202,가족,NNG
22203,들,XSN
22204,과,JKB
22205,함께,MAG
22206,전주,NNG
22207,여행,NNG
22208,을,JKO
22209,가,VV
22210,려고,EC
22211,합니다,VX+EF
22212,한옥마을,NNP
22213,로,JKB
22214,유명,XR
22215,한,XSA+ETM
22216,전주,NNG
22217,여행,NNG
22218,을,JKO
22219,꼭,MAG
22220,한번,MAG
22221,해,VV+EC
22222,보,VX
22223,고,EC
22224,싶,VX
22225,어,EC
22226,했었,VX+EP
22227,는데,EC
22228,이번,NNG
22229,을,JKO
22230,기회,NNG
22231,로,JKB
22232,꼭,MAG
22233,다녀와,VV+EC
22234,보,VX
22235,려구요,EC
22236,전라도,NNP
22237,음식,NNG
22238,이,JKS
22239,맛있,VA
22240,다고,EC
22241,전주,NNG
22242,에,JKB
22243,가,VV
22244,면,EC
22245,전라도,NNP
22246,의,JKG
22247,대표,NNG
22248,음식,NNG
22249,도,JX
22250,먹,VV
22251,어,EC
22252,볼,VX+ETM
22253,뿐,NNB
22254,만,JX
22255,아니,VCN
22256,라,EC
22257,맛집,NNG
22258,도,JX
22259,전주,NNG
22260,여행,NNG
22261,코스,NNG
22262,추천,NNG
22263,좀,MAG
22264,전주,NNG
22265,여행,NNG
22266,코스,NNG
22267,추천,NNG
22268,좀,MAG
22269,전주,NNP
22270,여수,NNP
22271,맛집,NNG
22272,전주,NNG
22273,여행,NNG
22274,여수,NNG
22275,여행,NNG
22276,전,NNG
22277,주달,NNG
22278,봉,NNG
22279,이,JKS
22280,달,NNG
22281,봉,NNG
22282,티비,NNG
22283,전주,NNG
22284,여행,NNG
22285,코스,NNG
22286,전주,NNG
22287,가,JKS
22288,볼,VV+ETM
22289,만,NNB
22290,한,XSA+ETM
22291,곳,NNG
22292,여수,NNG
22293,여행,NNG
22294,여수,NNG
22295,가,JKS
22296,볼,VV+ETM
22297,만,NNB
22298,한,XSA+ETM
22299,곳,NNG
22300,여행,NNG
22301,인,VCP+ETM
22302,플,NNG
22303,루,JKB
22304,언서,NNG
22305,전,NNG
22306,주달,NNG
22307,봉이,NNG
22308,입니다,VCP+EF
22309,전주,NNG
22310,여행,NNG
22311,코스,NNG
22312,는,JX
22313,대부분,NNG
22314,한옥,NNG
22315,마을,NNG
22316,에서,JKB
22317,시작,NNG
22318,을,JKO
22319,합니다,VV+EC
22320,전주,NNG
22321,여행,NNG
22322,볼거리,NNG
22323,이번,NNG
22324,주,NNG
22325,전주,NNG
22326,여행,NNG
22327,가,VV
22328,는,ETM
22329,데,NNB
22330,볼,VV+ETM
22331,거리,NNG
22332,맛집,NNG
22333,등,NNB
22334,알려,VV+EC
22335,주,VX
22336,세요,EP+EF
22337,전,MM
22338,주,NNG
22339,에서,JKB
22340,가,VV
22341,볼,EC+VX+ETM
22342,만,NNB
22343,한,XSA+ETM
22344,곳,NNG
22345,들,XSN
22346,추천,NNG
22347,해,XSV+EC
22348,드리,VX
22349,겠,EP
22350,습니다,EF
22351,전주,NNP
22352,한옥마을,NNP
22353,전주,NNP
22354,동물원,NNP
22355,한국도로공사,NNP
22356,수목원,NNG
22357,덕진,NNP
22358,공원,NNG
22359,전주,NNG
22360,난장,NNG
22361,전주,NNG
22362,에,JKB
22363,여행,NNG
22364,가,VV
22365,는,ETM
22366,데,NNB
22367,오,VV
22368,션,EC
22369,뷰,NNP
22370,카페,NNP
22371,추천,NNG
22372,해,XSV+EC
22373,주,VX
22374,세요,EP+EF
22375,.,SF
22376,전주,NNG
22377,여행,NNG
22378,전주,NNG
22379,맛집,NNG
22380,국내,NNG
22381,여행,NNG
22382,전,NNG
22383,주달,NNG
22384,봉,NNG
22385,이,JKS
22386,달,NNG
22387,봉,NNG
22388,티비,NNG
22389,전주,NNG
22390,여행,NNG
22391,코스,NNG
22392,전주,NNG
22393,가,JKS
22394,볼,VV+ETM
22395,만,NNB
22396,한,XSA+ETM
22397,곳,NNG
22398,여수,NNG
22399,여행,NNG
22400,여수,NNG
22401,가,JKS
22402,볼,VV+ETM
22403,만,NNB
22404,한,XSA+ETM
22405,곳,NNB
22406,제주,NNP
22407,도,JX
22408,여행,NNG
22409,제주도,NNP
22410,가,JKS
22411,볼,VV+ETM
22412,만,NNB
22413,한,XSA+ETM
22414,곳,NNG
22415,여행,NNG
22416,전문,NNG
22417,인,VCP+ETM
22418,플,NNG
22419,루,JKB
22420,언서,NNG
22421,전,NNG
22422,주달,NNG
22423,봉이,NNG
22424,입니다,VCP+EF
22425,아쉽,VA
22426,게,EC
22427,도,JX
22428,전,MM
22429,주이,NNG
22430,는,JX
22431,바다,NNG
22432,가,JKS
22433,없,VA
22434,어서,EC
22435,전주,NNP
22436,가족,NNG
22437,여행,NNG
22438,코스,NNG
22439,문,NNG
22440,의,JKG
22441,드려요,VV+EF
22442,!,SF
22443,전주,NNG
22444,여행,NNG
22445,전주,NNG
22446,맛집,NNG
22447,국내,NNG
22448,여행,NNG
22449,전,NNG
22450,주달,NNG
22451,봉,NNG
22452,이,JKS
22453,달,NNG
22454,봉,NNG
22455,티비,NNG
22456,전주,NNG
22457,여행,NNG
22458,코스,NNG
22459,전주,NNG
22460,가,JKS
22461,볼,VV+ETM
22462,만,NNB
22463,한,XSA+ETM
22464,곳,NNG
22465,여수,NNG
22466,여행,NNG
22467,여수,NNG
22468,가,JKS
22469,볼,VV+ETM
22470,만,NNB
22471,한,XSA+ETM
22472,곳,NNB
22473,제주,NNP
22474,도,JX
22475,여행,NNG
22476,제주도,NNP
22477,가,JKS
22478,볼,VV+ETM
22479,만,NNB
22480,한,XSA+ETM
22481,곳,NNG
22482,여행,NNG
22483,전문,NNG
22484,인,VCP+ETM
22485,플,NNG
22486,루,JKB
22487,언서,NNG
22488,전,NNG
22489,주달,NNG
22490,봉이,NNG
22491,입니다,VCP+EF
22492,전주,NNG
22493,여행,NNG
22494,코스,NNG
22495,는,JX
22496,한옥,NNG
22497,마을,NNG
22498,에서부터,JKB
22499,전주,NNG
22500,여행,NNG
22501,코스,NNG
22502,및,MAJ
22503,일정,NNG
22504,추천,NNG
22505,부탁,NNG
22506,드려요,VV+EC
22507,(,SSO
22508,토요일,NNG
22509,하루,NNG
22510,),SSC
22511,일정,NNG
22512,이,JKS
22513,괜찮,VA
22514,은지,EC
22515,수정,NNG
22516,이,JKS
22517,필요,NNG
22518,한,XSA+ETM
22519,부분,NNG
22520,이,JKS
22521,있,VV
22522,는지,EC
22523,인근,NNG
22524,맛집,NNG
22525,등,NNB
22526,은,JX
22527,또,MAG
22528,있,VV
22529,는지,EC
22530,등등,NNB
22531,의견,NNG
22532,부탁,NNG
22533,드립니다,VV+EC
22534,전주,NNG
22535,여행,NNG
22536,전주,NNG
22537,맛집,NNG
22538,국내,NNG
22539,여행,NNG
22540,전,NNG
22541,주달,NNG
22542,봉,NNG
22543,이,JKS
22544,달,NNG
22545,봉,NNG
22546,티비,NNG
22547,전주,NNG
22548,여행,NNG
22549,코스,NNG
22550,전주,NNG
22551,가,JKS
22552,볼,VV+ETM
22553,만,NNB
22554,한,XSA+ETM
22555,곳,NNG
22556,여수,NNG
22557,여행,NNG
22558,여수,NNG
22559,가,JKS
22560,볼,VV+ETM
22561,만,NNB
22562,한,XSA+ETM
22563,곳,NNB
22564,제주,NNP
22565,도,JX
22566,여행,NNG
22567,전주,NNG
22568,여행,NNG
22569,가,VV
22570,려는데,EC
22571,.,SF
22572,.,SY
22573,전주,NNP
22574,한옥,NNG
22575,마을,NNG
22576,근처,NNG
22577,에서,JKB
22578,숙박,NNG
22579,하,XSV
22580,며,EC
22581,여행,NNG
22582,한다면,XSV+EC
22583,어디,NP
22584,어디,NP
22585,가,VV
22586,고,EC
22587,어떤,MM
22588,맛집,NNG
22589,이,JKS
22590,좋,VA
22591,은지,EC
22592,버스,NNG
22593,나,JC
22594,택시,NNG
22595,타,VV
22596,고,EC
22597,조금,MAG
22598,만,JX
22599,나가,VV+EC
22600,도,JX
22601,되,VV
22602,는,ETM
22603,가,VV
22604,볼,EC+VX+ETM
22605,만,NNB
22606,한,XSA+ETM
22607,곳,NNG
22608,이,JKS
22609,어딘지,NP+VCP+EC
22610,등등,NNB
22611,추천,NNG
22612,해,XSV+EC
22613,주,VX
22614,세요,EP+EF
22615,2,SN
22616,그,MM
22617,외,NNB
22618,에,JKB
22619,다른,MM
22620,곳,NNB
22621,어디,NP
22622,전주,NNG
22623,여행,NNG
22624,코스,NNG
22625,아침,NNG
22626,으로,JKB
22627,전주,NNG
22628,현대,NNG
22629,옥,NNG
22630,본점,NNG
22631,가,VV
22632,서,EC
22633,먹,VV
22634,고,EC
22635,점심,NNG
22636,으로,JKB
22637,는,JX
22638,전주,NNP
22639,비빔,NNG
22640,소리,NNG
22641,를,JKO
22642,가,VV
22643,려고,EC
22644,하,VV
22645,는데,EC
22646,현,MM
22647,대옥,NNG
22648,과,JC
22649,비빔,NNG
22650,소리,NNG
22651,중간,NNG
22652,에,JKB
22653,어디,NP
22654,구경,NNG
22655,할,XSV+ETM
22656,곳,NNG
22657,이나,JC
22658,갈만,NNG
22659,한,XSA+ETM
22660,곳,NNB
22661,없,VA
22662,을까요,EC
22663,전주,NNG
22664,여행,NNG
22665,전주,NNG
22666,맛집,NNG
22667,국내,NNG
22668,여행,NNG
22669,전,NNG
22670,주달,NNG
22671,봉,NNG
22672,이,JKS
22673,달,NNG
22674,봉,NNG
22675,티비,NNG
22676,전주,NNG
22677,여행,NNG
22678,코스,NNG
22679,전라도,NNP
22680,전주,NNP
22681,여행,NNG
22682,전주,NNG
22683,에,JKB
22684,여행,NNG
22685,을,JKO
22686,가,VV
22687,려고,EC
22688,하,VV
22689,는데,EC
22690,한,MM
22691,번,NNBC
22692,도,JX
22693,안,MAG
22694,가,VV+EC
22695,봐서,VX+EC
22696,요,JX
22697,1,SN
22698,박,NNBC
22699,2,SN
22700,일,NNBC
22701,이나,JX
22702,2,SN
22703,박,NNBC
22704,3,SN
22705,일,NNBC
22706,있,VA
22707,을,ETM
22708,예정,NNG
22709,인데,VCP+EC
22710,가,VX
22711,볼,EC+VX+ETM
22712,만,NNB
22713,한,XSA+ETM
22714,곳,NNG
22715,추천,NNG
22716,받,VV
22717,아용,EC
22718,체험,NNG
22719,도,JX
22720,좋,VA+ETM
22721,구용,NNG
22722,전주,NNG
22723,에서,JKB
22724,가,VV
22725,볼,EC+VX+ETM
22726,만,NNB
22727,한,XSA+ETM
22728,곳,NNG
22729,들,XSN
22730,추천,NNG
22731,해,XSV+EC
22732,드리,VX
22733,겠,EP
22734,습니다,EF
22735,전주,NNP
22736,한옥마을,NNP
22737,전주,NNG
22738,여행,NNG
22739,참고,NNG
22740,로,JKB
22741,저희,NP
22742,는,JX
22743,뚜벅,MAG
22744,이,JKC
22745,입,VV
22746,니,EC
22747,댜,VV+EF
22748,전주,NNG
22749,여행,NNG
22750,을,JKO
22751,계획,NNG
22752,중,NNB
22753,이,VCP
22754,시,EP
22755,군요,EF
22756,그럼,MAJ
22757,전,MM
22758,주,NNG
22759,에서,JKB
22760,가,VV
22761,볼,EC+VX+ETM
22762,만,NNB
22763,한,XSA+ETM
22764,곳,NNG
22765,들,XSN
22766,추천,NNG
22767,해,XSV+EC
22768,드리,VX
22769,겠,EP
22770,습니다,EF
22771,한국,NNP
22772,도로공사,NNP
22773,수목원,NNG
22774,전주,NNG
22775,동물원,NNP
22776,자만,NNP
22777,마을,NNG
22778,벽화,NNG
22779,갤러리,NNG
22780,국립,NNG
22781,전,MM
22782,주박,NNG
22783,물관,NNG
22784,전주,NNG
22785,여행,NNG
22786,코스,NNG
22787,추천,NNG
22788,전주,NNG
22789,여행,NNG
22790,코스,NNG
22791,추천,NNG
22792,안녕,NNG
22793,하,XSV
22794,세요,EP+EF
22795,전주,NNG
22796,맛집,NNG
22797,전주,NNG
22798,블로그,NNG
22799,전,NNG
22800,주달,NNG
22801,봉이,NNG
22802,입니다,VCP+EF
22803,대부분,NNG
22804,1,SN
22805,박,NNBC
22806,2,SN
22807,일,NNBC
22808,코스,NNG
22809,로,JKB
22810,들,VV+ETM
22811,전주,NNG
22812,를,JKO
22813,놀러오,VV
22814,십니다,EP+EF
22815,한옥마을,NNP
22816,경기전,NNG
22817,남부,NNG
22818,시장,NNG
22819,야,VCP+EF
22820,시장,NNG
22821,벽화,NNG
22822,마을,NNG
22823,전동성당,NNP
22824,향교,NNG
22825,오,NR
22826,목대,NNG
22827,이렇게,MAG
22828,들,XSN
22829,많이,MAG
22830,들,XSN
22831,둘러보,VV
22832,시,EP
22833,고,EC
22834,요,JX
22835,더,MAG
22836,추가,NNG
22837,로,JKB
22838,전주,NNG
22839,여행,NNG
22840,코스,NNG
22841,동선,NNG
22842,좀,MAG
22843,짜,VV+EC
22844,주,VX
22845,세요,EP+EF
22846,숙소,NNG
22847,는,JX
22848,완산구,NNP
22849,서신동,NNP
22850,입니다,VCP+EF
22851,전주,NNG
22852,여행,NNG
22853,전주,NNG
22854,맛집,NNG
22855,국내,NNG
22856,여행,NNG
22857,전,NNG
22858,주달,NNG
22859,봉,NNG
22860,이,JKS
22861,달,NNG
22862,봉,NNG
22863,티비,NNG
22864,전주,NNG
22865,여행,NNG
22866,코스,NNG
22867,전주,NNG
22868,가,JKS
22869,볼,VV+ETM
22870,만,NNB
22871,한,XSA+ETM
22872,곳,NNG
22873,여수,NNG
22874,여행,NNG
22875,여수,NNG
22876,가,JKS
22877,볼,VV+ETM
22878,만,NNB
22879,한,XSA+ETM
22880,곳,NNB
22881,제주,NNP
22882,도,JX
22883,여행,NNG
22884,제주도,NNP
22885,가,JKS
22886,볼,VV+ETM
22887,만,NNB
22888,한,XSA+ETM
22889,곳,NNG
22890,여행,NNG
22891,전문,NNG
22892,인,VCP+ETM
22893,플,NNG
22894,루,JKB
22895,언서,NNG
22896,전,NNG
22897,주달,NNG
22898,봉이,NNG
22899,입니다,VCP+EC
22900,1,SN
22901,한옥마을,NNP
22902,전주,NNG
22903,여행,NNG
22904,!,SY
22905,크리스마스,NNG
22906,에,JKB
22907,단,MM
22908,둘,NR
22909,이,XSN
22910,서,JKS
22911,당일치기,NNG
22912,로,JKB
22913,전주,NNG
22914,여행,NNG
22915,하,XSV
22916,기,ETN
22917,로,JKB
22918,했,VV+EP
22919,습니다,EF
22920,고등학생,NNG
22921,인데요,VCP+EF
22922,어느,MM
22923,정도,NNG
22924,들,VV
22925,고,EC
22926,가,VX
22927,는,ETM
22928,게,NNB+JKS
22929,맞,VV
22930,고,EC
22931,전주,NNG
22932,는,JX
22933,할,VV+ETM
22934,게,NNB+JKS
22935,뭐,IC
22936,뭐,IC
22937,있,VA
22938,을까요,EC
22939,제대로,MAG
22940,답변,NNG
22941,해,XSV+EC
22942,주,VX
22943,세요,EP+EF
22944,대학,NNG
22945,로,JKB
22946,와,JC
22947,투어,NNG
22948,공연,NNG
22949,하,XSV
22950,는,ETM
22951,연극,NNG
22952,추천,NNG
22953,해,XSV+EC
22954,드릴께요,VX+EF
22955,제,NP
22956,가,JKS
22957,전주,NNG
22958,여행,NNG
22959,을,JKO
22960,갔,VV+EP
22961,는데,EC
22962,여,JKV
22963,제,NP
22964,가,JKS
22965,왜,MAG
22966,그런진,VA+EC+JX
22967,모르,VV
22968,겠,EP
22969,지만,EC
22970,그냥,MAG
22971,전라도,NNP
22972,사투리,NNG
22973,듣,VV
22974,기,ETN
22975,싫,VA
22976,더라구요,EF
22977,억양,NNG
22978,이,JKS
22979,쎄,VA
22980,서,EC
22981,그런,MM
22982,감,NNG
22983,좀,MAG
22984,듣,VV
22985,기,ETN
22986,가,JKS
22987,거북,NNG
22988,했,XSV+EP
22989,는데,EC
22990,전주,NNG
22991,여행,NNG
22992,갔었,VV+EP
22993,는데,EC
22994,무슨,MM
22995,일,NNG
22996,인진,VCP+EC+JX
22997,모르,VV
22998,겠,EP
22999,지만,EC
23000,사람,NNG
23001,들,XSN
23002,전라도,NNP
23003,사투리,NNG
23004,1,SN
23005,도,NNBC
23006,안,MAG
23007,쓰,VV
23008,던데요,EC
23009,쫌,MAG
23010,의외,NNG
23011,였,VCP+EP
23012,어요,EF
23013,전라북도,NNP
23014,전주시,NNP
23015,아닌가요,VCN+EC
23016,전주,NNP
23017,1,SN
23018,박,NNBC
23019,2,SN
23020,일,NNBC
23021,여행,NNG
23022,코스,NNG
23023,추천,NNG
23024,및,MAJ
23025,조언,NNG
23026,해,XSV+EC
23027,주,VX
23028,세요,EP+EF
23029,가,VV
23030,고,EC
23031,싶,VX
23032,은,ETM
23033,곳,NNB
23034,전주,NNP
23035,한옥마을,NNP
23036,경기전,NNG
23037,전주,NNG
23038,난장,NNG
23039,전주,NNG
23040,국립,NNG
23041,박물관,NNG
23042,전주,NNP
23043,동물원,NNG
23044,이동,NNG
23045,수단,NNG
23046,자동차,NNG
23047,전주,NNG
23048,여행,NNG
23049,전주,NNG
23050,맛집,NNG
23051,국내,NNG
23052,여행,NNG
23053,전,NNG
23054,주달,NNG
23055,봉,NNG
23056,이,JKS
23057,달,NNG
23058,봉,NNG
23059,티비,NNG
23060,전주,NNG
23061,여행,NNG
23062,코스,NNG
23063,전주,NNG
23064,가,JKS
23065,볼,VV+ETM
23066,만,NNB
23067,한,XSA+ETM
23068,곳,NNG
23069,여수,NNG
23070,여행,NNG
23071,여수,NNG
23072,가,JKS
23073,볼,VV+ETM
23074,만,NNB
23075,한,XSA+ETM
23076,곳,NNB
23077,제주,NNP
23078,도,JX
23079,여행,NNG
23080,뚜벅,MAG
23081,이,MM
23082,여행,NNG
23083,으로,JKB
23084,전주,NNG
23085,가,VV
23086,려는데,EC
23087,한옥,NNG
23088,마을,NNG
23089,근처,NNG
23090,짐,NNG
23091,.,SF
23092,..,SY
23093,이용,NNG
23094,하,XSV
23095,시,EP
23096,면,EC
23097,원,NNG
23098,하,XSV
23099,는,ETM
23100,장소,NNG
23101,에서,JKB
23102,장소,NNG
23103,로,JKB
23104,짐,NNG
23105,운송,NNG
23106,이,JKS
23107,가능,NNG
23108,합니다,XSA+EF
23109,가격,NNG
23110,도,JX
23111,저렴,XR
23112,하,XSA
23113,고,EC
23114,앱,NNG
23115,을,JKO
23116,통해,VV+EC
23117,실시간,NNG
23118,으로,JKB
23119,주문,NNG
23120,및,MAJ
23121,현황,NNG
23122,확인,NNG
23123,까지,JX
23124,가능,NNG
23125,해,XSV+EC
23126,여행,NNG
23127,중,NNB
23128,편리,NNG
23129,하,XSV
23130,게,EC
23131,이용,NNG
23132,이,JKS
23133,가능,NNG
23134,하,XSA
23135,니,EC
23136,전주,NNG
23137,뚜벅,MAG
23138,이,MM
23139,여행,NNG
23140,시,NNB
23141,참고,NNG
23142,해,XSV+EC
23143,보,VX
23144,세요,EP+EF
23145,즐거운,VA+ETM
23146,전주,NNG
23147,여행,NNG
23148,되,XSV
23149,시,EP
23150,길,ETN+JKO
23151,바랄,VV+ETM
23152,게요,NNB+VCP+EC
23153,전주,NNG
23154,여행,NNG
23155,일정,NNG
23156,이번,NNG
23157,에,JKB
23158,전,NP+JX
23159,주로,MAG
23160,여행,NNG
23161,을,JKO
23162,가,VV
23163,는데,EC
23164,소요,NNG
23165,시간,NNG
23166,을,JKO
23167,알,VV
23168,고,EC
23169,싶,VX
23170,어요,EF
23171,한옥마을,NNP
23172,초코파이,NNP
23173,체험,NNG
23174,장,NNG
23175,수목원,NNG
23176,드림,VV+ETM
23177,랜드,NNG
23178,순,NNG
23179,으로,JKB
23180,가,VV
23181,는데,EC
23182,이동,NNG
23183,시간,NNG
23184,이,JKS
23185,얼마나,MAG
23186,걸릴까요,VV+EF
23187,자세,XR
23188,하,XSA
23189,게,EC
23190,부탁,NNG
23191,드릴게요,VV+EC
23192,우선,MAG
23193,전주,NNP
23194,한옥마을,NNP
23195,내,NNB
23196,에,JKB
23197,초코파이,NNP
23198,체험,NNG
23199,장이,XSN
23200,있,VA
23201,으니까요,EC
23202,이걸,NP+JKO
23203,이번,NNG
23204,에,JKB
23205,태교,NNG
23206,여행,NNG
23207,으로,JKB
23208,2,SN
23209,박,NNBC
23210,3,SN
23211,일,NNBC
23212,놀,VV
23213,러,EC
23214,가,VX
23215,려고,EC
23216,하,VV
23217,는데,EC
23218,강아지,NNG
23219,.,SF
23220,..,SY
23221,전주,NNG
23222,여행,NNG
23223,전주,NNG
23224,맛집,NNG
23225,국내,NNG
23226,여행,NNG
23227,전,NNG
23228,주달,NNG
23229,봉,NNG
23230,이,JKS
23231,달,NNG
23232,봉,NNG
23233,티비,NNG
23234,전주,NNG
23235,여행,NNG
23236,코스,NNG
23237,전주,NNG
23238,가,JKS
23239,볼,VV+ETM
23240,만,NNB
23241,한,XSA+ETM
23242,곳,NNG
23243,여수,NNG
23244,여행,NNG
23245,여수,NNG
23246,가,JKS
23247,볼,VV+ETM
23248,만,NNB
23249,한,XSA+ETM
23250,곳,NNB
23251,제주,NNP
23252,도,JX
23253,여행,NNG
23254,제주도,NNP
23255,가,JKS
23256,볼,VV+ETM
23257,만,NNB
23258,한,XSA+ETM
23259,곳,NNG
23260,여행,NNG
23261,전문,NNG
23262,인,VCP+ETM
23263,플,NNG
23264,루,JKB
23265,언서,NNG
23266,전,NNG
23267,주달,NNG
23268,봉이,NNG
23269,입니다,VCP+EF
23270,전주,NNG
23271,여행,NNG
23272,숙소,NNG
23273,잡,VV
23274,기,ETN
23275,가,JKS
23276,힘드,VA
23277,시,EP
23278,다면,EC
23279,바닷가,NNG
23280,가,JKS
23281,전주,NNG
23282,여행,NNG
23283,추천,NNG
23284,해,XSV+EC
23285,주,VX
23286,세요,EP+EF
23287,전주,NNG
23288,여행,NNG
23289,추천,NNG
23290,해,XSV+EC
23291,주,VX
23292,세요,EP+EF
23293,전,MM
23294,주식,NNG
23295,가,VV+EC
23296,맥,NNG
23297,문화,NNG
23298,의,JKG
23299,전일,NNG
23300,슈퍼,NNG
23301,등,NNB
23302,의,JKG
23303,전,MM
23304,주만,NNP
23305,의,JKG
23306,술,NNG
23307,문화,NNG
23308,외,NNB
23309,에,JKB
23310,도,JX
23311,에,IC
23312,피큐어,NNP
23313,평점,NNG
23314,AA,SL
23315,를,JKO
23316,받,VV
23317,은,ETM
23318,전주식,NNP
23319,한정식,NNP
23320,의,JKG
23321,최고봉,NNP
23322,수구,NNP
23323,정,NNP
23324,전라,NNP
23325,회관,NNG
23326,궁,NNG
23327,전주비빔밥,NNG
23328,의,JKG
23329,최고봉,NNG
23330,고궁,NNG
23331,성미,NNG
23332,당,XSN
23333,토종,NNG
23334,명품,NNG
23335,닭,NNG
23336,을,JKO
23337,사용,NNG
23338,한,XSV+ETM
23339,닭,NNG
23340,요,VCP+EC
23341,리의,NNG
23342,1,SN
23343,박,NNBC
23344,2,SN
23345,일,NNBC
23346,전주,NNP
23347,혼자,NNG
23348,여행,NNG
23349,코스,NNG
23350,질문,NNG
23351,하,XSV
23352,신,EP+ETM
23353,전주,NNG
23354,여행,NNG
23355,정보,NNG
23356,정리,NNG
23357,해,XSV+EC
23358,봤,VX+EP
23359,습니다,EF
23360,참고,NNG
23361,해,XSV+EC
23362,주,VX
23363,세요,EP+EF
23364,전,MM
23365,주,NNG
23366,에서,JKB
23367,가,VV
23368,볼,EC+VX+ETM
23369,만,NNB
23370,한,XSA+ETM
23371,곳,NNB
23372,덕진,NNP
23373,공원,NNG
23374,추천,NNP
23375,덕진,NNP
23376,공원,NNG
23377,이,JKS
23378,전주,NNP
23379,터미널,NNG
23380,에서,JKB
23381,가장,MAG
23382,가까운,VA+ETM
23383,곳,NNG
23384,이,VCP
23385,에요,EF
23386,산책,NNG
23387,하,XSV
23388,기,ETN
23389,에,JKB
23390,좋,VA
23391,은,ETM
23392,호수,NNG
23393,공원,NNG
23394,이,VCP
23395,에요,EF
23396,덕진,NNP
23397,공원,NNG
23398,을,JKO
23399,생략,NNG
23400,하,XSV
23401,고,EC
23402,곧바로,MAG
23403,남부,NNG
23404,시장,NNG
23405,과,JC
23406,전주,NNG
23407,여행,NNG
23408,갈려고,VV+EC
23409,하,VV
23410,는데,EC
23411,전주,NNG
23412,여행,NNG
23413,전주,NNG
23414,맛집,NNG
23415,국내,NNG
23416,여행,NNG
23417,전,NNG
23418,주달,NNG
23419,봉,NNG
23420,이,JKS
23421,달,NNG
23422,봉,NNG
23423,티비,NNG
23424,전주,NNG
23425,여행,NNG
23426,코스,NNG
23427,전주,NNG
23428,가,JKS
23429,볼,VV+ETM
23430,만,NNB
23431,한,XSA+ETM
23432,곳,NNG
23433,여수,NNG
23434,여행,NNG
23435,여수,NNG
23436,가,JKS
23437,볼,VV+ETM
23438,만,NNB
23439,한,XSA+ETM
23440,곳,NNB
23441,제주,NNP
23442,도,JX
23443,여행,NNG
23444,제주도,NNP
23445,가,JKS
23446,볼,VV+ETM
23447,만,NNB
23448,한,XSA+ETM
23449,곳,NNG
23450,여행,NNG
23451,전문,NNG
23452,인,VCP+ETM
23453,플,NNG
23454,루,JKB
23455,언서,NNG
23456,전,NNG
23457,주달,NNG
23458,봉이,NNG
23459,입니다,VCP+EF
23460,전주,NNG
23461,여행,NNG
23462,코스,NNG
23463,는,JX
23464,한옥,NNG
23465,마을,NNG
23466,에서부터,JKB
23467,시작,NNG
23468,을,JKO
23469,2,SN
23470,박,NNBC
23471,3,SN
23472,일,NNBC
23473,전주,NNG
23474,여행,NNG
23475,부모,NNG
23476,님,XSN
23477,과,JC
23478,전주,NNG
23479,여행,NNG
23480,가,VV
23481,려고,EC
23482,하,VV
23483,는데,EC
23484,정보,NNG
23485,가,JKS
23486,하나,NR
23487,도,JX
23488,없,VA
23489,어서요,EC
23490,숙소,NNG
23491,는,JX
23492,어디,NP
23493,가,JKS
23494,좋,VA
23495,은지,EC
23496,관광지,NNG
23497,는,JX
23498,어디,NP
23499,가,JKS
23500,있,VA
23501,는지,EC
23502,추천,NNG
23503,부탁,NNG
23504,드려요,VV+EC
23505,전주,NNG
23506,여행,NNG
23507,전주,NNG
23508,맛집,NNG
23509,국내,NNG
23510,여행,NNG
23511,전,NNG
23512,주달,NNG
23513,봉,NNG
23514,이,JKS
23515,달,NNG
23516,봉,NNG
23517,티비,NNG
23518,전주,NNG
23519,여행,NNG
23520,코스,NNG
23521,전주,NNG
23522,가,JKS
23523,볼,VV+ETM
23524,만,NNB
23525,한,XSA+ETM
23526,곳,NNG
23527,여수,NNG
23528,여행,NNG
23529,전주,NNG
23530,여행,NNG
23531,코스,NNG
23532,!,SF
23533,!!,SY
23534,이미,MAG
23535,전주,NNG
23536,여행,NNG
23537,을,JKO
23538,마치,VV
23539,고,EC
23540,복귀,NNG
23541,하,XSV
23542,셨,EP+EP
23543,을,ETM
23544,것,NNB
23545,같,VA
23546,네요,EF
23547,저희,NP
23548,도,JX
23549,지난주,NNG
23550,에,JKB
23551,당일,NNG
23552,코스,NNG
23553,로,JKB
23554,전주,NNG
23555,에,JKB
23556,다녀왔,VV+EP
23557,는데요,EF
23558,주말,NNG
23559,이,VCP
23560,라서,EC
23561,그런지,VA+EC
23562,차,NNG
23563,들,XSN
23564,도,JX
23565,많,VA
23566,고,EC
23567,관광지,NNG
23568,에,JKB
23569,는,JX
23570,사람,NNG
23571,들,XSN
23572,도,JX
23573,많,VA
23574,아서,EC
23575,생각,NNG
23576,처럼,JKB
23577,많이,MAG
23578,둘러보,VV
23579,지,EC
23580,못해서,VX+EC
23581,아쉽,VA
23582,더라고요,EC
23583,최소한,NNG
23584,1,SN
23585,박,NNBC
23586,2,SN
23587,일,NNBC
23588,전주,NNG
23589,당일치기,NNG
23590,여행,NNG
23591,을,JKO
23592,가,VV
23593,려고,EC
23594,하,VV
23595,는데,EC
23596,질문,NNG
23597,이,JKS
23598,있,VA
23599,습니다,EF
23600,전주,NNG
23601,여행,NNG
23602,전주,NNG
23603,맛집,NNG
23604,국내,NNG
23605,여행,NNG
23606,전,NNG
23607,주달,NNG
23608,봉,NNG
23609,이,JKS
23610,달,NNG
23611,봉,NNG
23612,티비,NNG
23613,전주,NNG
23614,여행,NNG
23615,코스,NNG
23616,전주,NNG
23617,가,JKS
23618,볼,VV+ETM
23619,만,NNB
23620,한,XSA+ETM
23621,곳,NNG
23622,여수,NNG
23623,여행,NNG
23624,여수,NNG
23625,가,JKS
23626,볼,VV+ETM
23627,만,NNB
23628,한,XSA+ETM
23629,곳,NNB
23630,제주,NNP
23631,도,JX
23632,여행,NNG
23633,제주도,NNP
23634,가,JKS
23635,볼,VV+ETM
23636,만,NNB
23637,한,XSA+ETM
23638,곳,NNG
23639,여행,NNG
23640,전문,NNG
23641,인,VCP+ETM
23642,플,NNG
23643,루,JKB
23644,언서,NNG
23645,전,NNG
23646,주달,NNG
23647,봉이,NNG
23648,입니다,VCP+EF
23649,기지,NNG
23650,제,XSN
23651,산책,NNG
23652,저녁,NNG
23653,에,JKB
23654,도,JX
23655,많이,MAG
23656,들,XSN
23657,하,VV
23658,셔서,EP+EC
23659,전주,NNP
23660,1,SN
23661,박,NNBC
23662,2,SN
23663,일,NNBC
23664,여행,NNG
23665,가,VV
23666,는데,EC
23667,코스,NNG
23668,추천,NNG
23669,부탁,NNG
23670,드려요,VV+EC
23671,~^^,SY
23672,남자,NNG
23673,친구,NNG
23674,와,JC
23675,생일,NNG
23676,여행,NNG
23677,으로,JKB
23678,전주,NNG
23679,여행,NNG
23680,을,JKO
23681,가,VV
23682,는데,EC
23683,전주,NNG
23684,는,JX
23685,처음,NNG
23686,이,VCP
23687,라,EC
23688,좋,VA
23689,은,ETM
23690,코스,NNG
23691,있,VV
23692,으면,EC
23693,추천,NNG
23694,좀,MAG
23695,부탁드립니다,VV+EC
23696,숙소,NNG
23697,는,JX
23698,전주,NNP
23699,한옥마을,NNP
23700,도보,NNP
23701,10,SN
23702,거리,NNG
23703,에,JKB
23704,잡,VV
23705,았,EP
23706,고,EC
23707,자차,NNG
23708,있,VV
23709,어서,EC
23710,이동은,NNP
23711,문제,NNG
23712,없,VA
23713,습니다,EF
23714,맛집,NNG
23715,도,JX
23716,추천,NNG
23717,부탁,NNG
23718,드려요,VV+EC
23719,안녕,NNG
23720,하,XSV
23721,세요,EP+EF
23722,AI,SL
23723,전주,NNP
23724,한옥,NNG
23725,마을,NNG
23726,에,JKB
23727,남자,NNG
23728,혼자,NNG
23729,여행,NNG
23730,을,JKO
23731,갈,VV+ETM
23732,예정,NNG
23733,입니다,VCP+EF
23734,.,SF
23735,욕조,NNG
23736,는,JX
23737,저,NP
23738,도,JX
23739,굉장히,MAG
23740,무리,NNG
23741,한,XSA+ETM
23742,질문,NNG
23743,인,VCP+ETM
23744,것,NNB
23745,같,VA
23746,지만,EC
23747,혹시나,MAG
23748,해서,VV+EC
23749,전주,NNG
23750,여행,NNG
23751,전주,NNG
23752,맛집,NNG
23753,국내,NNG
23754,여행,NNG
23755,전,NNG
23756,주달,NNG
23757,봉,NNG
23758,이,JKS
23759,달,NNG
23760,봉,NNG
23761,티비,NNG
23762,전주,NNG
23763,여행,NNG
23764,코스,NNG
23765,전주,NNG
23766,가,JKS
23767,볼,VV+ETM
23768,만,NNB
23769,한,XSA+ETM
23770,곳,NNG
23771,여수,NNG
23772,여행,NNG
23773,여수,NNG
23774,가,JKS
23775,볼,VV+ETM
23776,만,NNB
23777,한,XSA+ETM
23778,곳,NNB
23779,제주,NNP
23780,도,JX
23781,여행,NNG
23782,제주도,NNP
23783,가,JKS
23784,볼,VV+ETM
23785,만,NNB
23786,한,XSA+ETM
23787,곳,NNG
23788,여행,NNG
23789,전문,NNG
23790,인,VCP+ETM
23791,플,NNG
23792,루,JKB
23793,언서,NNG
23794,전주,NNG
23795,여행,NNG
23796,가,VV
23797,는데,EC
23798,렌트,NNG
23799,를,JKO
23800,하,VV
23801,는,ETM
23802,게,NNB+JKS
23803,좋,VA
23804,을까,EC
23805,전주,NNG
23806,여행,NNG
23807,가,VV
23808,는데,EC
23809,렌트,NNG
23810,를,JKO
23811,하,VV
23812,는,ETM
23813,게,NNB+JKS
23814,좋,VA
23815,을까요,EC
23816,안녕,NNG
23817,하,XSV
23818,세요,EP+EF
23819,천만,NR
23820,반,NNG
23821,려인,NNG
23822,과,JKB
23823,함께,MAG
23824,하,VV
23825,는,ETM
23826,애견,NNG
23827,동반,NNG
23828,여행,NNG
23829,플랫,NNG
23830,폼,NNG
23831,하트,NNG
23832,독,NNG
23833,입니다,VCP+EF
23834,전주,NNG
23835,는,JX
23836,작,VA
23837,은,ETM
23838,도시,NNG
23839,라서,VCP+EC
23840,택시,NNG
23841,로,JKB
23842,이동,NNG
23843,을,JKO
23844,해도,VV+EC
23845,크,VA
23846,게,EC
23847,불편,NNG
23848,함,XSA+ETN
23849,이,JKS
23850,없,VA
23851,습니다,EF
23852,답변,NNG
23853,이,JKS
23854,도움,NNG
23855,이,JKS
23856,되,VV
23857,셨,EP+EP
23858,다면,EC
23859,채택,NNG
23860,도,JX
23861,부탁드립니다,VV+EC
23862,전주,NNG
23863,여행,NNG
23864,코스,NNG
23865,질문,NNG
23866,드려요,VV+EC
23867,이상,NNG
23868,은,JX
23869,제,NP
23870,가,JKS
23871,전주,NNG
23872,여행,NNG
23873,문의,NNG
23874,하,XSV
23875,는,ETM
23876,분,NNB
23877,들,XSN
23878,께,JKB
23879,통상,NNG
23880,안내,NNG
23881,해,XSV+EC
23882,드리,VX
23883,는,ETM
23884,정보,NNG
23885,입니다,VCP+EF
23886,질문,NNG
23887,하,XSV
23888,신,EP+ETM
23889,분,NNB
23890,께,JKB
23891,간단히,MAG
23892,요약,NNG
23893,해,XSV+EC
23894,드리,VX
23895,면,EC
23896,먼저,MAG
23897,위,NNG
23898,사이트,NNG
23899,들어가,VV
23900,셔서,EP+EC
23901,방,NNG
23902,예약,NNG
23903,하,XSV
23904,시,EP
23905,고,EC
23906,오전,NNG
23907,에,JKB
23908,전주,NNG
23909,여행,NNG
23910,및,MAJ
23911,코스,NNG
23912,질문,NNG
23913,내공,NNG
23914,있,VA
23915,어요,EF
23916,~,SY
23917,100,SN
23918,부산,NNP
23919,에서,JKB
23920,전주,NNG
23921,여행,NNG
23922,을,JKO
23923,가,VV
23924,려고,EC
23925,합니다,VX+EF
23926,자차,NNG
23927,여행,NNG
23928,이,JKC
23929,아닌,VCN+ETM
23930,버스,NNG
23931,위주,NNG
23932,로,JKB
23933,가,VV
23934,려고,EC
23935,합니다,VX+EF
23936,그리고,MAJ
23937,전주,NNG
23938,만,JX
23939,가,VV
23940,는,ETM
23941,것,NNB
23942,이,JKC
23943,아니,VCN
23944,라,EC
23945,전주,NNG
23946,갔,VV+EP
23947,다가,EC
23948,전주,NNP
23949,에서,JKB
23950,가깝,VA
23951,거나,EC
23952,버스,NNG
23953,로,JKB
23954,1,SN
23955,2,SN
23956,시간,NNBC
23957,정도,NNG
23958,갈,VV+ETM
23959,수,NNB
23960,있,VV
23961,는,ETM
23962,다른,MM
23963,지역,NNG
23964,도,JX
23965,여행,NNG
23966,가,VV
23967,고,EC
23968,싶,VX
23969,은데,EC
23970,여행,NNG
23971,많이,MAG
23972,다니,VV
23973,시,EP
23974,는,ETM
23975,분,NNB
23976,들,XSN
23977,전주,NNG
23978,여행,NNG
23979,코스,NNG
23980,추천,NNG
23981,좀,MAG
23982,요,JX
23983,전주,NNP
23984,여행,NNG
23985,코스,NNG
23986,추천,NNG
23987,하,XSV
23988,세염,NNG
23989,전주,NNG
23990,동물원,NNP
23991,걍기전,UNKNOWN
23992,전주,NNP
23993,한옥마을,NNP
23994,덕진,NNP
23995,연못,NNG
23996,으로,JKB
23997,가보세요,NNG
23998,전주,NNG
23999,여행,NNG
24000,코스,NNG
24001,좀,MAG
24002,알려,VV+EC
24003,주,VX
24004,세요,EP+EF
24005,안녕,IC
24006,하,VV
24007,세요,EP+EF
24008,전,NP+JX
24009,주로,MAG
24010,당일치기,NNG
24011,여행,NNG
24012,할,XSV+ETM
24013,껀,NNB+JX
24014,데,NNB
24015,코스,NNG
24016,좀,MAG
24017,짜,VV+EC
24018,주,VX
24019,세요,EP+EF
24020,전주,NNP
24021,동물원,NNG
24022,전주,NNP
24023,한옥마을,NNP
24024,전주,NNP
24025,수목원,NNG
24026,팔복,NNG
24027,예술,NNG
24028,공장,NNG
24029,전주,NNG
24030,드림,VV+ETM
24031,랜드,NNG
24032,당일치기,NNG
24033,로,JKB
24034,갈,VV+ETM
24035,껀,NNB+JX
24036,데,NNB
24037,코스,NNG
24038,좀,MAG
24039,알려,VV+EC
24040,주,VX
24041,세요,EP+EF
24042,자가용,NNG
24043,으로,JKB
24044,이동,NNG
24045,하,XSV
24046,신다면,EP+EC
24047,아래,NNG
24048,와,JKB
24049,같,VA
24050,은,ETM
24051,코스,NNG
24052,가,JKS
24053,시간,NNG
24054,을,JKO
24055,아낄,VV+ETM
24056,수,NNB
24057,1,SN
24058,박,NNBC
24059,2,SN
24060,일,NNBC
24061,전주,NNG
24062,여행,NNG
24063,코스,NNG
24064,질문,NNG
24065,하,XSV
24066,신,EP+ETM
24067,전주,NNG
24068,여행,NNG
24069,코스,NNG
24070,관련,NNG
24071,답변,NNG
24072,드리,VV
24073,겠,EP
24074,습니다,EF
24075,가족,NNG
24076,분,NNB
24077,들,XSN
24078,과,JKB
24079,함께,MAG
24080,하,VV
24081,는,ETM
24082,전주,NNG
24083,여행,NNG
24084,을,JKO
24085,계획,NNG
24086,중,NNB
24087,이,VCP
24088,시,EP
24089,군요,EF
24090,전주,NNG
24091,의,JKG
24092,추천,NNG
24093,명소,NNG
24094,와,JC
24095,맛집,NNG
24096,들,XSN
24097,을,JKO
24098,포함,NNG
24099,해서,XSV+EC
24100,여다,VV+EC
24101,에서,JKB
24102,맞춤,NNG
24103,형,XSN
24104,1,SN
24105,박,NNBC
24106,2,SN
24107,일,NNBC
24108,전주,NNG
24109,여행,NNG
24110,코스,NNG
24111,를,JKO
24112,준비,NNG
24113,했,XSV+EP
24114,어요,EF
24115,아래,NNG
24116,첨부,NNG
24117,된,XSV+ETM
24118,일정,NNG
24119,을,JKO
24120,당일치기,NNG
24121,전주,NNG
24122,여행,NNG
24123,코스,NNG
24124,처음,NNG
24125,으로,JKB
24126,전주,NNG
24127,여행,NNG
24128,을,JKO
24129,가,VV
24130,는,ETM
24131,거,NNB
24132,라서,VCP+EC
24133,아,VV
24134,는,ETM
24135,것,NNB
24136,이,JKS
24137,많이,MAG
24138,없,VA
24139,어요,EF
24140,일단,MAG
24141,전주,NNP
24142,한옥,NNG
24143,마을,NNG
24144,에서,JKB
24145,한복,NNG
24146,을,JKO
24147,빌려서,VV+EC
24148,한옥마을,NNP
24149,전동성당,NNP
24150,이랑,JC
24151,경기전,NNG
24152,그리고,MAJ
24153,자만,NNG
24154,벽화,NNG
24155,마을,NNG
24156,까지,JX
24157,가,VV
24158,기,ETN
24159,로,JKB
24160,정했,VV+EP
24161,는데,EC
24162,또,MAG
24163,다른,MM
24164,놀,VV
24165,러,EC
24166,갈,VX+ETM
24167,곳,NNG
24168,을,JKO
24169,찾,VV
24170,진,EC+JX
24171,못했,VX+EP
24172,어요,EF
24173,전주,NNG
24174,에,JKB
24175,한옥마을,NNP
24176,과,JC
24177,초등,NNG
24178,아이,NNG
24179,랑,JKB
24180,전주,NNG
24181,여행,NNG
24182,코스,NNG
24183,",",SC
24184,맛집,NNG
24185,추천,NNG
24186,부탁,NNG
24187,합니다,XSV+EF
24188,아이,NNG
24189,와,JC
24190,전주,NNG
24191,여행,NNG
24192,을,JKO
24193,계획,NNG
24194,하,XSV
24195,고,EC
24196,계시,VX
24197,군요,EF
24198,전,MM
24199,주,NNG
24200,에서,JKB
24201,아이,NNG
24202,와,JKB
24203,함께,MAG
24204,가,VV
24205,볼,EC+VX+ETM
24206,만,NNB
24207,한,XSA+ETM
24208,곳,NNG
24209,몇,MM
24210,군데,NNBC
24211,를,JKO
24212,추천,NNG
24213,드려,VV+EC
24214,보,VX
24215,도록,EC
24216,하,VX
24217,겠,EP
24218,습니다,EF
24219,1,SN
24220,전주,NNP
24221,한옥마을,NNP
24222,이미,MAG
24223,계획,NNG
24224,에,JKB
24225,넣,VV
24226,어,EC
24227,두,VX
24228,신,EP+ETM
24229,장소,NNG
24230,인,VCP+ETM
24231,전주,NNP
24232,한옥마을,NNP
24233,이,VCP
24234,예요,EC
24235,한복,NNG
24236,도,JX
24237,입,VV
24238,고,EC
24239,한옥마을,NNP
24240,을,JKO
24241,거닐,VV
24242,며,EC
24243,사진,NNG
24244,도,JX
24245,(,SSO
24246,급,NNG
24247,합니다,XSV+EF
24248,ㅠㅠ,UNKNOWN
24249,),SSC
24250,전주,NNG
24251,여행,NNG
24252,코스,NNG
24253,전주,NNG
24254,여행,NNG
24255,코스,NNG
24256,추천,NNG
24257,드립니다,VV+EF
24258,안녕,IC
24259,하,VV
24260,세요,EP+EF
24261,여행,NNG
24262,전문,NNG
24263,블로거,NNP
24264,쭈니,NNP
24265,아빠,NNG
24266,입니다,VCP+EF
24267,방학,NNG
24268,을,JKO
24269,맞,VV
24270,아서,EC
24271,친구,NNG
24272,분,NNB
24273,들,XSN
24274,과,JC
24275,전주,NNG
24276,여행,NNG
24277,을,JKO
24278,준비,NNG
24279,하,XSV
24280,고,EC
24281,계시,VX
24282,네요,EF
24283,전,NP+JX
24284,주,VX
24285,는,ETM
24286,한옥마을,NNP
24287,을,JKO
24288,중심,NNG
24289,으로,JKB
24290,가,VV
24291,볼,EC+VX+ETM
24292,만,NNB
24293,한,XSA+ETM
24294,곳,NNG
24295,이,JKS
24296,많,VA
24297,죠,EF
24298,터미널,NNG
24299,에서,JKB
24300,버스,NNG
24301,를,JKO
24302,타,VV
24303,고,EC
24304,한옥,NNG
24305,마을,NNG
24306,에,JKB
24307,전주,NNG
24308,여행,NNG
24309,순서,NNG
24310,좀,MAG
24311,알려,VV+EC
24312,주,VX
24313,세요,EP+EF
24314,~,SY
24315,전주,NNG
24316,여행,NNG
24317,을,JKO
24318,하,VV
24319,려고,EC
24320,하,VV
24321,는데요,EC
24322,덕진,NNP
24323,공원,NNG
24324,전주,NNP
24325,동물원,NNG
24326,한옥,NNG
24327,마을,NNG
24328,남부,NNG
24329,시장,NNG
24330,을,JKO
24331,가,VV
24332,려고,EC
24333,합니다,VX+EF
24334,전주,NNG
24335,시외버스,NNG
24336,공용,NNG
24337,터미널,NNG
24338,에서,JKB
24339,가까운,VA+ETM
24340,순서,NNG
24341,가,JKS
24342,어떻게,MAG
24343,될까요,VV+EF
24344,그리고,MAJ
24345,근처,NNG
24346,에,JKB
24347,가까운,VA+ETM
24348,바닷가,NNG
24349,는,JX
24350,어디,NP
24351,인가요,VCP+EC
24352,또,MAG
24353,이,MM
24354,외,NNB
24355,에,JKB
24356,구경,NNG
24357,할,XSV+ETM
24358,좋,VA
24359,은,ETM
24360,곳,NNG
24361,도,JX
24362,전주,NNG
24363,여행,NNG
24364,비용,NNG
24365,안녕,NNG
24366,하,XSV
24367,세요,EP+EF
24368,전,NP+JX
24369,주로,MAG
24370,여행,NNG
24371,가,VV
24372,려는,ETM
24373,학생,NNG
24374,입니다,VCP+EF
24375,수원,NNP
24376,살,VV
24377,고,EC
24378,있,VX
24379,고요,EC
24380,2,SN
24381,박,NNBC
24382,3,SN
24383,일,NNBC
24384,3,SN
24385,박,NNBC
24386,으로,JKB
24387,3,SN
24388,4,SN
24389,명,NNBC
24390,이,XSN
24391,서,JKS
24392,가려,VV+EC
24393,하,VV
24394,는데,EC
24395,비용,NNG
24396,이,JKS
24397,어느,MM
24398,정도,NNG
24399,나올까요,VV+EF
24400,수원,NNP
24401,에서,JKB
24402,전주,NNP
24403,까지,JX
24404,는,JX
24405,자가용,NNG
24406,으로,JKB
24407,도,JX
24408,2,SN
24409,시간,NNBC
24410,정도,NNG
24411,걸리,VV
24412,는,ETM
24413,코스,NNG
24414,인데요,VCP+EF
24415,대중교통,NNG
24416,으로,JKB
24417,간다,VV+EC
24418,라면,NNG
24419,조금,MAG
24420,더,MAG
24421,전주,NNG
24422,여행,NNG
24423,음식점,NNG
24424,25,SN
24425,일,NNBC
24426,날,NNG
24427,전주,NNG
24428,여행,NNG
24429,을,JKO
24430,가,VV
24431,는데,EC
24432,전주,NNP
24433,동물원,NNP
24434,이랑,JC
24435,레일바이크,NNP
24436,아중,NNG
24437,저,MM
24438,수지,NNG
24439,오,NR
24440,목대,NNG
24441,주변,NNG
24442,에,JKB
24443,맛집,NNG
24444,이나,JC
24445,음식,NNG
24446,먹,VV
24447,을,ETM
24448,만,NNB
24449,한,XSA+ETM
24450,거,NNB
24451,있,VA
24452,으면,EC
24453,추천,NNG
24454,해,XSV+EC
24455,주,VX
24456,세여,EP+EF
24457,내공,NNP
24458,100,SN
24459,드려,VV+EC
24460,여,NNG
24461,추가,NNG
24462,로,JKB
24463,터미널,NNG
24464,쪽,NNB
24465,에,JKB
24466,도,JX
24467,알려,VV+EC
24468,주,VX
24469,시,EP
24470,면,EC
24471,고맙,VA
24472,습니다,EF
24473,답변,NNG
24474,한옥,NNG
24475,마을,NNG
24476,에,JKB
24477,에루화,IC
24478,떡갈비,NNG
24479,전주,NNP
24480,1,SN
24481,박,NNBC
24482,2,SN
24483,일,NNBC
24484,차,NNG
24485,없이,MAG
24486,여행,NNG
24487,가,VV
24488,려고,EC
24489,해요,VX+EF
24490,답변,NNG
24491,미리,MAG
24492,감사,NNG
24493,해요,XSV+EF
24494,전주,NNG
24495,여행,NNG
24496,전주,NNG
24497,맛집,NNG
24498,국내,NNG
24499,여행,NNG
24500,전,NNG
24501,주달,NNG
24502,봉,NNG
24503,이,JKS
24504,달,NNG
24505,봉,NNG
24506,티비,NNG
24507,전주,NNG
24508,여행,NNG
24509,코스,NNG
24510,전주,NNG
24511,가,JKS
24512,볼,VV+ETM
24513,만,NNB
24514,한,XSA+ETM
24515,곳,NNG
24516,여수,NNG
24517,여행,NNG
24518,여수,NNG
24519,가,JKS
24520,볼,VV+ETM
24521,만,NNB
24522,한,XSA+ETM
24523,곳,NNB
24524,제주,NNP
24525,도,JX
24526,여행,NNG
24527,제주도,NNP
24528,가,JKS
24529,볼,VV+ETM
24530,만,NNB
24531,한,XSA+ETM
24532,곳,NNG
24533,여행,NNG
24534,전문,NNG
24535,인,VCP+ETM
24536,플,NNG
24537,루,JKB
24538,언서,NNG
24539,전,NNG
24540,주달,NNG
24541,봉이,NNG
24542,입니다,VCP+EF
24543,전주,NNP
24544,한옥,NNG
24545,마을,NNG
24546,에,JKB
24547,모주,NNG
24548,체험,NNG
24549,부모,NNG
24550,닝,NNP
24551,모시,VV
24552,고,EC
24553,전주,NNG
24554,여행,NNG
24555,부모,NNG
24556,님,XSN
24557,모시,VV
24558,고,EC
24559,전주,NNG
24560,여행,NNG
24561,가,VV
24562,려는데,EC
24563,명소,NNG
24564,식당,NNG
24565,추천,NNG
24566,부탁,NNG
24567,드립니다,VV+EC
24568,전주,NNG
24569,는,JX
24570,한옥마을,NNP
24571,로,JKB
24572,유명,XR
24573,한,XSA+ETM
24574,완산구,NNP
24575,가,JKS
24576,있,VA
24577,으며,EC
24578,덕진구,NNP
24579,또한,MAJ
24580,멋진,VA+ETM
24581,추억,NNG
24582,을,JKO
24583,가진,VV+ETM
24584,장소,NNG
24585,가,JKS
24586,많이,MAG
24587,2,SN
24588,박,NNBC
24589,3,SN
24590,일,NNBC
24591,전주,NNG
24592,여행,NNG
24593,이번,NNG
24594,주,NNG
24595,토,NNG
24596,월,NNG
24597,2,SN
24598,박,NNBC
24599,3,SN
24600,일,NNBC
24601,여자,NNG
24602,친구,NNG
24603,와,JC
24604,전주,NNG
24605,여행,NNG
24606,을,JKO
24607,가,VV
24608,는데,EC
24609,여행,NNG
24610,경로,NNG
24611,좀,MAG
24612,알려,VV+EC
24613,주,VX
24614,세요,EP+EF
24615,토요일,NNG
24616,엔,JKB+JX
24617,비,NNG
24618,가,JKS
24619,온다고,VV+EC
24620,하,VV
24621,는데,EC
24622,실내,NNG
24623,데이트,NNG
24624,가능,NNG
24625,한,XSA+ETM
24626,곳,NNG
24627,도,JX
24628,알려,VV+EC
24629,주,VX
24630,시,EP
24631,면,EC
24632,감사,NNG
24633,하,XSV
24634,겠,EP
24635,습니다,EF
24636,숙소,NNG
24637,는,JX
24638,전주,NNP
24639,한옥,NNG
24640,마을,NNG
24641,근처,NNG
24642,에,JKB
24643,잡,VV
24644,았,EP
24645,습니다,EF
24646,토,NNP
24647,한옥마을,NNP
24648,구경,NNG
24649,후,NNG
24650,전주,NNP
24651,1,SN
24652,박,NNBC
24653,2,SN
24654,일,NNBC
24655,여행,NNG
24656,저녁,NNG
24657,엔,JKB+JX
24658,전,MM
24659,주천,NNG
24660,산책,NNG
24661,길,NNG
24662,따라,VV+EC
24663,걷,VV
24664,거나,EC
24665,한옥,NNG
24666,마을,NNG
24667,근처,NNG
24668,에서,JKB
24669,야경,NNG
24670,즐기,VV
24671,시,EP
24672,는,ETM
24673,것,NNB
24674,도,JX
24675,너무,MAG
24676,좋,VA
24677,답니다,EF
24678,혹시,MAG
24679,일정,NNG
24680,이나,JC
24681,관심,NNG
24682,있,VA
24683,는,ETM
24684,테마,NNG
24685,사진,NNG
24686,카페,NNG
24687,체험,NNG
24688,등,NNB
24689,더,MAG
24690,알려,VV+EC
24691,주,VX
24692,시,EP
24693,면,EC
24694,맞춤,VV+EC
24695,추천,NNG
24696,도,JX
24697,해,VV+EC
24698,드릴,VX+ETM
24699,수,NNB
24700,있,VV
24701,어요,EF
24702,즐거운,VA+ETM
24703,전주,NNG
24704,여행,NNG
24705,되,XSV
24706,시,EP
24707,길,ETN+JKO
24708,바랄,VV+ETM
24709,게요,NNB+VCP+EC
24710,전주,NNG
24711,여행,NNG
24712,코스,NNG
24713,추천,NNG
24714,이,VCP
24715,요,EC
24716,~!,SY
24717,영화제,NNG
24718,기간,NNG
24719,일정,NNG
24720,으로,JKB
24721,2,SN
24722,박,NNBC
24723,3,SN
24724,일,NNBC
24725,전주,NNG
24726,여행,NNG
24727,좀,MAG
24728,가,VV
24729,볼까,EC+VX+EC
24730,해서,VV+EC
24731,요,MM
24732,여행,NNG
24733,코스,NNG
24734,추천,NNG
24735,좀,MAG
24736,해,VV+EC
24737,주,VX
24738,세요,EP+EF
24739,어차피,MAG
24740,주목적,NNG
24741,은,JX
24742,전주국,NNG
24743,제,XSN
24744,영화제,NNG
24745,니까,VCP+EC
24746,많,VA
24747,은,ETM
24748,곳,NNG
24749,을,JKO
24750,둘러보,VV
24751,지,EC
24752,는,JX
24753,못,MAG
24754,할,VV+ETM
24755,거,NNB
24756,에요,VCP+EF
24757,그냥,MAG
24758,전주,NNG
24759,하,XSV
24760,면,EC
24761,꼭,MAG
24762,가,VV
24763,볼,EC+VX+ETM
24764,만,NNB
24765,한,XSA+ETM
24766,곳,NNG
24767,알짜배기,NNG
24768,만,JX
24769,추천,NNG
24770,해,XSV+EC
24771,주,VX
24772,세,VA
24773,욜,EC
24774,전주,NNG
24775,전주,NNG
24776,여행,NNG
24777,전,NNG
24778,주로,MAG
24779,커플,NNG
24780,여행,NNG
24781,가,VV
24782,려고,EC
24783,하,VV
24784,는데,EC
24785,추천,NNG
24786,좀,MAG
24787,해,VV+EC
24788,주,VX
24789,세요,EP+EF
24790,숙소,NNG
24791,는,JX
24792,잡,VV
24793,았,EP
24794,고,EC
24795,놀,VX+ETM
24796,거리,NNG
24797,랑,JKB
24798,맛집,NNG
24799,등등,NNB
24800,추천,NNG
24801,해,XSV+EC
24802,주,VX
24803,시,EP
24804,면,EC
24805,감사,NNG
24806,하,XSV
24807,겠,EP
24808,습니다,EF
24809,한옥마을,NNP
24810,은,JX
24811,갈,VV+ETM
24812,겁니다,NNB+VCP+EF
24813,답변,NNG
24814,이,JKS
24815,도움,NNG
24816,되,XSV
24817,셨,EP+EP
24818,으면,EC
24819,좋,VA
24820,겠,EP
24821,습니다,EF
24822,한옥마을,NNP
24823,전주,NNP
24824,한옥마을,NNP
24825,전주,NNP
24826,맛집,NNG
24827,전주,NNG
24828,놀,VV
24829,거리,EC
24830,전주,NNG
24831,여행,NNG
24832,추천,NNG
24833,추석,NNG
24834,전주,NNG
24835,여행,NNG
24836,16,SN
24837,18,SN
24838,일,NNBC
24839,전,NNG
24840,주로,MAG
24841,여행,NNG
24842,가,VV
24843,려고,EC
24844,하,VV
24845,는데,EC
24846,그때,NNG
24847,한옥마을,NNP
24848,같,VA
24849,은,ETM
24850,관광지,NNG
24851,들,XSN
24852,은,JX
24853,문,NNG
24854,닫,VV
24855,을까요,EC
24856,추석,NNG
24857,당일,NNG
24858,은,JX
24859,문,NNG
24860,을,JKO
24861,닫,VV
24862,습니다,EF
24863,전주,NNG
24864,에,JKB
24865,도,JX
24866,이벤트,NNG
24867,가,JKS
24868,진행,NNG
24869,중,NNB
24870,입니다,VCP+EC
24871,8,SN
24872,27,SN
24873,화,NNG
24874,10,SN
24875,13,SN
24876,일,NNBC
24877,한국,NNP
24878,관광공사,NNP
24879,에서,JKB
24880,숙박,NNG
24881,세일,NNG
24882,페스타,NNP
24883,이벤트,NNG
24884,가,JKS
24885,진행,NNG
24886,중,NNB
24887,입니다,VCP+EC
24888,3,SN
24889,만,NR
24890,원,NNBC
24891,전주,NNG
24892,여행,NNG
24893,전,NNG
24894,연령,NNG
24895,렌트카,NNG
24896,추천,NNG
24897,이번,NNG
24898,에,JKB
24899,전주,NNG
24900,여행,NNG
24901,2,SN
24902,박,NNBC
24903,3,SN
24904,일,NNBC
24905,로,JKB
24906,가,VV
24907,는,ETM
24908,저,NP
24909,는,JX
24910,21,SN
24911,살,NNBC
24912,만,NNB
24913,으로,JKB
24914,만,MM
24915,19,SN
24916,세,NNBC
24917,입니다,VCP+EF
24918,전주,NNG
24919,전,NNG
24920,연령,NNG
24921,자동차,NNG
24922,추천,NNG
24923,좀,MAG
24924,부탁,NNG
24925,드리,VV
24926,겠,EP
24927,습니다,EF
24928,그리고,MAJ
24929,가격,NNG
24930,도,JX
24931,2,SN
24932,일,NNBC
24933,렌트,NNG
24934,하,XSV
24935,면,EC
24936,총,MM
24937,어느,MM
24938,정도,NNG
24939,나올까요,VV+EF
24940,전,MM
24941,주,NNG
24942,에서,JKB
24943,21,SN
24944,세,NNBC
24945,이상,NNG
24946,렌트,NNG
24947,가능,NNG
24948,한,XSA+ETM
24949,자동차,NNG
24950,를,JKO
24951,찾아보,VV
24952,세요,EP+EF
24953,가격,NNG
24954,은,JX
24955,전주,NNP
24956,-,SY
24957,포항,NNP
24958,여행,NNG
24959,전주,NNG
24960,에서,JKB
24961,포항,NNP
24962,까지,JX
24963,여행,NNG
24964,기차,NNG
24965,가,JKS
24966,나,VV
24967,을까요,EC
24968,버스,NNG
24969,가,JKS
24970,나,VV
24971,을까요,EC
24972,안녕,NNG
24973,하,XSV
24974,세요,EP+EF
24975,전,MM
24976,주,NNG
24977,에서,JKB
24978,포항,NNP
24979,까지,JX
24980,여행,NNG
24981,을,JKO
24982,할,VV+ETM
24983,때,NNG
24984,기차,NNG
24985,와,JC
24986,버스,NNG
24987,각각,MAG
24988,장단점,NNG
24989,이,JKS
24990,있,VV
24991,으므로,EC
24992,어떤,MM
24993,방법,NNG
24994,이,JKS
24995,더,MAG
24996,나,VV
24997,은지,EC
24998,결정,NNG
24999,하,XSV
25000,는,ETM
25001,데,NNB
25002,있,VV
25003,어,EC
25004,몇,MM
25005,가지,NNBC
25006,요소,NNG
25007,를,JKO
25008,고려,NNG
25009,할,XSV+ETM
25010,필요,NNG
25011,가,JKS
25012,있,VA
25013,습니다,EF
25014,1,SN
25015,전주,NNP
25016,펜션,NNG
25017,한옥,NNG
25018,으로,JKB
25019,된,VV+ETM
25020,곳,NNG
25021,이,VCP
25022,요,EF
25023,!,SF
25024,이번,NNG
25025,에,JKB
25026,남자,NNG
25027,친구,NNG
25028,랑,JKB
25029,같이,MAG
25030,2,SN
25031,박,NNBC
25032,3,SN
25033,일,NNBC
25034,전주,NNG
25035,여행,NNG
25036,가,VV
25037,기,ETN
25038,로,JKB
25039,해서,VV+EC
25040,얼른,MAG
25041,전주,NNP
25042,펜션,NNG
25043,알,VV
25044,아,EC
25045,봐야,VX+EC
25046,하,VV
25047,는데,EC
25048,한옥,NNG
25049,마을,NNG
25050,근처,NNG
25051,나,JC
25052,한옥,NNG
25053,느낌,MAG
25054,나,NP
25055,는,JX
25056,전주,NNP
25057,펜션,NNG
25058,쪽,NNB
25059,으로,JKB
25060,갈,VV+ETM
25061,만,NNB
25062,한,XSA+ETM
25063,데,NNB
25064,없,VA
25065,을까요,EC
25066,내부,NNG
25067,는,JX
25068,정감,NNG
25069,있,VV
25070,는,ETM
25071,분위기,NNG
25072,면,VCP+EC
25073,다,MAG
25074,좋,VA
25075,을,ETM
25076,것,NNB
25077,같,VA
25078,아요,EF
25079,빠른,VA+ETM
25080,답변,NNG
25081,꼭,MAG
25082,부탁,NNG
25083,드,VV
25084,랴,EC
25085,용,NNG
25086,전주,NNG
25087,여행,NNG
25088,주세요,NNP
25089,전주,NNG
25090,는,JX
25091,한옥마을,NNP
25092,로,JKB
25093,유명,XR
25094,한,XSA+ETM
25095,완산구,NNP
25096,가,JKS
25097,있,VA
25098,으며,EC
25099,덕진구,NNP
25100,또한,MAJ
25101,멋진,VA+ETM
25102,추억,NNG
25103,을,JKO
25104,가진,VV+ETM
25105,장소,NNG
25106,가,JKS
25107,많이,MAG
25108,있,VA
25109,습니다,EF
25110,완산구,NNP
25111,덕진구,NNP
25112,에,JKB
25113,대해서,VV+EC
25114,여행지,NNG
25115,를,JKO
25116,전주,NNG
25117,뚜벅,MAG
25118,이,MM
25119,여행,NNG
25120,5,SN
25121,월,NNBC
25122,달,NNG
25123,에,JKB
25124,엄마,NNG
25125,랑,JC
25126,전,NP+JX
25127,주로,MAG
25128,뚜벅,MAG
25129,이,MM
25130,여행,NNG
25131,계획,NNG
25132,중,NNB
25133,인데,VCP+EC
25134,답변,NNG
25135,부탁,NNG
25136,드려요,VV+EC
25137,1,SN
25138,기차,NNG
25139,랑,JKB
25140,고속버스,NNG
25141,중,NNB
25142,에,JKB
25143,어떤,MM
25144,걸,NNB+JKO
25145,타,VV
25146,는,ETM
25147,게,NNB+JKS
25148,좋,VA
25149,을까요,EC
25150,2,SN
25151,전주,NNG
25152,에,JKB
25153,도착,NNG
25154,해서,XSV+EC
25155,관광,NNG
25156,할,XSV+ETM
25157,때,NNG
25158,이용,NNG
25159,할,XSV+ETM
25160,수,NNB
25161,있,VV
25162,는,ETM
25163,교통수단,NNG
25164,은,JX
25165,어떤,MM
25166,게,NNB+JKS
25167,있,VA
25168,을까요,EC
25169,3,SN
25170,숙소,NNG
25171,추천,NNG
25172,도,JX
25173,부탁드려요,VV+EF
25174,서울,NNP
25175,전주,NNG
25176,당일치기,NNG
25177,여행,NNG
25178,요,JX
25179,어렵,VA
25180,네요,EF
25181,전주,NNG
25182,당일치기,NNG
25183,여행,NNG
25184,을,JKO
25185,계획,NNG
25186,중,NNB
25187,이,VCP
25188,시,EP
25189,군요,EF
25190,전,MM
25191,주역,NNP
25192,에서,JKB
25193,한옥마을,NNP
25194,까지,JX
25195,가,VV
25196,는,ETM
25197,방법,NNG
25198,과,JC
25199,당일치기,NNG
25200,코스,NNG
25201,를,JKO
25202,알려,VV+EC
25203,드릴게요,VX+EF
25204,전,MM
25205,주역,NNP
25206,에서,JKB
25207,한옥마을,NNP
25208,까지,JX
25209,가,VV
25210,는,ETM
25211,방법,NNG
25212,으로,JKB
25213,는,JX
25214,택시,NNG
25215,와,JC
25216,버스,NNG
25217,가,JKS
25218,있,VA
25219,어요,EF
25220,전,MM
25221,주역,NNP
25222,에서,JKB
25223,한옥마을,NNP
25224,까지,JX
25225,택시,NNG
25226,를,JKO
25227,전주,NNG
25228,여행,NNG
25229,2,SN
25230,박,NNBC
25231,3,SN
25232,일,NNBC
25233,경비,NNG
25234,보통,NNG
25235,전주,NNG
25236,여행,NNG
25237,2,SN
25238,박,NNBC
25239,3,SN
25240,일,NNBC
25241,경비,NNG
25242,가,JKS
25243,얼마,NNG
25244,정도,NNG
25245,드나,VV
25246,요,EC
25247,숙소,NNG
25248,는,JX
25249,1,SN
25250,박,NNBC
25251,에,JKB
25252,13,SN
25253,만,NR
25254,원,NNBC
25255,인데,VCP+EC
25256,를,JKO
25257,가,VV
25258,려고,EC
25259,하,VV
25260,는,ETM
25261,데,NNB
25262,비싼,VA+ETM
25263,건가요,NNB+VCP+EC
25264,질문,NNG
25265,에,JKB
25266,도움,NNG
25267,이,JKS
25268,되,VV
25269,는,ETM
25270,답변,NNG
25271,이,JKS
25272,되,VV
25273,셨,EP+EP
25274,길,ETN+JKO
25275,바래,VV
25276,요,EC
25277,2,SN
25278,박,NNBC
25279,3,SN
25280,일,NNBC
25281,전주,NNG
25282,여행,NNG
25283,예산,NNG
25284,30,SN
25285,만,NR
25286,원,NNBC
25287,내외,NNG
25288,숙소,NNG
25289,13,SN
25290,만,NR
25291,원,NNBC
25292,은,JX
25293,적당,XR
25294,합니다,XSA+EC
25295,1,SN
25296,박,NNBC
25297,2,SN
25298,일,NNBC
25299,전주,NNP
25300,커플,NNG
25301,여행,NNG
25302,전주,NNG
25303,여행,NNG
25304,에,JKB
25305,대해,VV+EC
25306,도움,NNG
25307,을,JKO
25308,드릴게요,VV+EC
25309,1,SN
25310,남자,NNG
25311,친구,NNG
25312,의,JKG
25313,차,NNG
25314,를,JKO
25315,이용,NNG
25316,할지,XSV+EC
25317,KTX,SL
25318,를,JKO
25319,이용,NNG
25320,할지,XSV+EC
25321,에,JKB
25322,대해서,VV+EC
25323,는,JX
25324,여러,MM
25325,가지,NNBC
25326,요소,NNG
25327,를,JKO
25328,고려,NNG
25329,해,XSV+EC
25330,보,VX
25331,셔야,EP+EC
25332,합니다,VX+EF
25333,만약,MAG
25334,교통,NNG
25335,체증,NNG
25336,이,JKS
25337,예상,NNG
25338,되,XSV
25339,는,ETM
25340,날짜,NNG
25341,라면,VCP+EC
25342,KTX,SL
25343,를,JKO
25344,이용,NNG
25345,하,XSV
25346,는,ETM
25347,것,NNB
25348,이,JKS
25349,편할,VA+ETM
25350,수,NNB
25351,있,VV
25352,습니다,EF
25353,또한,MAJ
25354,남자,NNG
25355,친구,NNG
25356,의,NNG
25357,남,NNG
25358,해,XSV+EC
25359,",",SC
25360,전주,NNG
25361,여행,NNG
25362,남,NNG
25363,해,XSV+EC
25364,전주,NNG
25365,여행,NNG
25366,가,VV
25367,려는데,EC
25368,여행지,NNG
25369,와,JC
25370,맛집,NNG
25371,추천,NNG
25372,좀,MAG
25373,해,VV+EC
25374,주,VX
25375,세요,EP+EF
25376,보리암,NNP
25377,다랭이,NNG
25378,굴,NNG
25379,독일,NNP
25380,마을,NNG
25381,전주,NNP
25382,한옥마을,NNP
25383,빼,VV
25384,고,EC
25385,두세,MM
25386,개,NNBC
25387,씩,XSN
25388,5,SN
25389,명,NNBC
25390,이,XSN
25391,서,JKS
25392,갈,VV+ETM
25393,곳,NNG
25394,맛집,NNG
25395,빨리,MAG
25396,추천,NNG
25397,해,XSV+EC
25398,주,VX
25399,세요,EP+EF
25400,앞,NNG
25401,에,JKB
25402,말,NNG
25403,했,XSV+EP
25404,던,ETM
25405,곳,NNG
25406,은,JX
25407,갈,VV+ETM
25408,꺼,NNB+VCP
25409,라서,EC
25410,추천,NNG
25411,안,MAG
25412,해,VV+EC
25413,주,VX
25414,셔도,EP+EC
25415,됩니다,VV+EF
25416,전주,NNG
25417,여행,NNG
25418,전주,NNG
25419,맛집,NNG
25420,전주,NNG
25421,여행,NNG
25422,갈,VV+ETM
25423,곳,NNG
25424,추천,NNG
25425,전주,NNG
25426,여행,NNG
25427,전주,NNG
25428,맛집,NNG
25429,국내,NNG
25430,여행,NNG
25431,전,NNG
25432,주달,NNG
25433,봉,NNG
25434,이,JKS
25435,달,NNG
25436,봉,NNG
25437,티비,NNG
25438,전주,NNG
25439,여행,NNG
25440,코스,NNG
25441,전주,NNG
25442,가,JKS
25443,볼,VV+ETM
25444,만,NNB
25445,한,XSA+ETM
25446,곳,NNG
25447,여수,NNG
25448,여행,NNG
25449,여수,NNG
25450,가,JKS
25451,볼,VV+ETM
25452,만,NNB
25453,한,XSA+ETM
25454,곳,NNB
25455,제주,NNP
25456,도,JX
25457,여행,NNG
25458,제주도,NNP
25459,가,JKS
25460,볼,VV+ETM
25461,만,NNB
25462,한,XSA+ETM
25463,곳,NNG
25464,여행,NNG
25465,전문,NNG
25466,인,VCP+ETM
25467,플,NNG
25468,루,JKB
25469,언서,NNG
25470,전,NNG
25471,주달,NNG
25472,봉이,NNG
25473,입니다,VCP+EF
25474,전주,NNG
25475,여행,NNG
25476,코스,NNG
25477,는,JX
25478,한옥,NNG
25479,마을,NNG
25480,에서부터,JKB
25481,전주,NNG
25482,여행,NNG
25483,1,SN
25484,박,NNBC
25485,2,SN
25486,일,NNBC
25487,코스,NNG
25488,질문,NNG
25489,요,JX
25490,.,SF
25491,코스,NNG
25492,한,MM
25493,번,NNBC
25494,짜,VV+EC
25495,주,VX
25496,실,EP+ETM
25497,분,NNB
25498,전라도,NNP
25499,쪽,NNB
25500,은,JX
25501,저,NP
25502,도,JX
25503,여행,NNG
25504,을,JKO
25505,간,VV+ETM
25506,적,NNB
25507,이,JKS
25508,없,VA
25509,어서,EC
25510,전주,NNG
25511,여행,NNG
25512,전주,NNG
25513,맛집,NNG
25514,국내,NNG
25515,여행,NNG
25516,전,NNG
25517,주달,NNG
25518,봉,NNG
25519,이,JKS
25520,달,NNG
25521,봉,NNG
25522,티비,NNG
25523,전주,NNG
25524,여행,NNG
25525,코스,NNG
25526,전주,NNG
25527,가,JKS
25528,볼,VV+ETM
25529,만,NNB
25530,한,XSA+ETM
25531,곳,NNG
25532,여수,NNG
25533,여행,NNG
25534,여수,NNG
25535,가,JKS
25536,볼,VV+ETM
25537,만,NNB
25538,한,XSA+ETM
25539,곳,NNB
25540,제주,NNP
25541,도,JX
25542,여행,NNG
25543,제주도,NNP
25544,가,JKS
25545,볼,VV+ETM
25546,만,NNB
25547,한,XSA+ETM
25548,곳,NNG
25549,여행,NNG
25550,전문,NNG
25551,인,VCP+ETM
25552,플,NNG
25553,루,JKB
25554,언서,NNG
25555,전주,NNG
25556,여행,NNG
25557,3,SN
25558,일,NNBC
25559,전주,NNG
25560,여행,NNG
25561,3,SN
25562,일,NNBC
25563,간다면,VV+EC
25564,여행,NNG
25565,총,MM
25566,비용,NNG
25567,이,JKS
25568,얼마,NNG
25569,나올까요,VV+EF
25570,전주,NNG
25571,여행,NNG
25572,의,JKG
25573,총,MM
25574,비용,NNG
25575,은,JX
25576,여러,MM
25577,요소,NNG
25578,에,JKB
25579,따라,VV+EC
25580,달라지,VV
25581,지만,EC
25582,일반,NNG
25583,적,XSN
25584,으로,JKB
25585,다음,NNG
25586,과,JKB
25587,같,VA
25588,은,ETM
25589,항목,NNG
25590,들,XSN
25591,이,JKS
25592,포함,NNG
25593,됩니다,XSV+EC
25594,1,SN
25595,교통비,NNG
25596,전주,NNG
25597,까지,JX
25598,이동,NNG
25599,하,XSV
25600,기,ETN
25601,위한,VV+ETM
25602,교통,NNG
25603,비용,NNG
25604,이,JKS
25605,있,VV
25606,을,ETM
25607,것,NNB
25608,입니다,VCP+EF
25609,이,NP
25610,는,JX
25611,여행,NNG
25612,하,XSV
25613,는,ETM
25614,전주,NNG
25615,여행,NNG
25616,코스,NNG
25617,전주,NNG
25618,여행,NNG
25619,전주,NNG
25620,맛집,NNG
25621,국내,NNG
25622,여행,NNG
25623,전,NNG
25624,주달,NNG
25625,봉,NNG
25626,이,JKS
25627,달,NNG
25628,봉,NNG
25629,티비,NNG
25630,전주,NNG
25631,여행,NNG
25632,코스,NNG
25633,전주,NNG
25634,가,JKS
25635,볼,VV+ETM
25636,만,NNB
25637,한,XSA+ETM
25638,곳,NNG
25639,여수,NNG
25640,여행,NNG
25641,여수,NNG
25642,가,JKS
25643,볼,VV+ETM
25644,만,NNB
25645,한,XSA+ETM
25646,곳,NNB
25647,제주,NNP
25648,도,JX
25649,여행,NNG
25650,제주도,NNP
25651,가,JKS
25652,볼,VV+ETM
25653,만,NNB
25654,한,XSA+ETM
25655,곳,NNG
25656,여행,NNG
25657,전문,NNG
25658,인,VCP+ETM
25659,플,NNG
25660,루,JKB
25661,언서,NNG
25662,전,NNG
25663,주달,NNG
25664,봉이,NNG
25665,입니다,VCP+EF
25666,전주,NNG
25667,여행,NNG
25668,코스,NNG
25669,는,JX
25670,한옥,NNG
25671,마을,NNG
25672,에서부터,JKB
25673,시작,NNG
25674,을,JKO
25675,전주,NNG
25676,당일치기,NNG
25677,혼자,NNG
25678,여행,NNG
25679,코스,NNG
25680,추천,NNG
25681,박물관,NNG
25682,미술관,NNG
25683,지역,NNG
25684,공간,NNG
25685,을,JKO
25686,스토리,NNG
25687,로,JKB
25688,엮,VV
25689,어,EC
25690,안내,NNG
25691,하,XSV
25692,는,ETM
25693,해설,NNG
25694,형,XSN
25695,문화,NNG
25696,코스,NNG
25697,노,VV
25698,쇼,EC
25699,방지,NNG
25700,를,JKO
25701,위해,VV+EC
25702,5,SN
25703,천,NR
25704,원,NNBC
25705,예약금,NNG
25706,만,JX
25707,결제,NNG
25708,하,XSV
25709,고,EC
25710,현장,NNG
25711,에서,JKB
25712,5,SN
25713,천,NR
25714,천,NR
25715,원,NNBC
25716,상당,NNG
25717,음료,NNG
25718,기프,NNP
25719,티,NNG
25720,콘,NNG
25721,으로,JKB
25722,환급,NNG
25723,선착순,NNG
25724,마감,NNG
25725,이,VCP
25726,라,EC
25727,전주,NNG
25728,여행,NNG
25729,계획,NNG
25730,있,VV
25731,으신,EP+ETM
25732,분,NNB
25733,들,XSN
25734,은,JX
25735,전주,NNG
25736,여행,NNG
25737,차,NNG
25738,가,JKS
25739,필요,NNG
25740,한,XSA+ETM
25741,가요,NNG
25742,안녕,NNG
25743,하,XSV
25744,세요,EP+EF
25745,1,SN
25746,박,NNBC
25747,2,SN
25748,일,NNBC
25749,전주,NNG
25750,여행,NNG
25751,계획,NNG
25752,중,NNB
25753,입니다,VCP+EF
25754,서울,NNP
25755,에서,JKB
25756,전주,NNP
25757,까지,JX
25758,는,JX
25759,기차,NNG
25760,를,JKO
25761,타,VV
25762,고,EC
25763,갈,VX+ETM
25764,건데,NNB+VCP+EC
25765,전주,NNG
25766,내,NNB
25767,에서,JKB
25768,렌트,NNG
25769,를,JKO
25770,해야,VV+EC
25771,할지,VX+EC
25772,궁금,XR
25773,합니다,XSA+EF
25774,참고,NNG
25775,로,JKB
25776,전주,NNP
25777,한옥마을,NNP
25778,포함,NNG
25779,해서,XSV+EC
25780,유명,NNG
25781,관광지,NNG
25782,만,JX
25783,돌아볼,VV+ETM
25784,계획,NNG
25785,입니다,VCP+EF
25786,전주,NNG
25787,여행,NNG
25788,전주,NNG
25789,맛집,NNG
25790,국내,NNG
25791,여행,NNG
25792,전주,NNG
25793,여행,NNG
25794,.,SF
25795,.,SY
25796,전주,NNG
25797,여행,NNG
25798,전주,NNG
25799,맛집,NNG
25800,국내,NNG
25801,여행,NNG
25802,전,NNG
25803,주달,NNG
25804,봉,NNG
25805,이,JKS
25806,달,NNG
25807,봉,NNG
25808,티비,NNG
25809,전주,NNG
25810,여행,NNG
25811,코스,NNG
25812,전주,NNG
25813,가,JKS
25814,볼,VV+ETM
25815,만,NNB
25816,한,XSA+ETM
25817,곳,NNG
25818,여수,NNG
25819,여행,NNG
25820,여수,NNG
25821,가,JKS
25822,볼,VV+ETM
25823,만,NNB
25824,한,XSA+ETM
25825,곳,NNB
25826,제주,NNP
25827,도,JX
25828,여행,NNG
25829,제주도,NNP
25830,가,JKS
25831,볼,VV+ETM
25832,만,NNB
25833,한,XSA+ETM
25834,곳,NNG
25835,여행,NNG
25836,전문,NNG
25837,인,VCP+ETM
25838,플,NNG
25839,루,JKB
25840,언서,NNG
25841,전,NNG
25842,주달,NNG
25843,봉이,NNG
25844,입니다,VCP+EF
25845,전,NP+JX
25846,주,VX
25847,는,ETM
25848,대중교통,NNG
25849,이나,JC
25850,택시,NNG
25851,이용,NNG
25852,하,XSV
25853,시,EP
25854,는,ETM
25855,걸,NNB+JKO
25856,전주,NNG
25857,완주,NNG
25858,여행,NNG
25859,전주,NNG
25860,여행,NNG
25861,전주,NNG
25862,맛집,NNG
25863,국내,NNG
25864,여행,NNG
25865,전,NNG
25866,주달,NNG
25867,봉,NNG
25868,이,JKS
25869,달,NNG
25870,봉,NNG
25871,티비,NNG
25872,전주,NNG
25873,여행,NNG
25874,코스,NNG
25875,전주,NNG
25876,가,JKS
25877,볼,VV+ETM
25878,만,NNB
25879,한,XSA+ETM
25880,곳,NNG
25881,여수,NNG
25882,여행,NNG
25883,여수,NNG
25884,가,JKS
25885,볼,VV+ETM
25886,만,NNB
25887,한,XSA+ETM
25888,곳,NNB
25889,제주,NNP
25890,도,JX
25891,여행,NNG
25892,제주도,NNP
25893,가,JKS
25894,볼,VV+ETM
25895,만,NNB
25896,한,XSA+ETM
25897,곳,NNG
25898,여행,NNG
25899,전문,NNG
25900,인,VCP+ETM
25901,플,NNG
25902,루,JKB
25903,언서,NNG
25904,전,NNG
25905,주달,NNG
25906,봉이,NNG
25907,입니다,VCP+EF
25908,완주,NNP
25909,어느,MM
25910,쪽,NNB
25911,을,JKO
25912,여행,NNG
25913,하,XSV
25914,느냐,EC
25915,에,JKB
25916,따라,VV+EC
25917,전주,NNP
25918,3,SN
25919,박,NNBC
25920,4,SN
25921,일,NNBC
25922,여행,NNG
25923,부탁,NNG
25924,드립니다,VV+EC
25925,전주,NNG
25926,여행,NNG
25927,전주,NNG
25928,맛집,NNG
25929,국내,NNG
25930,여행,NNG
25931,전,NNG
25932,주달,NNG
25933,봉,NNG
25934,이,JKS
25935,달,NNG
25936,봉,NNG
25937,티비,NNG
25938,전주,NNG
25939,여행,NNG
25940,코스,NNG
25941,전주,NNG
25942,가,JKS
25943,볼,VV+ETM
25944,만,NNB
25945,한,XSA+ETM
25946,곳,NNG
25947,여수,NNG
25948,여행,NNG
25949,여수,NNG
25950,가,JKS
25951,볼,VV+ETM
25952,만,NNB
25953,한,XSA+ETM
25954,곳,NNB
25955,제주,NNP
25956,도,JX
25957,여행,NNG
25958,제주도,NNP
25959,가,JKS
25960,볼,VV+ETM
25961,만,NNB
25962,한,XSA+ETM
25963,곳,NNG
25964,여행,NNG
25965,전문,NNG
25966,인,VCP+ETM
25967,플,NNG
25968,루,JKB
25969,언서,NNG
25970,전,NNG
25971,주달,NNG
25972,봉이,NNG
25973,입니다,VCP+EF
25974,전주,NNG
25975,여행,NNG
25976,코스,NNG
25977,는,JX
25978,전주,NNG
25979,여행,NNG
25980,코스,NNG
25981,좀,MAG
25982,짜,VV+EC
25983,주,VX
25984,세요,EP+EF
25985,ㅜㅜ,UNKNOWN
25986,전주,NNG
25987,여행,NNG
25988,코스,NNG
25989,를,JKO
25990,짜,VV+EC
25991,드릴,VX+ETM
25992,수,NNB
25993,있,VV
25994,습니다,EF
25995,전,NP+JX
25996,주,VX
25997,는,ETM
25998,역사,NNG
25999,적,XSN
26000,인,VCP+ETM
26001,유적지,NNG
26002,와,JC
26003,전통문화,NNG
26004,가,JKS
26005,빛나,VV
26006,는,ETM
26007,곳,NNG
26008,으로,JKB
26009,유명,XR
26010,한데요,XSA+EF
26011,먼저,MAG
26012,전주,NNP
26013,한옥마을,NNP
26014,을,JKO
26015,방문,NNG
26016,하,XSV
26017,시,EP
26018,면,EC
26019,한,MM
26020,옥,NNG
26021,의,JKG
26022,아름다움,VA+ETN
26023,을,JKO
26024,느낄,VV+ETM
26025,수,NNB
26026,있,VV
26027,습니다,EF
26028,여행,NNG
26029,의,JKG
26030,시작,NNG
26031,지,XSV
26032,라고,EC
26033,할,VX+ETM
26034,수,NNB
26035,있,VV
26036,는,ETM
26037,전주,NNP
26038,한옥,NNG
26039,마을,NNG
26040,에서,JKB
26041,전주,NNG
26042,여행,NNG
26043,대중교통,NNG
26044,이랑,JC
26045,렌트카,NNG
26046,중,NNB
26047,어떤,MM
26048,게,NNB+JKS
26049,좋,VA
26050,을까요,EF
26051,?,SF
26052,전주,NNG
26053,여행,NNG
26054,때,NNG
26055,움직이,VV
26056,기,ETN
26057,차,NNG
26058,가,JKS
26059,편할지,VA+EC
26060,대중교통,NNG
26061,이,JKS
26062,편할지,VA+EC
26063,알려,VV+EC
26064,주,VX
26065,세요,EP+EF
26066,교통,NNG
26067,상황,NNG
26068,이,JKS
26069,어떤지,VA+EC
26070,궁금,XR
26071,합니다,XSA+EF
26072,전주,NNG
26073,여행,NNG
26074,전주,NNG
26075,맛집,NNG
26076,국내,NNG
26077,여행,NNG
26078,전,NNG
26079,주달,NNG
26080,봉,NNG
26081,이,JKS
26082,달,NNG
26083,봉,NNG
26084,티비,NNG
26085,전주,NNG
26086,여행,NNG
26087,코스,NNG
26088,전주,NNG
26089,가,JKS
26090,볼,VV+ETM
26091,만,NNB
26092,한,XSA+ETM
26093,곳,NNG
26094,여수,NNG
26095,여행,NNG
26096,여수,NNG
26097,가,JKS
26098,볼,VV+ETM
26099,만,NNB
26100,한,XSA+ETM
26101,곳,NNB
26102,제주,NNP
26103,도,JX
26104,여행,NNG
26105,전주,NNG
26106,여행,NNG
26107,전주,NNG
26108,여행,NNG
26109,을,JKO
26110,가시,VV
26111,려,EC
26112,하,VV
26113,는군요,EC
26114,그렇,VA
26115,다면,EC
26116,전주,NNP
26117,에서,JKB
26118,연인,NNG
26119,들,XSN
26120,이,JKS
26121,제일,MAG
26122,많이,MAG
26123,찾,VV
26124,는,ETM
26125,곳,NNG
26126,들,XSN
26127,추천,NNG
26128,해,XSV+EC
26129,드리,VX
26130,겠,EP
26131,습니다,EF
26132,전주,NNP
26133,한옥마을,NNP
26134,전주,NNP
26135,동물원,NNP
26136,한국도로공사,NNP
26137,수목원,NNG
26138,전주,NNP
26139,향교,NNP
26140,덕진,NNP
26141,공원,NNG
26142,전주,NNG
26143,여행,NNG
26144,관련,NNG
26145,전주,NNG
26146,여행,NNG
26147,전주,NNG
26148,맛집,NNG
26149,국내,NNG
26150,여행,NNG
26151,전,NNG
26152,주달,NNG
26153,봉,NNG
26154,이,JKS
26155,달,NNG
26156,봉,NNG
26157,티비,NNG
26158,전주,NNG
26159,여행,NNG
26160,코스,NNG
26161,전주,NNG
26162,가,JKS
26163,볼,VV+ETM
26164,만,NNB
26165,한,XSA+ETM
26166,곳,NNG
26167,여수,NNG
26168,여행,NNG
26169,여수,NNG
26170,가,JKS
26171,볼,VV+ETM
26172,만,NNB
26173,한,XSA+ETM
26174,곳,NNB
26175,제주,NNP
26176,도,JX
26177,여행,NNG
26178,제주도,NNP
26179,가,JKS
26180,볼,VV+ETM
26181,만,NNB
26182,한,XSA+ETM
26183,곳,NNG
26184,여행,NNG
26185,전문,NNG
26186,인,VCP+ETM
26187,플,NNG
26188,루,JKB
26189,언서,NNG
26190,전,NNG
26191,주달,NNG
26192,봉이,NNG
26193,입니다,VCP+EF
26194,주말,NNG
26195,인지,VCP+EC
26196,평일,NNG
26197,인지,VCP+EC
26198,에,JKB
26199,따라,VV+EC
26200,다릅니다,VA+EC
26201,전주,NNG
26202,여행,NNG
26203,가,VV
26204,려고,EC
26205,하,VV
26206,는,ETM
26207,데,NNB
26208,1,SN
26209,박,NNBC
26210,2,SN
26211,일,NNBC
26212,vs,SL
26213,2,SN
26214,박,NNBC
26215,3,SN
26216,일,NNBC
26217,어떤,MM
26218,게,NNB+JKS
26219,적당,XR
26220,할지,XSA+EC
26221,추천,NNG
26222,좀,MAG
26223,해,VV+EC
26224,주,VX
26225,세요,EP+EF
26226,전주,NNG
26227,여행,NNG
26228,전주,NNG
26229,맛집,NNG
26230,국내,NNG
26231,여행,NNG
26232,전,NNG
26233,주달,NNG
26234,봉,NNG
26235,이,JKS
26236,달,NNG
26237,봉,NNG
26238,티비,NNG
26239,전주,NNG
26240,여행,NNG
26241,코스,NNG
26242,전주,NNG
26243,가,JKS
26244,볼,VV+ETM
26245,만,NNB
26246,한,XSA+ETM
26247,곳,NNG
26248,여수,NNG
26249,여행,NNG
26250,여수,NNG
26251,가,JKS
26252,볼,VV+ETM
26253,만,NNB
26254,한,XSA+ETM
26255,곳,NNB
26256,제주,NNP
26257,도,JX
26258,여행,NNG
26259,제주도,NNP
26260,가,JKS
26261,볼,VV+ETM
26262,만,NNB
26263,한,XSA+ETM
26264,곳,NNG
26265,여행,NNG
26266,전문,NNG
26267,인,VCP+ETM
26268,플,NNG
26269,루,JKB
26270,언서,NNG
26271,전,NNG
26272,주달,NNG
26273,봉이,NNG
26274,입니다,VCP+EC
26275,전주,NNG
26276,여행,NNG
26277,이번,NNG
26278,주,NNG
26279,에,JKB
26280,전주,NNG
26281,여행,NNG
26282,1,SN
26283,박,NNBC
26284,2,SN
26285,일,NNBC
26286,로,JKB
26287,처음,MAG
26288,가,VV
26289,는데,EC
26290,가,VX
26291,볼,EC+VX+ETM
26292,데,NNB
26293,추천,NNG
26294,좀,MAG
26295,해,VV+EC
26296,주,VX
26297,세요,EP+EF
26298,걷,VV
26299,기,ETN
26300,좋,VA
26301,은데,EC
26302,위주,NNG
26303,로,JKB
26304,요,JX
26305,걷,VV
26306,는,ETM
26307,거,NNB
26308,좋,VA
26309,아,EC
26310,해요,VX+EF
26311,트레,NNP
26312,킹,NNP
26313,좋,VA
26314,아,EC
26315,해요,VX+EF
26316,전주,NNG
26317,여행,NNG
26318,을,JKO
26319,계획,NNG
26320,중,NNB
26321,이,VCP
26322,시,EP
26323,군요,EF
26324,전주,NNG
26325,에,JKB
26326,는,JX
26327,다양,XR
26328,한,XSA+ETM
26329,볼거리,NNG
26330,들,XSN
26331,과,JKB
26332,전주,NNP
26333,2,SN
26334,박,NNBC
26335,3,SN
26336,일,NNBC
26337,3,SN
26338,명,NNBC
26339,여행,NNG
26340,1,SN
26341,인,NNG
26342,경비,NNG
26343,식비,NNG
26344,랑,JKB
26345,교통비,NNG
26346,감,NNG
26347,이,JKS
26348,안,MAG
26349,잡혀서,VV+EC
26350,요,MM
26351,술,NNG
26352,은,JX
26353,마실,VV+ETM
26354,건데,NNB+VCP+EC
26355,많이,MAG
26356,안,MAG
26357,마셔서,VV+EC
26358,술값,NNG
26359,으로,JKB
26360,는,JX
26361,한,MM
26362,번,NNBC
26363,마실,VV+ETM
26364,때,NNG
26365,만,NR
26366,원,NNBC
26367,씩,XSN
26368,쓸,VV+ETM
26369,거,NNB
26370,같,VA
26371,아요,EF
26372,전주,NNG
26373,여행,NNG
26374,전주,NNG
26375,맛집,NNG
26376,국내,NNG
26377,여행,NNG
26378,전,NNG
26379,주달,NNG
26380,봉,NNG
26381,이,JKS
26382,달,NNG
26383,봉,NNG
26384,티비,NNG
26385,전주,NNG
26386,여행,NNG
26387,코스,NNG
26388,전주,NNG
26389,가,JKS
26390,볼,VV+ETM
26391,만,NNB
26392,한,XSA+ETM
26393,곳,NNG
26394,여수,NNG
26395,여행,NNG
26396,여수,NNG
26397,가,JKS
26398,볼,VV+ETM
26399,만,NNB
26400,한,XSA+ETM
26401,곳,NNG
26402,전주,NNP
26403,2,SN
26404,박,NNBC
26405,3,SN
26406,일,NNBC
26407,여행,NNG
26408,비용,NNG
26409,전주,NNG
26410,여행,NNG
26411,전주,NNG
26412,맛집,NNG
26413,국내,NNG
26414,여행,NNG
26415,전,NNG
26416,주달,NNG
26417,봉,NNG
26418,이,JKS
26419,달,NNG
26420,봉,NNG
26421,티비,NNG
26422,전주,NNG
26423,여행,NNG
26424,코스,NNG
26425,전주,NNG
26426,가,JKS
26427,볼,VV+ETM
26428,만,NNB
26429,한,XSA+ETM
26430,곳,NNG
26431,여수,NNG
26432,여행,NNG
26433,여수,NNG
26434,가,JKS
26435,볼,VV+ETM
26436,만,NNB
26437,한,XSA+ETM
26438,곳,NNB
26439,제주,NNP
26440,도,JX
26441,여행,NNG
26442,제주도,NNP
26443,가,JKS
26444,볼,VV+ETM
26445,만,NNB
26446,한,XSA+ETM
26447,곳,NNG
26448,여행,NNG
26449,전문,NNG
26450,인,VCP+ETM
26451,플,NNG
26452,루,JKB
26453,언서,NNG
26454,전,NNG
26455,주달,NNG
26456,봉이,NNG
26457,입니다,VCP+EF
26458,한옥마을,NNP
26459,은,JX
26460,입장료,NNG
26461,는,JX
26462,따로,MAG
26463,없,VA
26464,습니다,EF
26465,기본,NNG
26466,친구,NNG
26467,랑,JKB
26468,전주,NNG
26469,여행,NNG
26470,친구,NNG
26471,랑,JC
26472,첫,MM
26473,전주,NNG
26474,여행,NNG
26475,을,JKO
26476,가,VV+EC
26477,보,VX
26478,려고,EC
26479,합니다,VX+EC
26480,가,VX
26481,볼,EC+VX+ETM
26482,만,NNB
26483,한,XSA+ETM
26484,곳,NNG
26485,호텔,NNG
26486,맛집,NNG
26487,추천,NNG
26488,해,XSV+EC
26489,주,VX
26490,세요,EP+EF
26491,호텔,NNG
26492,은,JX
26493,시설,NNG
26494,이,JKS
26495,괜찮,VA
26496,고,EC
26497,깨끗,XR
26498,했으면,XSA+EP+EC
26499,좋,VA
26500,겠,EP
26501,어요,EF
26502,한옥,NNP
26503,이,VCP
26504,어도,EC
26505,괜찮,VA
26506,아요,EF
26507,침대,NNG
26508,가,JKS
26509,있,VA
26510,는,ETM
26511,곳,NNG
26512,이,VCP
26513,면,EC
26514,더,MAG
26515,좋,VA
26516,겠,EP
26517,어요,EF
26518,맛집,NNG
26519,은,JX
26520,양식,NNG
26521,중식,NNG
26522,일식,NNG
26523,상관없,VA
26524,습니다,EF
26525,비용,NNG
26526,도,JX
26527,1,SN
26528,인당,NNG
26529,2,SN
26530,박,NNBC
26531,3,SN
26532,일,NNBC
26533,전주,NNP
26534,크리스마스,NNG
26535,여행,NNG
26536,전주,NNG
26537,여행,NNG
26538,전주,NNG
26539,맛집,NNG
26540,국내,NNG
26541,여행,NNG
26542,전,NNG
26543,주달,NNG
26544,봉,NNG
26545,이,JKS
26546,달,NNG
26547,봉,NNG
26548,티비,NNG
26549,전주,NNG
26550,여행,NNG
26551,코스,NNG
26552,전주,NNG
26553,가,JKS
26554,볼,VV+ETM
26555,만,NNB
26556,한,XSA+ETM
26557,곳,NNG
26558,여수,NNG
26559,여행,NNG
26560,여수,NNG
26561,가,JKS
26562,볼,VV+ETM
26563,만,NNB
26564,한,XSA+ETM
26565,곳,NNB
26566,제주,NNP
26567,도,JX
26568,여행,NNG
26569,제주도,NNP
26570,가,JKS
26571,볼,VV+ETM
26572,만,NNB
26573,한,XSA+ETM
26574,곳,NNG
26575,여행,NNG
26576,전문,NNG
26577,인,VCP+ETM
26578,플,NNG
26579,루,JKB
26580,언서,NNG
26581,전,NNG
26582,주달,NNG
26583,봉이,NNG
26584,입니다,VCP+EF
26585,전주,NNG
26586,여행,NNG
26587,코스,NNG
26588,는,JX
26589,한옥,NNG
26590,마을,NNG
26591,에서부터,JKB
26592,시작,NNG
26593,을,JKO
26594,1,SN
26595,박,NNBC
26596,2,SN
26597,일,NNBC
26598,전주,NNG
26599,여행,NNG
26600,~.~,SY
26601,질문,NNG
26602,하,XSV
26603,신,EP+ETM
26604,전주,NNG
26605,여행,NNG
26606,일정,NNG
26607,관련,NNG
26608,답변,NNG
26609,드리,VV
26610,도록,EC
26611,하,VX
26612,겠,EP
26613,습니다,EF
26614,여행,NNG
26615,가실,NNG
26616,때,NNG
26617,계획,NNG
26618,짜,VV
26619,기,ETN
26620,너무,MAG
26621,귀찮,VA
26622,죠,EF
26623,제,NP
26624,가,JKS
26625,전주,NNP
26626,에서,JKB
26627,즐길,VV+ETM
26628,수,NNB
26629,있,VV
26630,는,ETM
26631,1,SN
26632,박,NNBC
26633,2,SN
26634,일,NNBC
26635,여행,NNG
26636,을,JKO
26637,준비,NNG
26638,해,XSV+EC
26639,보,VX
26640,았,EP
26641,어요,EF
26642,아래,NNG
26643,일정,NNG
26644,을,JKO
26645,참고,NNG
26646,해,XSV+EC
26647,보,VX
26648,시,EP
26649,고,EC
26650,즐거운,VA+ETM
26651,여행,NNG
26652,되,XSV
26653,시,EP
26654,길,ETN+JKO
26655,바라,VV
26656,요,EC
26657,1,SN
26658,일,NNBC
26659,차,NNG
26660,초등,NNG
26661,6,SN
26662,학년,NNG
26663,210,SN
26664,명,NNBC
26665,전주,NNG
26666,일,NR
26667,대,NNBC
26668,1,SN
26669,박,NNBC
26670,2,SN
26671,일,NNBC
26672,수학여행,NNG
26673,코스,NNG
26674,전주,NNG
26675,관광,NNG
26676,에,JKB
26677,달인,NNG
26678,이,VCP
26679,신,EP+ETM
26680,전,MM
26681,주달,NNG
26682,봉이,NNG
26683,님,XSN
26684,께서,JKS
26685,코스,NNG
26686,추천,NNG
26687,을,JKO
26688,해,VV+EC
26689,주,VX
26690,시,EP
26691,면,EC
26692,대단히,MAG
26693,감사,NNG
26694,드리,VV
26695,겠,EP
26696,습니다,EF
26697,전주,NNG
26698,여행,NNG
26699,전주,NNG
26700,맛집,NNG
26701,국내,NNG
26702,여행,NNG
26703,전,NNG
26704,주달,NNG
26705,봉,NNG
26706,이,JKS
26707,달,NNG
26708,봉,NNG
26709,티비,NNG
26710,전주,NNG
26711,여행,NNG
26712,코스,NNG
26713,전주,NNG
26714,가,JKS
26715,볼,VV+ETM
26716,만,NNB
26717,한,XSA+ETM
26718,곳,NNG
26719,여수,NNG
26720,여행,NNG
26721,여수,NNG
26722,가,JKS
26723,볼,VV+ETM
26724,만,NNB
26725,한,XSA+ETM
26726,곳,NNB
26727,제주,NNP
26728,도,JX
26729,여행,NNG
26730,1,SN
26731,박,NNBC
26732,2,SN
26733,일,NNBC
26734,전주,NNP
26735,혼자,NNG
26736,여행,NNG
26737,코스,NNG
26738,질문,NNG
26739,하,XSV
26740,신,EP+ETM
26741,전주,NNG
26742,여행,NNG
26743,정보,NNG
26744,정리,NNG
26745,해,XSV+EC
26746,봤,VX+EP
26747,습니다,EF
26748,참고,NNG
26749,해,XSV+EC
26750,주,VX
26751,세요,EP+EF
26752,전,MM
26753,주,NNG
26754,에서,JKB
26755,가,VV
26756,볼,EC+VX+ETM
26757,만,NNB
26758,한,XSA+ETM
26759,곳,NNB
26760,덕진,NNP
26761,공원,NNG
26762,추천,NNP
26763,덕진,NNP
26764,공원,NNG
26765,이,JKS
26766,전주,NNP
26767,터미널,NNG
26768,에서,JKB
26769,가장,MAG
26770,가까운,VA+ETM
26771,곳,NNG
26772,이,VCP
26773,에요,EF
26774,산책,NNG
26775,하,XSV
26776,기,ETN
26777,에,JKB
26778,좋,VA
26779,은,ETM
26780,호수,NNG
26781,공원,NNG
26782,이,VCP
26783,에요,EF
26784,덕진,NNP
26785,공원,NNG
26786,을,JKO
26787,생략,NNG
26788,하,XSV
26789,고,EC
26790,곧바로,MAG
26791,남부,NNG
26792,시장,NNG
26793,과,JC
26794,전주,NNG
26795,여행,NNG
26796,갈,VV+ETM
26797,곳,NNB
26798,",",SC
26799,전시회,NNG
26800,추천,NNG
26801,제,NP
26802,가,JKS
26803,이번,NNG
26804,달,NNG
26805,말,NNG
26806,에,JKB
26807,남자,NNG
26808,친구,NNG
26809,랑,JKB
26810,전주,NNG
26811,여행,NNG
26812,을,JKO
26813,가,VV
26814,는데요,EC
26815,전주,NNP
26816,한옥마을,NNP
26817,만,JX
26818,가,VV
26819,기,ETN
26820,엔,JKB+JX
26821,그래서,MAJ
26822,갈만,NNG
26823,한,XSA+ETM
26824,곳,NNG
26825,공방,NNG
26826,전시회,NNG
26827,같,VA
26828,은,ETM
26829,거,NNB
26830,있,VA
26831,음,ETN
26832,추천,NNG
26833,부탁,NNG
26834,드려요,VV+EC
26835,안녕,NNG
26836,하,XSV
26837,세요,EP+EF
26838,질문,NNG
26839,하,XSV
26840,신,EP+ETM
26841,전주,NNG
26842,여행,NNG
26843,관련,NNG
26844,답변,NNG
26845,드리,VV
26846,도록,EC
26847,하,VX
26848,겠,EP
26849,습니다,EF
26850,전,NP+JX
26851,주로,MAG
26852,놀,VV
26853,러,EC
26854,가,VX
26855,시,EP
26856,나,EC
26857,봅니다,VX+EC
26858,전주,NNG
26859,여행,NNG
26860,코스,NNG
26861,추천,NNG
26862,안녕,NNG
26863,하,XSV
26864,세요,EP+EF
26865,여자,NNG
26866,친구,NNG
26867,랑,JKB
26868,전주,NNG
26869,여행,NNG
26870,을,JKO
26871,갈,VV+ETM
26872,예정,NNG
26873,인데,VCP+EC
26874,숙소,NNG
26875,를,JKO
26876,전주,NNP
26877,더클래식,NNP
26878,호텔,NNG
26879,로,JKB
26880,잡,VV
26881,고,EC
26882,1,SN
26883,박,NNBC
26884,2,SN
26885,일,NNBC
26886,일정,NNG
26887,으로,JKB
26888,여행,NNG
26889,을,JKO
26890,가,VV
26891,게,EC
26892,되,VV
26893,었,EP
26894,습니다,EF
26895,근데,MAJ
26896,금요일,NNG
26897,오후,NNG
26898,5,SN
26899,시,NNBC
26900,쯤,XSN
26901,전주,NNG
26902,에,JKB
26903,도착,NNG
26904,예정,NNG
26905,이,VCP
26906,고,EC
26907,자,NNG
26908,가,JKS
26909,차,NNG
26910,가,JKS
26911,없,VA
26912,어,EC
26913,이동,NNG
26914,수단,NNG
26915,을,JKO
26916,대중교통,NNG
26917,과,JC
26918,택시,NNG
26919,로,JKB
26920,할,VV+ETM
26921,예정,NNG
26922,입니다,VCP+EC
26923,전주,NNG
26924,여행,NNG
26925,각각,MAG
26926,거리,NNG
26927,가,JKS
26928,가까운지,VA+EC
26929,알,VV
26930,고,EC
26931,싶,VX
26932,어요,EF
26933,추석,NNG
26934,에,JKB
26935,여행,NNG
26936,예정,NNG
26937,입니다,VCP+EF
26938,그,MM
26939,외,NNB
26940,갈만,NNG
26941,한,XSA+ETM
26942,곳,NNG
26943,추천,NNG
26944,해,XSV+EC
26945,주,VX
26946,세요,EP+EF
26947,전주,NNG
26948,여행,NNG
26949,전주,NNG
26950,맛집,NNG
26951,국내,NNG
26952,여행,NNG
26953,전,NNG
26954,주달,NNG
26955,봉,NNG
26956,이,JKS
26957,달,NNG
26958,봉,NNG
26959,티비,NNG
26960,전주,NNG
26961,여행,NNG
26962,코스,NNG
26963,전주,NNG
26964,가,JKS
26965,볼,VV+ETM
26966,만,NNB
26967,한,XSA+ETM
26968,곳,NNG
26969,여수,NNG
26970,여행,NNG
26971,여수,NNG
26972,가,JKS
26973,볼,VV+ETM
26974,만,NNB
26975,한,XSA+ETM
26976,곳,NNB
26977,제주,NNP
26978,도,JX
26979,여행,NNG
26980,전주,NNG
26981,여행,NNG
26982,갈만,NNG
26983,한,XSA+ETM
26984,곳,NNB
26985,있,VA
26986,을까요,EF
26987,?,SF
26988,전주,NNG
26989,여행,NNG
26990,전주,NNG
26991,맛집,NNG
26992,국내,NNG
26993,여행,NNG
26994,전,NNG
26995,주달,NNG
26996,봉,NNG
26997,이,JKS
26998,달,NNG
26999,봉,NNG
27000,티비,NNG
27001,전주,NNG
27002,여행,NNG
27003,코스,NNG
27004,전주,NNG
27005,가,JKS
27006,볼,VV+ETM
27007,만,NNB
27008,한,XSA+ETM
27009,곳,NNG
27010,여수,NNG
27011,여행,NNG
27012,여수,NNG
27013,가,JKS
27014,볼,VV+ETM
27015,만,NNB
27016,한,XSA+ETM
27017,곳,NNB
27018,제주,NNP
27019,도,JX
27020,여행,NNG
27021,제주도,NNP
27022,가,JKS
27023,볼,VV+ETM
27024,만,NNB
27025,한,XSA+ETM
27026,곳,NNG
27027,여행,NNG
27028,전문,NNG
27029,인,VCP+ETM
27030,플,NNG
27031,루,JKB
27032,언서,NNG
27033,전,NNG
27034,주달,NNG
27035,봉이,NNG
27036,입니다,VCP+EF
27037,전주,NNG
27038,여행,NNG
27039,코스,NNG
27040,는,JX
27041,한옥,NNG
27042,마을,NNG
27043,에서부터,JKB
27044,전주,NNG
27045,여행,NNG
27046,코스,NNG
27047,전주,NNG
27048,여행,NNG
27049,일정,NNG
27050,에,JKB
27051,질,VV+ETM
27052,문자,NNG
27053,님,XSN
27054,께서,JKS
27055,봐둔,VV+EC+VX+ETM
27056,곳,NNB
27057,모두,MAG
27058,반양,NNG
27059,하,XSV
27060,기,ETN
27061,에,JKB
27062,시간,NNG
27063,상,XSN
27064,무리,NNG
27065,가,JKS
27066,있,VV
27067,을,ETM
27068,거,NNB
27069,같,VA
27070,아,EC
27071,꼭,MAG
27072,가,VV
27073,고,EC
27074,싶,VX
27075,은,ETM
27076,곳,NNG
27077,을,JKO
27078,넣,VV
27079,어,EC
27080,일정,NNG
27081,을,JKO
27082,만들,VV
27083,어,EC
27084,보,VX
27085,았,EP
27086,습니다,EF
27087,1,SN
27088,일,NNBC
27089,차,NNG
27090,가운데,NNG
27091,집,NNG
27092,점심,NNG
27093,전주,NNG
27094,한지,XSA+EC
27095,박물관,NNG
27096,관광,NNG
27097,전주,NNG
27098,수목원,NNG
27099,관광,NNG
27100,오목,MAG
27101,대,XPN
27102,관광,NNG
27103,교동,NNP
27104,다윈,NNP
27105,전주,NNG
27106,여행,NNG
27107,추천,NNG
27108,부탁,NNG
27109,드립니다,VV+EC
27110,2,SN
27111,월,NNBC
27112,12,SN
27113,13,SN
27114,일,NNBC
27115,에,JKB
27116,전주,NNG
27117,여행,NNG
27118,할려구,VV+EC
27119,합니다,VX+EC
27120,1,SN
27121,박,NNBC
27122,2,SN
27123,일,NNBC
27124,가,VV
27125,볼,EC+VX+ETM
27126,만,NNB
27127,한,XSA+ETM
27128,곳,NNG
27129,이랑,JC
27130,맛집,NNG
27131,추천,NNG
27132,부탁,NNG
27133,드립니다,VV+EC
27134,감사,NNG
27135,합니다,XSV+EF
27136,전주,NNG
27137,맛집,NNG
27138,여행,NNG
27139,전,NNG
27140,주달,NNG
27141,봉,NNG
27142,이,JKS
27143,달,NNG
27144,봉,NNG
27145,티비,NNG
27146,전주,NNG
27147,여행,NNG
27148,코스,NNG
27149,전주,NNG
27150,가,JKS
27151,볼,VV+ETM
27152,만,NNB
27153,한,XSA+ETM
27154,곳,NNG
27155,여행,NNG
27156,인,VCP+ETM
27157,플,NNG
27158,루,JKB
27159,언서,NNG
27160,전,NNG
27161,주달,NNG
27162,봉이,NNG
27163,입니다,VCP+EF
27164,전주,NNG
27165,여행,NNG
27166,강아지,NNG
27167,와,JKB
27168,함께,MAG
27169,전주,NNG
27170,여행,NNG
27171,가능,NNG
27172,한,XSA+ETM
27173,곳,NNB
27174,ㅜ,UNKNOWN
27175,전주,NNG
27176,여행,NNG
27177,갈,VV+ETM
27178,껀,NNB+JX
27179,데요,EF
27180,강아지,NNG
27181,같이,MAG
27182,동반,NNG
27183,할,XSV+ETM
27184,꺼,NNB+VCP
27185,라서요,EF
27186,혹시,MAG
27187,강아지,NNG
27188,같이,JKB
27189,갈,VV+ETM
27190,수,NNB
27191,있,VV
27192,는,ETM
27193,곳,NNB
27194,좀,MAG
27195,알려,VV+EC
27196,주,VX
27197,세요,EP+EF
27198,맛집,NNG
27199,이랑,JKB
27200,관광,NNG
27201,징,NNG
27202,반려,NNG
27203,동물,NNG
27204,1,SN
27205,등,NNBC
27206,여행,NNG
27207,앱,NNG
27208,반려,NNG
27209,생활,NNG
27210,입니다,VCP+EF
27211,하늘,NNG
27212,이,JKS
27213,맑,VA
27214,은,ETM
27215,가을,NNG
27216,에,JKB
27217,전주,NNG
27218,여행,NNG
27219,을,JKO
27220,떠나,VV
27221,시,EP
27222,는군요,EC
27223,강아지,NNG
27224,랑,JKB
27225,함께,MAG
27226,더,MAG
27227,좋,VA
27228,은,ETM
27229,추억,NNG
27230,광주,NNP
27231,에서,JKB
27232,전주,NNG
27233,2,SN
27234,박,NNBC
27235,3,SN
27236,일,NNBC
27237,여행,NNG
27238,감사,NNG
27239,하,XSV
27240,겠,EP
27241,습니다,EF
27242,전주,NNG
27243,여행,NNG
27244,전주,NNG
27245,맛집,NNG
27246,국내,NNG
27247,여행,NNG
27248,전,NNG
27249,주달,NNG
27250,봉,NNG
27251,이,JKS
27252,달,NNG
27253,봉,NNG
27254,티비,NNG
27255,전주,NNG
27256,여행,NNG
27257,코스,NNG
27258,전주,NNG
27259,가,JKS
27260,볼,VV+ETM
27261,만,NNB
27262,한,XSA+ETM
27263,곳,NNG
27264,여수,NNG
27265,여행,NNG
27266,여수,NNG
27267,가,JKS
27268,볼,VV+ETM
27269,만,NNB
27270,한,XSA+ETM
27271,곳,NNB
27272,제주,NNP
27273,도,JX
27274,여행,NNG
27275,제주도,NNP
27276,가,JKS
27277,볼,VV+ETM
27278,만,NNB
27279,한,XSA+ETM
27280,곳,NNG
27281,여행,NNG
27282,전문,NNG
27283,인,VCP+ETM
27284,플,NNG
27285,루,JKB
27286,언서,NNG
27287,전,NNG
27288,주달,NNG
27289,봉이,NNG
27290,입니다,VCP+EF
27291,버스,NNG
27292,터미널,NNG
27293,에서,JKB
27294,내리,VV
27295,셔서,EP+EC
27296,전주,NNG
27297,여행,NNG
27298,코스,NNG
27299,좀,MAG
27300,짜,VV+EC
27301,주,VX
27302,세요,EP+EF
27303,~,SY
27304,질문,NNG
27305,하,XSV
27306,신,EP+ETM
27307,전주,NNG
27308,여행,NNG
27309,일정,NNG
27310,관련,NNG
27311,답변,NNG
27312,드리,VV
27313,도록,EC
27314,하,VX
27315,겠,EP
27316,습니다,EF
27317,친정,NNG
27318,어머니,NNG
27319,와,JC
27320,딸,NNG
27321,과,JKB
27322,다,MAG
27323,함께,MAG
27324,하,VV
27325,는,ETM
27326,여행,NNG
27327,듣,VV
27328,기,ETN
27329,만,JX
27330,해도,VV+EC
27331,설레,VV
27332,네요,EC
27333,아래,NNG
27334,세,MM
27335,분,NNBC
27336,께서,JKS
27337,모두,MAG
27338,즐길,VV+ETM
27339,수,NNB
27340,있,VV
27341,는,ETM
27342,여행,NNG
27343,일정,NNG
27344,을,JKO
27345,준비,NNG
27346,해,XSV+EC
27347,보,VX
27348,았,EP
27349,어요,EF
27350,참고,NNG
27351,해,XSV+EC
27352,보,VX
27353,시,EP
27354,고,EC
27355,여행,NNG
27356,에,JKB
27357,도움,NNG
27358,되,XSV
27359,셨,EP+EP
27360,으면,EC
27361,[,SSO
27362,추천,NNG
27363,해,XSV+EC
27364,주,VX
27365,세요,EP+EF+VCP
27366,],SSC
27367,전주,NNG
27368,당일치기,NNG
27369,여행,NNG
27370,추천,NNG
27371,해,XSV+EC
27372,주,VX
27373,세요,EP+EF
27374,전주,NNG
27375,당일치기,NNG
27376,여행,NNG
27377,전주,NNG
27378,여행,NNG
27379,전주,NNG
27380,맛집,NNG
27381,국내,NNG
27382,여행,NNG
27383,전,NNG
27384,주달,NNG
27385,봉,NNG
27386,이,JKS
27387,달,NNG
27388,봉,NNG
27389,티비,NNG
27390,전주,NNG
27391,여행,NNG
27392,코스,NNG
27393,전주,NNG
27394,가,JKS
27395,볼,VV+ETM
27396,만,NNB
27397,한,XSA+ETM
27398,곳,NNG
27399,여수,NNG
27400,여행,NNG
27401,여수,NNG
27402,가,JKS
27403,볼,VV+ETM
27404,만,NNB
27405,한,XSA+ETM
27406,곳,NNB
27407,제주,NNP
27408,도,JX
27409,여행,NNG
27410,제주도,NNP
27411,가,JKS
27412,볼,VV+ETM
27413,만,NNB
27414,한,XSA+ETM
27415,곳,NNG
27416,여행,NNG
27417,전문,NNG
27418,인,VCP+ETM
27419,플,NNG
27420,루,JKB
27421,언서,NNG
27422,전,NNG
27423,주달,NNG
27424,봉이,NNG
27425,입니다,VCP+EC
27426,전주,NNG
27427,여행,NNG
27428,팀조,NNP
27429,뮤,NNG
27430,ㅠ,UNKNOWN
27431,전주,NNG
27432,여행,NNG
27433,1,SN
27434,박,NNBC
27435,2,SN
27436,일,NNBC
27437,가,VV
27438,는데,EC
27439,가,VX
27440,기,ETN
27441,좋,VA
27442,은,ETM
27443,곳,NNG
27444,이랑,JC
27445,맛집,NNG
27446,좀,MAG
27447,알려,VV+EC
27448,주,VX
27449,세요,EP+EF
27450,안녕,IC
27451,하,VV
27452,세요,EP+EF
27453,서울,NNP
27454,지방,NNG
27455,변호,NNG
27456,사회,NNG
27457,소속,NNG
27458,으로,JKB
27459,지식,NNG
27460,iN,SL
27461,법률,NNG
27462,상담,NNG
27463,을,JKO
27464,진행,NNG
27465,하,XSV
27466,고,EC
27467,있,VX
27468,는,ETM
27469,김선용,NNP
27470,변호사,NNG
27471,입니다,VCP+EF
27472,알아보,VV
27473,는,ETM
27474,것,NNB
27475,이,JKS
27476,어려우,VA
27477,시,EP
27478,다면,EC
27479,인,NNG
27480,스타,NNG
27481,그램,NNG
27482,에,JKB
27483,전주,NNG
27484,라고,VCP+EC
27485,검색,NNG
27486,하,XSV
27487,셔서,EP+EC
27488,전주,NNP
27489,한옥마을,NNP
27490,여행,NNG
27491,준비,NNG
27492,중,NNB
27493,입니다,VCP+EF
27494,대여,NNG
27495,는,JX
27496,천차만별,NNG
27497,입니다,VCP+EF
27498,기본,NNG
27499,금액,NNG
27500,은,JX
27501,10000,SN
27502,원,NNBC
27503,부터,JX
27504,시작,NNG
27505,합니다,XSV+EF
27506,시간,NNG
27507,과,JC
27508,한복,NNG
27509,에,JKB
27510,따라서,VV+EC
27511,가격,NNG
27512,이,JKS
27513,다릅니다,VA+EC
27514,전주,NNG
27515,여행,NNG
27516,전주,NNG
27517,맛집,NNG
27518,국내,NNG
27519,여행,NNG
27520,전,NNG
27521,주달,NNG
27522,봉,NNG
27523,이,JKS
27524,달,NNG
27525,봉,NNG
27526,티비,NNG
27527,전주,NNG
27528,여행,NNG
27529,코스,NNG
27530,전주,NNG
27531,가,JKS
27532,볼,VV+ETM
27533,만,NNB
27534,한,XSA+ETM
27535,곳,NNG
27536,여수,NNG
27537,여행,NNG
27538,여수,NNG
27539,가,JKS
27540,볼,VV+ETM
27541,만,NNB
27542,한,XSA+ETM
27543,곳,NNB
27544,제주,NNP
27545,도,JX
27546,여행,NNG
27547,고등학교,NNG
27548,친구,NNG
27549,들,XSN
27550,과,JC
27551,전주,NNG
27552,여행,NNG
27553,당일치기,NNG
27554,지금,MAG
27555,고등학교,NNG
27556,3,SN
27557,학년,NNG
27558,친구,NNG
27559,들,XSN
27560,과,JKB
27561,함께,MAG
27562,4,SN
27563,월,NNBC
27564,달,NNG
27565,에,JKB
27566,전주,NNG
27567,여행,NNG
27568,을,JKO
27569,당일,NNG
27570,치,VV
27571,기,ETN
27572,로,JKB
27573,갈,VV+ETM
27574,예정,NNG
27575,인데,VCP+EC
27576,부모,NNG
27577,님,XSN
27578,께,JKB
27579,뭐,NP
27580,라고,VCP+EC
27581,말씀,NNG
27582,드리,VV
27583,면,EC
27584,허락,NNG
27585,을,JKO
27586,받,VV
27587,을,ETM
27588,수,NNB
27589,있,VV
27590,을까요,EC
27591,고등학교,NNG
27592,시절,NNG
27593,친구,NNG
27594,들,XSN
27595,과,JKB
27596,의,JKG
27597,소중,XR
27598,한,XSA+ETM
27599,추억,NNG
27600,을,JKO
27601,만들,VV
27602,기,ETN
27603,위해,VV+EC
27604,전주,NNG
27605,여행,NNG
27606,을,JKO
27607,다녀오,VV
27608,기,ETN
27609,로,JKB
27610,했,VV+EP
27611,습니다,EF
27612,전주,NNG
27613,는,JX
27614,전,NP+JX
27615,주로,MAG
27616,휴가,NNG
27617,갈,VV+ETM
27618,건데,NNB+VCP+EC
27619,여행,NNG
27620,코스,NNG
27621,추천,NNG
27622,해,XSV+EC
27623,주,VX
27624,세요,EP+EF
27625,위,NNG
27626,의,JKG
27627,일정,NNG
27628,은,JX
27629,참고,NNG
27630,용,XSN
27631,으로,JKB
27632,제시,NNG
27633,한,XSV+ETM
27634,것,NNB
27635,이,VCP
27636,며,EC
27637,여행,NNG
27638,일정,NNG
27639,에,JKB
27640,따라,VV+EC
27641,조정,NNG
27642,할,XSV+ETM
27643,수,NNB
27644,있,VV
27645,습니다,EF
27646,또한,MAJ
27647,음식점,NNG
27648,의,JKG
27649,웨이팅,NNG
27650,시간,NNG
27651,은,JX
27652,방문,NNG
27653,시간,NNG
27654,과,JC
27655,요일,NNG
27656,에,JKB
27657,따라,VV+EC
27658,달라질,VV+ETM
27659,수,NNB
27660,있,VV
27661,으니,EC
27662,참고,NNG
27663,해,XSV+EC
27664,주,VX
27665,세요,EP+EF
27666,즐거운,VA+ETM
27667,전주,NNG
27668,여행,NNG
27669,되,XSV
27670,시,EP
27671,길,ETN+JKO
27672,바랍니다,VV+EC
27673,여자,NNG
27674,2,SN
27675,명,NNBC
27676,이,XSN
27677,서,JKS
27678,2,SN
27679,박,NNBC
27680,3,SN
27681,일,NNBC
27682,로,JKB
27683,전주,NNG
27684,여행,NNG
27685,질문,NNG
27686,2,SN
27687,박,NNBC
27688,3,SN
27689,일,NNBC
27690,로,JKB
27691,전주,NNG
27692,를,JKO
27693,여행,NNG
27694,하,XSV
27695,신다면,EP+EC
27696,다음,NNG
27697,과,JKB
27698,같,VA
27699,은,ETM
27700,일정,NNG
27701,을,JKO
27702,추천,NNG
27703,해,XSV+EC
27704,드립니다,VX+EC
27705,Day,SL
27706,1,SN
27707,전주,NNP
27708,한옥마을,NNP
27709,전통,NNG
27710,한옥,NNG
27711,건물,NNG
27712,과,JC
27713,전통,NNG
27714,문화,NNG
27715,를,JKO
27716,경험,NNG
27717,할,XSV+ETM
27718,수,NNB
27719,있,VV
27720,는,ETM
27721,곳,NNB
27722,입니다,VCP+EF
27723,전주,NNP
27724,향교,NNP
27725,조선,NNP
27726,시대,NNG
27727,교육,NNG
27728,기관,NNG
27729,인,VCP+ETM
27730,향교,NNG
27731,를,JKO
27732,볼,VV+ETM
27733,수,NNB
27734,있,VV
27735,습니다,EF
27736,전주,NNP
27737,남부,NNG
27738,시장,NNG
27739,전,NNG
27740,주의,NNG
27741,전주,NNG
27742,여행,NNG
27743,코스,NNG
27744,짜,VV+EC
27745,주,VX
27746,세요,EP+EF
27747,!,SF
27748,많이,MAG
27749,급합니다,VA+EF
27750,.,SF
27751,.!,SY
27752,안녕,NNG
27753,하,XSV
27754,세요,EP+EF
27755,가족,NNG
27756,여행,NNG
27757,으로,JKB
27758,전주,NNG
27759,에,JKB
27760,놀,VV
27761,러,EC
27762,가,VX
27763,려는데,EC
27764,요,MM
27765,당장,NNG
27766,이번,NNG
27767,주,NNG
27768,금요일,NNG
27769,에,JKB
27770,가,VV
27771,는데,EC
27772,어딜,NP+JKO
27773,갈지,VV+EC
27774,몰라서,VV+EC
27775,숙소,NNG
27776,는,JX
27777,라,NNG
27778,한,XSA+ETM
27779,호텔,NNG
27780,로,JKB
27781,잡,VV
27782,았,EP
27783,고,EC
27784,한옥마을,NNP
27785,쪽,NNB
27786,을,JKO
27787,가,VV
27788,고,EC
27789,싶,VX
27790,은데,EC
27791,별로,MAG
27792,걷,VV
27793,지,EC
27794,않,VX
27795,으면서,EC
27796,카페,NNG
27797,투어,NNG
27798,는,JX
27799,아닌,VCN+ETM
27800,여행,NNG
27801,코스,NNG
27802,짜,VV+EC
27803,주,VX
27804,실,EP+ETM
27805,수,NNB
27806,있,VV
27807,나요,EF
27808,호,NNBC
27809,캉,JKB
27810,스로,NNG
27811,전주,NNP
27812,1,SN
27813,박,NNBC
27814,2,SN
27815,일,NNBC
27816,여행,NNG
27817,대둔산,NNP
27818,케이블카,NNG
27819,주말,NNG
27820,에,JKB
27821,사람,NNG
27822,많,VA
27823,겠,EP
27824,죠,EF
27825,괜찮,VA
27826,은,ETM
27827,코스,NNG
27828,추천,NNG
27829,해,XSV+EC
27830,주,VX
27831,세요,EP+EF
27832,전주,NNG
27833,여행,NNG
27834,전주,NNG
27835,맛집,NNG
27836,국내,NNG
27837,여행,NNG
27838,전,NNG
27839,주달,NNG
27840,봉,NNG
27841,이,JKS
27842,달,NNG
27843,봉,NNG
27844,티비,NNG
27845,전주,NNG
27846,여행,NNG
27847,코스,NNG
27848,전주,NNG
27849,가,JKS
27850,볼,VV+ETM
27851,만,NNB
27852,한,XSA+ETM
27853,곳,NNG
27854,여수,NNG
27855,여행,NNG
27856,여수,NNG
27857,가,JKS
27858,볼,VV+ETM
27859,만,NNB
27860,한,XSA+ETM
27861,곳,NNB
27862,제주,NNP
27863,도,JX
27864,여행,NNG
27865,제주도,NNP
27866,가,JKS
27867,볼,VV+ETM
27868,만,NNB
27869,한,XSA+ETM
27870,곳,NNG
27871,여행,NNG
27872,전문,NNG
27873,전주,NNG
27874,여행,NNG
27875,코스,NNG
27876,!,SF
27877,!!,SY
27878,이미,MAG
27879,전주,NNG
27880,여행,NNG
27881,을,JKO
27882,마치,VV
27883,고,EC
27884,복귀,NNG
27885,하,XSV
27886,셨,EP+EP
27887,을,ETM
27888,것,NNB
27889,같,VA
27890,네요,EF
27891,저희,NP
27892,도,JX
27893,지난주,NNG
27894,에,JKB
27895,당일,NNG
27896,코스,NNG
27897,로,JKB
27898,전주,NNG
27899,에,JKB
27900,다녀왔,VV+EP
27901,는데요,EF
27902,주말,NNG
27903,이,VCP
27904,라서,EC
27905,그런지,VA+EC
27906,차,NNG
27907,들,XSN
27908,도,JX
27909,많,VA
27910,고,EC
27911,관광지,NNG
27912,에,JKB
27913,는,JX
27914,사람,NNG
27915,들,XSN
27916,도,JX
27917,많,VA
27918,아서,EC
27919,생각,NNG
27920,처럼,JKB
27921,많이,MAG
27922,둘러보,VV
27923,지,EC
27924,못해서,VX+EC
27925,아쉽,VA
27926,더라고요,EC
27927,최소한,NNG
27928,1,SN
27929,박,NNBC
27930,2,SN
27931,일,NNBC
27932,전주,NNP
27933,한옥마을,NNP
27934,당일치기,NNG
27935,여행,NNG
27936,질문,NNG
27937,전주,NNP
27938,여수,NNP
27939,제주도,NNP
27940,맛집,NNG
27941,여행,NNG
27942,전,NNG
27943,주달,NNG
27944,봉,NNG
27945,이,JKS
27946,달,NNG
27947,봉,NNG
27948,티비,NNG
27949,전주,NNG
27950,여행,NNG
27951,코스,NNG
27952,전주,NNG
27953,가,JKS
27954,볼,VV+ETM
27955,만,NNB
27956,한,XSA+ETM
27957,곳,NNG
27958,여수,NNG
27959,여행,NNG
27960,여수,NNG
27961,가,JKS
27962,볼,VV+ETM
27963,만,NNB
27964,한,XSA+ETM
27965,곳,NNB
27966,제주,NNP
27967,도,JX
27968,여행,NNG
27969,제주도,NNP
27970,가,JKS
27971,볼,VV+ETM
27972,만,NNB
27973,한,XSA+ETM
27974,곳,NNG
27975,여행,NNG
27976,전문,NNG
27977,인,VCP+ETM
27978,플,NNG
27979,루,JKB
27980,언서,NNG
27981,전,NNG
27982,주달,NNG
27983,봉이,NNG
27984,입니다,VCP+EC
27985,1,SN
27986,7000,SN
27987,8000,SN
27988,원,NNBC
27989,2,SN
27990,흐노,NNP
27991,니,VCP+EC
27992,마시,VV
27993,랑게,EC
27994,전망,NNG
27995,달,VV
27996,곰,EC
27997,3,SN
27998,전주,NNP
27999,혼자,NNG
28000,2,SN
28001,박,NNBC
28002,3,SN
28003,일,NNBC
28004,여행,NNG
28005,아무래도,MAG
28006,사람,NNG
28007,이,JKS
28008,많,VA
28009,으면,EC
28010,맛집,NNG
28011,같,VA
28012,은,ETM
28013,곳,NNG
28014,에서,JKB
28015,혼자,MAG
28016,못,MAG
28017,먹,VV
28018,을,ETM
28019,것,NNB
28020,같,VA
28021,아서,EC
28022,5,SN
28023,월,NNBC
28024,중순,NNG
28025,은,JX
28026,전주,NNG
28027,여행,NNG
28028,을,JKO
28029,즐기,VV
28030,기,ETN
28031,좋,VA
28032,은,ETM
28033,계절,NNG
28034,입니다,VCP+EF
28035,하지만,MAJ
28036,현재,NNG
28037,는,JX
28038,코로나,NNP
28039,19,SN
28040,로,JKB
28041,인해,VV+EC
28042,여행객,NNG
28043,이,JKS
28044,줄어들,VV
28045,고,EC
28046,있,VX
28047,으므로,EC
28048,사람,NNG
28049,이,JKS
28050,많,VA
28051,지,EC
28052,않,VX
28053,을,ETM
28054,것,NNB
28055,으로,JKB
28056,예상,NNG
28057,됩니다,XSV+EF
28058,전,NP+JX
28059,주,VX
28060,는,ETM
28061,맛집,NNG
28062,이,JKS
28063,전주,NNG
28064,여행,NNG
28065,제,NP
28066,가,JKS
28067,이번,NNG
28068,달,NNG
28069,16,SN
28070,일,NNBC
28071,에,JKB
28072,친구,NNG
28073,3,SN
28074,명,NNBC
28075,하고,JC
28076,전,NP+JX
28077,주로,MAG
28078,여행,NNG
28079,을,JKO
28080,가,VV
28081,는데,EC
28082,궁금,XR
28083,한,XSA+ETM
28084,게,NNB+JKS
28085,많,VA
28086,아서,EC
28087,요,JX
28088,하나하나,MAG
28089,답장,NNG
28090,해,XSV+EC
28091,주,VX
28092,시,EP
28093,면,EC
28094,감사,NNG
28095,하,XSV
28096,겟,EP
28097,습니다,EF
28098,1,SN
28099,여수,NNP
28100,에서,JKB
28101,전주,NNG
28102,KTX,SL
28103,왕복,NNG
28104,기차표,NNG
28105,값,NNG
28106,이,JKS
28107,얼마,NNG
28108,인가요,VCP+EC
28109,2,SN
28110,중,NNG
28111,2,SN
28112,들,XSN
28113,이,JKS
28114,전,MM
28115,주가,NNG
28116,서,JKB
28117,놀,VV+ETM
28118,게,NNB+JKS
28119,뭐,NP
28120,가,JKS
28121,잇,VV
28122,을까요,EC
28123,3,SN
28124,전주,NNG
28125,여행,NNG
28126,갈,VV+ETM
28127,껀,NNB+JX
28128,데,NNB
28129,월요일,NNG
28130,휴무,NNG
28131,가,JKS
28132,많,VA
28133,나요,EF
28134,?,SF
28135,전주,NNG
28136,여행,NNG
28137,전주,NNG
28138,맛집,NNG
28139,국내,NNG
28140,여행,NNG
28141,전,NNG
28142,주달,NNG
28143,봉,NNG
28144,이,JKS
28145,달,NNG
28146,봉,NNG
28147,티비,NNG
28148,전주,NNG
28149,여행,NNG
28150,코스,NNG
28151,전주,NNG
28152,가,JKS
28153,볼,VV+ETM
28154,만,NNB
28155,한,XSA+ETM
28156,곳,NNG
28157,여수,NNG
28158,여행,NNG
28159,여수,NNG
28160,가,JKS
28161,볼,VV+ETM
28162,만,NNB
28163,한,XSA+ETM
28164,곳,NNB
28165,제주,NNP
28166,도,JX
28167,여행,NNG
28168,제주도,NNP
28169,가,JKS
28170,볼,VV+ETM
28171,만,NNB
28172,한,XSA+ETM
28173,곳,NNG
28174,여행,NNG
28175,전문,NNG
28176,인,VCP+ETM
28177,플,NNG
28178,루,JKB
28179,언서,NNG
28180,전,NNG
28181,주달,NNG
28182,봉이,NNG
28183,입니다,VCP+EF
28184,걱정,NNG
28185,안,MAG
28186,하,VV
28187,셔도,EP+EC
28188,되,VV
28189,셔요,EC
28190,대부분,NNG
28191,오픈,NNG
28192,합니다,XSV+EC
28193,내일,MAG
28194,전주,NNG
28195,당일치기,NNG
28196,부모,NNG
28197,님,XSN
28198,과,JC
28199,여행,NNG
28200,을,JKO
28201,전주,NNG
28202,여행,NNG
28203,전주,NNG
28204,맛집,NNG
28205,국내,NNG
28206,여행,NNG
28207,전,NNG
28208,주달,NNG
28209,봉,NNG
28210,이,JKS
28211,달,NNG
28212,봉,NNG
28213,티비,NNG
28214,전주,NNG
28215,여행,NNG
28216,코스,NNG
28217,전주,NNG
28218,가,JKS
28219,볼,VV+ETM
28220,만,NNB
28221,한,XSA+ETM
28222,곳,NNG
28223,여수,NNG
28224,여행,NNG
28225,여수,NNG
28226,가,JKS
28227,볼,VV+ETM
28228,만,NNB
28229,한,XSA+ETM
28230,곳,NNB
28231,제주,NNP
28232,도,JX
28233,여행,NNG
28234,제주도,NNP
28235,가,JKS
28236,볼,VV+ETM
28237,만,NNB
28238,한,XSA+ETM
28239,곳,NNG
28240,여행,NNG
28241,전문,NNG
28242,인,VCP+ETM
28243,플,NNG
28244,루,JKB
28245,언서,NNG
28246,전,NNG
28247,주달,NNG
28248,봉이,NNG
28249,입니다,VCP+EF
28250,바다,NNP
28251,는,JX
28252,군산,NNP
28253,새만금,NNP
28254,돌아보,VV
28255,시,EP
28256,면,EC
28257,전주,NNG
28258,여행,NNG
28259,갈만,NNG
28260,한,XSA+ETM
28261,곳,NNG
28262,(,SSO
28263,숙소,NNG
28264,/,SC
28265,한옥마을,NNP
28266,게스트,NNP
28267,하우스,NNP
28268,),SSC
28269,안녕,NNG
28270,하,XSV
28271,세요,EP+EF
28272,가족,NNG
28273,들,XSN
28274,과,JKB
28275,함께,MAG
28276,전주,NNG
28277,여행,NNG
28278,을,JKO
28279,가,VV
28280,려고,EC
28281,합니다,VX+EF
28282,한옥마을,NNP
28283,로,JKB
28284,유명,XR
28285,한,XSA+ETM
28286,전주,NNG
28287,여행,NNG
28288,을,JKO
28289,꼭,MAG
28290,한번,MAG
28291,해,VV+EC
28292,보,VX
28293,고,EC
28294,싶,VX
28295,어,EC
28296,했었,VX+EP
28297,는데,EC
28298,이번,NNG
28299,을,JKO
28300,기회,NNG
28301,로,JKB
28302,꼭,MAG
28303,다녀와,VV+EC
28304,보,VX
28305,려구요,EC
28306,전라도,NNP
28307,음식,NNG
28308,이,JKS
28309,맛있,VA
28310,다고,EC
28311,전주,NNG
28312,에,JKB
28313,가,VV
28314,면,EC
28315,전라도,NNP
28316,의,JKG
28317,대표,NNG
28318,음식,NNG
28319,도,JX
28320,먹,VV
28321,어,EC
28322,볼,VX+ETM
28323,뿐,NNB
28324,만,JX
28325,아니,VCN
28326,라,EC
28327,맛집,NNG
28328,도,JX
28329,전주,NNG
28330,여행,NNG
28331,코스,NNG
28332,추천,NNG
28333,좀,MAG
28334,전주,NNG
28335,여행,NNG
28336,코스,NNG
28337,추천,NNG
28338,좀,MAG
28339,전주,NNP
28340,여수,NNP
28341,맛집,NNG
28342,전주,NNG
28343,여행,NNG
28344,여수,NNG
28345,여행,NNG
28346,전,NNG
28347,주달,NNG
28348,봉,NNG
28349,이,JKS
28350,달,NNG
28351,봉,NNG
28352,티비,NNG
28353,전주,NNG
28354,여행,NNG
28355,코스,NNG
28356,전주,NNG
28357,가,JKS
28358,볼,VV+ETM
28359,만,NNB
28360,한,XSA+ETM
28361,곳,NNG
28362,여수,NNG
28363,여행,NNG
28364,여수,NNG
28365,가,JKS
28366,볼,VV+ETM
28367,만,NNB
28368,한,XSA+ETM
28369,곳,NNG
28370,여행,NNG
28371,인,VCP+ETM
28372,플,NNG
28373,루,JKB
28374,언서,NNG
28375,전,NNG
28376,주달,NNG
28377,봉이,NNG
28378,입니다,VCP+EF
28379,전주,NNG
28380,여행,NNG
28381,코스,NNG
28382,는,JX
28383,대부분,NNG
28384,한옥,NNG
28385,마을,NNG
28386,에서,JKB
28387,시작,NNG
28388,을,JKO
28389,합니다,VV+EC
28390,전주,NNG
28391,여행,NNG
28392,볼거리,NNG
28393,이번,NNG
28394,주,NNG
28395,전주,NNG
28396,여행,NNG
28397,가,VV
28398,는,ETM
28399,데,NNB
28400,볼,VV+ETM
28401,거리,NNG
28402,맛집,NNG
28403,등,NNB
28404,알려,VV+EC
28405,주,VX
28406,세요,EP+EF
28407,전,MM
28408,주,NNG
28409,에서,JKB
28410,가,VV
28411,볼,EC+VX+ETM
28412,만,NNB
28413,한,XSA+ETM
28414,곳,NNG
28415,들,XSN
28416,추천,NNG
28417,해,XSV+EC
28418,드리,VX
28419,겠,EP
28420,습니다,EF
28421,전주,NNP
28422,한옥마을,NNP
28423,전주,NNP
28424,동물원,NNP
28425,한국도로공사,NNP
28426,수목원,NNG
28427,덕진,NNP
28428,공원,NNG
28429,전주,NNG
28430,난장,NNG
28431,전주,NNG
28432,에,JKB
28433,여행,NNG
28434,가,VV
28435,는,ETM
28436,데,NNB
28437,오,VV
28438,션,EC
28439,뷰,NNP
28440,카페,NNP
28441,추천,NNG
28442,해,XSV+EC
28443,주,VX
28444,세요,EP+EF
28445,.,SF
28446,전주,NNG
28447,여행,NNG
28448,전주,NNG
28449,맛집,NNG
28450,국내,NNG
28451,여행,NNG
28452,전,NNG
28453,주달,NNG
28454,봉,NNG
28455,이,JKS
28456,달,NNG
28457,봉,NNG
28458,티비,NNG
28459,전주,NNG
28460,여행,NNG
28461,코스,NNG
28462,전주,NNG
28463,가,JKS
28464,볼,VV+ETM
28465,만,NNB
28466,한,XSA+ETM
28467,곳,NNG
28468,여수,NNG
28469,여행,NNG
28470,여수,NNG
28471,가,JKS
28472,볼,VV+ETM
28473,만,NNB
28474,한,XSA+ETM
28475,곳,NNB
28476,제주,NNP
28477,도,JX
28478,여행,NNG
28479,제주도,NNP
28480,가,JKS
28481,볼,VV+ETM
28482,만,NNB
28483,한,XSA+ETM
28484,곳,NNG
28485,여행,NNG
28486,전문,NNG
28487,인,VCP+ETM
28488,플,NNG
28489,루,JKB
28490,언서,NNG
28491,전,NNG
28492,주달,NNG
28493,봉이,NNG
28494,입니다,VCP+EF
28495,아쉽,VA
28496,게,EC
28497,도,JX
28498,전,MM
28499,주이,NNG
28500,는,JX
28501,바다,NNG
28502,가,JKS
28503,없,VA
28504,어서,EC
28505,전주,NNP
28506,가족,NNG
28507,여행,NNG
28508,코스,NNG
28509,문,NNG
28510,의,JKG
28511,드려요,VV+EF
28512,!,SF
28513,전주,NNG
28514,여행,NNG
28515,전주,NNG
28516,맛집,NNG
28517,국내,NNG
28518,여행,NNG
28519,전,NNG
28520,주달,NNG
28521,봉,NNG
28522,이,JKS
28523,달,NNG
28524,봉,NNG
28525,티비,NNG
28526,전주,NNG
28527,여행,NNG
28528,코스,NNG
28529,전주,NNG
28530,가,JKS
28531,볼,VV+ETM
28532,만,NNB
28533,한,XSA+ETM
28534,곳,NNG
28535,여수,NNG
28536,여행,NNG
28537,여수,NNG
28538,가,JKS
28539,볼,VV+ETM
28540,만,NNB
28541,한,XSA+ETM
28542,곳,NNB
28543,제주,NNP
28544,도,JX
28545,여행,NNG
28546,제주도,NNP
28547,가,JKS
28548,볼,VV+ETM
28549,만,NNB
28550,한,XSA+ETM
28551,곳,NNG
28552,여행,NNG
28553,전문,NNG
28554,인,VCP+ETM
28555,플,NNG
28556,루,JKB
28557,언서,NNG
28558,전,NNG
28559,주달,NNG
28560,봉이,NNG
28561,입니다,VCP+EF
28562,전주,NNG
28563,여행,NNG
28564,코스,NNG
28565,는,JX
28566,한옥,NNG
28567,마을,NNG
28568,에서부터,JKB
28569,전주,NNG
28570,여행,NNG
28571,코스,NNG
28572,및,MAJ
28573,일정,NNG
28574,추천,NNG
28575,부탁,NNG
28576,드려요,VV+EC
28577,(,SSO
28578,토요일,NNG
28579,하루,NNG
28580,),SSC
28581,일정,NNG
28582,이,JKS
28583,괜찮,VA
28584,은지,EC
28585,수정,NNG
28586,이,JKS
28587,필요,NNG
28588,한,XSA+ETM
28589,부분,NNG
28590,이,JKS
28591,있,VV
28592,는지,EC
28593,인근,NNG
28594,맛집,NNG
28595,등,NNB
28596,은,JX
28597,또,MAG
28598,있,VV
28599,는지,EC
28600,등등,NNB
28601,의견,NNG
28602,부탁,NNG
28603,드립니다,VV+EC
28604,전주,NNG
28605,여행,NNG
28606,전주,NNG
28607,맛집,NNG
28608,국내,NNG
28609,여행,NNG
28610,전,NNG
28611,주달,NNG
28612,봉,NNG
28613,이,JKS
28614,달,NNG
28615,봉,NNG
28616,티비,NNG
28617,전주,NNG
28618,여행,NNG
28619,코스,NNG
28620,전주,NNG
28621,가,JKS
28622,볼,VV+ETM
28623,만,NNB
28624,한,XSA+ETM
28625,곳,NNG
28626,여수,NNG
28627,여행,NNG
28628,여수,NNG
28629,가,JKS
28630,볼,VV+ETM
28631,만,NNB
28632,한,XSA+ETM
28633,곳,NNB
28634,제주,NNP
28635,도,JX
28636,여행,NNG
28637,전주,NNG
28638,여행,NNG
28639,가,VV
28640,려는데,EC
28641,.,SF
28642,.,SY
28643,전주,NNP
28644,한옥,NNG
28645,마을,NNG
28646,근처,NNG
28647,에서,JKB
28648,숙박,NNG
28649,하,XSV
28650,며,EC
28651,여행,NNG
28652,한다면,XSV+EC
28653,어디,NP
28654,어디,NP
28655,가,VV
28656,고,EC
28657,어떤,MM
28658,맛집,NNG
28659,이,JKS
28660,좋,VA
28661,은지,EC
28662,버스,NNG
28663,나,JC
28664,택시,NNG
28665,타,VV
28666,고,EC
28667,조금,MAG
28668,만,JX
28669,나가,VV+EC
28670,도,JX
28671,되,VV
28672,는,ETM
28673,가,VV
28674,볼,EC+VX+ETM
28675,만,NNB
28676,한,XSA+ETM
28677,곳,NNG
28678,이,JKS
28679,어딘지,NP+VCP+EC
28680,등등,NNB
28681,추천,NNG
28682,해,XSV+EC
28683,주,VX
28684,세요,EP+EF
28685,2,SN
28686,그,MM
28687,외,NNB
28688,에,JKB
28689,다른,MM
28690,곳,NNB
28691,어디,NP
28692,전주,NNG
28693,여행,NNG
28694,코스,NNG
28695,아침,NNG
28696,으로,JKB
28697,전주,NNG
28698,현대,NNG
28699,옥,NNG
28700,본점,NNG
28701,가,VV
28702,서,EC
28703,먹,VV
28704,고,EC
28705,점심,NNG
28706,으로,JKB
28707,는,JX
28708,전주,NNP
28709,비빔,NNG
28710,소리,NNG
28711,를,JKO
28712,가,VV
28713,려고,EC
28714,하,VV
28715,는데,EC
28716,현,MM
28717,대옥,NNG
28718,과,JC
28719,비빔,NNG
28720,소리,NNG
28721,중간,NNG
28722,에,JKB
28723,어디,NP
28724,구경,NNG
28725,할,XSV+ETM
28726,곳,NNG
28727,이나,JC
28728,갈만,NNG
28729,한,XSA+ETM
28730,곳,NNB
28731,없,VA
28732,을까요,EC
28733,전주,NNG
28734,여행,NNG
28735,전주,NNG
28736,맛집,NNG
28737,국내,NNG
28738,여행,NNG
28739,전,NNG
28740,주달,NNG
28741,봉,NNG
28742,이,JKS
28743,달,NNG
28744,봉,NNG
28745,티비,NNG
28746,전주,NNG
28747,여행,NNG
28748,코스,NNG
28749,전라도,NNP
28750,전주,NNP
28751,여행,NNG
28752,전주,NNG
28753,에,JKB
28754,여행,NNG
28755,을,JKO
28756,가,VV
28757,려고,EC
28758,하,VV
28759,는데,EC
28760,한,MM
28761,번,NNBC
28762,도,JX
28763,안,MAG
28764,가,VV+EC
28765,봐서,VX+EC
28766,요,JX
28767,1,SN
28768,박,NNBC
28769,2,SN
28770,일,NNBC
28771,이나,JX
28772,2,SN
28773,박,NNBC
28774,3,SN
28775,일,NNBC
28776,있,VA
28777,을,ETM
28778,예정,NNG
28779,인데,VCP+EC
28780,가,VX
28781,볼,EC+VX+ETM
28782,만,NNB
28783,한,XSA+ETM
28784,곳,NNG
28785,추천,NNG
28786,받,VV
28787,아용,EC
28788,체험,NNG
28789,도,JX
28790,좋,VA+ETM
28791,구용,NNG
28792,전주,NNG
28793,에서,JKB
28794,가,VV
28795,볼,EC+VX+ETM
28796,만,NNB
28797,한,XSA+ETM
28798,곳,NNG
28799,들,XSN
28800,추천,NNG
28801,해,XSV+EC
28802,드리,VX
28803,겠,EP
28804,습니다,EF
28805,전주,NNP
28806,한옥마을,NNP
28807,전주,NNG
28808,여행,NNG
28809,참고,NNG
28810,로,JKB
28811,저희,NP
28812,는,JX
28813,뚜벅,MAG
28814,이,JKC
28815,입,VV
28816,니,EC
28817,댜,VV+EF
28818,전주,NNG
28819,여행,NNG
28820,을,JKO
28821,계획,NNG
28822,중,NNB
28823,이,VCP
28824,시,EP
28825,군요,EF
28826,그럼,MAJ
28827,전,MM
28828,주,NNG
28829,에서,JKB
28830,가,VV
28831,볼,EC+VX+ETM
28832,만,NNB
28833,한,XSA+ETM
28834,곳,NNG
28835,들,XSN
28836,추천,NNG
28837,해,XSV+EC
28838,드리,VX
28839,겠,EP
28840,습니다,EF
28841,한국,NNP
28842,도로공사,NNP
28843,수목원,NNG
28844,전주,NNG
28845,동물원,NNP
28846,자만,NNP
28847,마을,NNG
28848,벽화,NNG
28849,갤러리,NNG
28850,국립,NNG
28851,전,MM
28852,주박,NNG
28853,물관,NNG
28854,전주,NNG
28855,여행,NNG
28856,코스,NNG
28857,추천,NNG
28858,전주,NNG
28859,여행,NNG
28860,코스,NNG
28861,추천,NNG
28862,안녕,NNG
28863,하,XSV
28864,세요,EP+EF
28865,전주,NNG
28866,맛집,NNG
28867,전주,NNG
28868,블로그,NNG
28869,전,NNG
28870,주달,NNG
28871,봉이,NNG
28872,입니다,VCP+EF
28873,대부분,NNG
28874,1,SN
28875,박,NNBC
28876,2,SN
28877,일,NNBC
28878,코스,NNG
28879,로,JKB
28880,들,VV+ETM
28881,전주,NNG
28882,를,JKO
28883,놀러오,VV
28884,십니다,EP+EF
28885,한옥마을,NNP
28886,경기전,NNG
28887,남부,NNG
28888,시장,NNG
28889,야,VCP+EF
28890,시장,NNG
28891,벽화,NNG
28892,마을,NNG
28893,전동성당,NNP
28894,향교,NNG
28895,오,NR
28896,목대,NNG
28897,이렇게,MAG
28898,들,XSN
28899,많이,MAG
28900,들,XSN
28901,둘러보,VV
28902,시,EP
28903,고,EC
28904,요,JX
28905,더,MAG
28906,추가,NNG
28907,로,JKB
28908,전주,NNG
28909,여행,NNG
28910,코스,NNG
28911,동선,NNG
28912,좀,MAG
28913,짜,VV+EC
28914,주,VX
28915,세요,EP+EF
28916,숙소,NNG
28917,는,JX
28918,완산구,NNP
28919,서신동,NNP
28920,입니다,VCP+EF
28921,전주,NNG
28922,여행,NNG
28923,전주,NNG
28924,맛집,NNG
28925,국내,NNG
28926,여행,NNG
28927,전,NNG
28928,주달,NNG
28929,봉,NNG
28930,이,JKS
28931,달,NNG
28932,봉,NNG
28933,티비,NNG
28934,전주,NNG
28935,여행,NNG
28936,코스,NNG
28937,전주,NNG
28938,가,JKS
28939,볼,VV+ETM
28940,만,NNB
28941,한,XSA+ETM
28942,곳,NNG
28943,여수,NNG
28944,여행,NNG
28945,여수,NNG
28946,가,JKS
28947,볼,VV+ETM
28948,만,NNB
28949,한,XSA+ETM
28950,곳,NNB
28951,제주,NNP
28952,도,JX
28953,여행,NNG
28954,제주도,NNP
28955,가,JKS
28956,볼,VV+ETM
28957,만,NNB
28958,한,XSA+ETM
28959,곳,NNG
28960,여행,NNG
28961,전문,NNG
28962,인,VCP+ETM
28963,플,NNG
28964,루,JKB
28965,언서,NNG
28966,전,NNG
28967,주달,NNG
28968,봉이,NNG
28969,입니다,VCP+EC
28970,1,SN
28971,한옥마을,NNP
28972,전주,NNG
28973,여행,NNG
28974,!,SY
28975,크리스마스,NNG
28976,에,JKB
28977,단,MM
28978,둘,NR
28979,이,XSN
28980,서,JKS
28981,당일치기,NNG
28982,로,JKB
28983,전주,NNG
28984,여행,NNG
28985,하,XSV
28986,기,ETN
28987,로,JKB
28988,했,VV+EP
28989,습니다,EF
28990,고등학생,NNG
28991,인데요,VCP+EF
28992,어느,MM
28993,정도,NNG
28994,들,VV
28995,고,EC
28996,가,VX
28997,는,ETM
28998,게,NNB+JKS
28999,맞,VV
29000,고,EC
29001,전주,NNG
29002,는,JX
29003,할,VV+ETM
29004,게,NNB+JKS
29005,뭐,IC
29006,뭐,IC
29007,있,VA
29008,을까요,EC
29009,제대로,MAG
29010,답변,NNG
29011,해,XSV+EC
29012,주,VX
29013,세요,EP+EF
29014,대학,NNG
29015,로,JKB
29016,와,JC
29017,투어,NNG
29018,공연,NNG
29019,하,XSV
29020,는,ETM
29021,연극,NNG
29022,추천,NNG
29023,해,XSV+EC
29024,드릴께요,VX+EF
29025,제,NP
29026,가,JKS
29027,전주,NNG
29028,여행,NNG
29029,을,JKO
29030,갔,VV+EP
29031,는데,EC
29032,여,JKV
29033,제,NP
29034,가,JKS
29035,왜,MAG
29036,그런진,VA+EC+JX
29037,모르,VV
29038,겠,EP
29039,지만,EC
29040,그냥,MAG
29041,전라도,NNP
29042,사투리,NNG
29043,듣,VV
29044,기,ETN
29045,싫,VA
29046,더라구요,EF
29047,억양,NNG
29048,이,JKS
29049,쎄,VA
29050,서,EC
29051,그런,MM
29052,감,NNG
29053,좀,MAG
29054,듣,VV
29055,기,ETN
29056,가,JKS
29057,거북,NNG
29058,했,XSV+EP
29059,는데,EC
29060,전주,NNG
29061,여행,NNG
29062,갔었,VV+EP
29063,는데,EC
29064,무슨,MM
29065,일,NNG
29066,인진,VCP+EC+JX
29067,모르,VV
29068,겠,EP
29069,지만,EC
29070,사람,NNG
29071,들,XSN
29072,전라도,NNP
29073,사투리,NNG
29074,1,SN
29075,도,NNBC
29076,안,MAG
29077,쓰,VV
29078,던데요,EC
29079,쫌,MAG
29080,의외,NNG
29081,였,VCP+EP
29082,어요,EF
29083,전라북도,NNP
29084,전주시,NNP
29085,아닌가요,VCN+EC
29086,전주,NNP
29087,1,SN
29088,박,NNBC
29089,2,SN
29090,일,NNBC
29091,여행,NNG
29092,코스,NNG
29093,추천,NNG
29094,및,MAJ
29095,조언,NNG
29096,해,XSV+EC
29097,주,VX
29098,세요,EP+EF
29099,가,VV
29100,고,EC
29101,싶,VX
29102,은,ETM
29103,곳,NNB
29104,전주,NNP
29105,한옥마을,NNP
29106,경기전,NNG
29107,전주,NNG
29108,난장,NNG
29109,전주,NNG
29110,국립,NNG
29111,박물관,NNG
29112,전주,NNP
29113,동물원,NNG
29114,이동,NNG
29115,수단,NNG
29116,자동차,NNG
29117,전주,NNG
29118,여행,NNG
29119,전주,NNG
29120,맛집,NNG
29121,국내,NNG
29122,여행,NNG
29123,전,NNG
29124,주달,NNG
29125,봉,NNG
29126,이,JKS
29127,달,NNG
29128,봉,NNG
29129,티비,NNG
29130,전주,NNG
29131,여행,NNG
29132,코스,NNG
29133,전주,NNG
29134,가,JKS
29135,볼,VV+ETM
29136,만,NNB
29137,한,XSA+ETM
29138,곳,NNG
29139,여수,NNG
29140,여행,NNG
29141,여수,NNG
29142,가,JKS
29143,볼,VV+ETM
29144,만,NNB
29145,한,XSA+ETM
29146,곳,NNB
29147,제주,NNP
29148,도,JX
29149,여행,NNG
29150,뚜벅,MAG
29151,이,MM
29152,여행,NNG
29153,으로,JKB
29154,전주,NNG
29155,가,VV
29156,려는데,EC
29157,한옥,NNG
29158,마을,NNG
29159,근처,NNG
29160,짐,NNG
29161,.,SF
29162,..,SY
29163,이용,NNG
29164,하,XSV
29165,시,EP
29166,면,EC
29167,원,NNG
29168,하,XSV
29169,는,ETM
29170,장소,NNG
29171,에서,JKB
29172,장소,NNG
29173,로,JKB
29174,짐,NNG
29175,운송,NNG
29176,이,JKS
29177,가능,NNG
29178,합니다,XSA+EF
29179,가격,NNG
29180,도,JX
29181,저렴,XR
29182,하,XSA
29183,고,EC
29184,앱,NNG
29185,을,JKO
29186,통해,VV+EC
29187,실시간,NNG
29188,으로,JKB
29189,주문,NNG
29190,및,MAJ
29191,현황,NNG
29192,확인,NNG
29193,까지,JX
29194,가능,NNG
29195,해,XSV+EC
29196,여행,NNG
29197,중,NNB
29198,편리,NNG
29199,하,XSV
29200,게,EC
29201,이용,NNG
29202,이,JKS
29203,가능,NNG
29204,하,XSA
29205,니,EC
29206,전주,NNG
29207,뚜벅,MAG
29208,이,MM
29209,여행,NNG
29210,시,NNB
29211,참고,NNG
29212,해,XSV+EC
29213,보,VX
29214,세요,EP+EF
29215,즐거운,VA+ETM
29216,전주,NNG
29217,여행,NNG
29218,되,XSV
29219,시,EP
29220,길,ETN+JKO
29221,바랄,VV+ETM
29222,게요,NNB+VCP+EC
29223,전주,NNG
29224,여행,NNG
29225,일정,NNG
29226,이번,NNG
29227,에,JKB
29228,전,NP+JX
29229,주로,MAG
29230,여행,NNG
29231,을,JKO
29232,가,VV
29233,는데,EC
29234,소요,NNG
29235,시간,NNG
29236,을,JKO
29237,알,VV
29238,고,EC
29239,싶,VX
29240,어요,EF
29241,한옥마을,NNP
29242,초코파이,NNP
29243,체험,NNG
29244,장,NNG
29245,수목원,NNG
29246,드림,VV+ETM
29247,랜드,NNG
29248,순,NNG
29249,으로,JKB
29250,가,VV
29251,는데,EC
29252,이동,NNG
29253,시간,NNG
29254,이,JKS
29255,얼마나,MAG
29256,걸릴까요,VV+EF
29257,자세,XR
29258,하,XSA
29259,게,EC
29260,부탁,NNG
29261,드릴게요,VV+EC
29262,우선,MAG
29263,전주,NNP
29264,한옥마을,NNP
29265,내,NNB
29266,에,JKB
29267,초코파이,NNP
29268,체험,NNG
29269,장이,XSN
29270,있,VA
29271,으니까요,EC
29272,이걸,NP+JKO
29273,이번,NNG
29274,에,JKB
29275,태교,NNG
29276,여행,NNG
29277,으로,JKB
29278,2,SN
29279,박,NNBC
29280,3,SN
29281,일,NNBC
29282,놀,VV
29283,러,EC
29284,가,VX
29285,려고,EC
29286,하,VV
29287,는데,EC
29288,강아지,NNG
29289,.,SF
29290,..,SY
29291,전주,NNG
29292,여행,NNG
29293,전주,NNG
29294,맛집,NNG
29295,국내,NNG
29296,여행,NNG
29297,전,NNG
29298,주달,NNG
29299,봉,NNG
29300,이,JKS
29301,달,NNG
29302,봉,NNG
29303,티비,NNG
29304,전주,NNG
29305,여행,NNG
29306,코스,NNG
29307,전주,NNG
29308,가,JKS
29309,볼,VV+ETM
29310,만,NNB
29311,한,XSA+ETM
29312,곳,NNG
29313,여수,NNG
29314,여행,NNG
29315,여수,NNG
29316,가,JKS
29317,볼,VV+ETM
29318,만,NNB
29319,한,XSA+ETM
29320,곳,NNB
29321,제주,NNP
29322,도,JX
29323,여행,NNG
29324,제주도,NNP
29325,가,JKS
29326,볼,VV+ETM
29327,만,NNB
29328,한,XSA+ETM
29329,곳,NNG
29330,여행,NNG
29331,전문,NNG
29332,인,VCP+ETM
29333,플,NNG
29334,루,JKB
29335,언서,NNG
29336,전,NNG
29337,주달,NNG
29338,봉이,NNG
29339,입니다,VCP+EF
29340,전주,NNG
29341,여행,NNG
29342,숙소,NNG
29343,잡,VV
29344,기,ETN
29345,가,JKS
29346,힘드,VA
29347,시,EP
29348,다면,EC
29349,바닷가,NNG
29350,가,JKS
29351,전주,NNG
29352,여행,NNG
29353,추천,NNG
29354,해,XSV+EC
29355,주,VX
29356,세요,EP+EF
29357,전주,NNG
29358,여행,NNG
29359,추천,NNG
29360,해,XSV+EC
29361,주,VX
29362,세요,EP+EF
29363,전,MM
29364,주식,NNG
29365,가,VV+EC
29366,맥,NNG
29367,문화,NNG
29368,의,JKG
29369,전일,NNG
29370,슈퍼,NNG
29371,등,NNB
29372,의,JKG
29373,전,MM
29374,주만,NNP
29375,의,JKG
29376,술,NNG
29377,문화,NNG
29378,외,NNB
29379,에,JKB
29380,도,JX
29381,에,IC
29382,피큐어,NNP
29383,평점,NNG
29384,AA,SL
29385,를,JKO
29386,받,VV
29387,은,ETM
29388,전주식,NNP
29389,한정식,NNP
29390,의,JKG
29391,최고봉,NNP
29392,수구,NNP
29393,정,NNP
29394,전라,NNP
29395,회관,NNG
29396,궁,NNG
29397,전주비빔밥,NNG
29398,의,JKG
29399,최고봉,NNG
29400,고궁,NNG
29401,성미,NNG
29402,당,XSN
29403,토종,NNG
29404,명품,NNG
29405,닭,NNG
29406,을,JKO
29407,사용,NNG
29408,한,XSV+ETM
29409,닭,NNG
29410,요,VCP+EC
29411,리의,NNG
29412,1,SN
29413,박,NNBC
29414,2,SN
29415,일,NNBC
29416,전주,NNP
29417,혼자,NNG
29418,여행,NNG
29419,코스,NNG
29420,질문,NNG
29421,하,XSV
29422,신,EP+ETM
29423,전주,NNG
29424,여행,NNG
29425,정보,NNG
29426,정리,NNG
29427,해,XSV+EC
29428,봤,VX+EP
29429,습니다,EF
29430,참고,NNG
29431,해,XSV+EC
29432,주,VX
29433,세요,EP+EF
29434,전,MM
29435,주,NNG
29436,에서,JKB
29437,가,VV
29438,볼,EC+VX+ETM
29439,만,NNB
29440,한,XSA+ETM
29441,곳,NNB
29442,덕진,NNP
29443,공원,NNG
29444,추천,NNP
29445,덕진,NNP
29446,공원,NNG
29447,이,JKS
29448,전주,NNP
29449,터미널,NNG
29450,에서,JKB
29451,가장,MAG
29452,가까운,VA+ETM
29453,곳,NNG
29454,이,VCP
29455,에요,EF
29456,산책,NNG
29457,하,XSV
29458,기,ETN
29459,에,JKB
29460,좋,VA
29461,은,ETM
29462,호수,NNG
29463,공원,NNG
29464,이,VCP
29465,에요,EF
29466,덕진,NNP
29467,공원,NNG
29468,을,JKO
29469,생략,NNG
29470,하,XSV
29471,고,EC
29472,곧바로,MAG
29473,남부,NNG
29474,시장,NNG
29475,과,JC
29476,전주,NNG
29477,여행,NNG
29478,갈려고,VV+EC
29479,하,VV
29480,는데,EC
29481,전주,NNG
29482,여행,NNG
29483,전주,NNG
29484,맛집,NNG
29485,국내,NNG
29486,여행,NNG
29487,전,NNG
29488,주달,NNG
29489,봉,NNG
29490,이,JKS
29491,달,NNG
29492,봉,NNG
29493,티비,NNG
29494,전주,NNG
29495,여행,NNG
29496,코스,NNG
29497,전주,NNG
29498,가,JKS
29499,볼,VV+ETM
29500,만,NNB
29501,한,XSA+ETM
29502,곳,NNG
29503,여수,NNG
29504,여행,NNG
29505,여수,NNG
29506,가,JKS
29507,볼,VV+ETM
29508,만,NNB
29509,한,XSA+ETM
29510,곳,NNB
29511,제주,NNP
29512,도,JX
29513,여행,NNG
29514,제주도,NNP
29515,가,JKS
29516,볼,VV+ETM
29517,만,NNB
29518,한,XSA+ETM
29519,곳,NNG
29520,여행,NNG
29521,전문,NNG
29522,인,VCP+ETM
29523,플,NNG
29524,루,JKB
29525,언서,NNG
29526,전,NNG
29527,주달,NNG
29528,봉이,NNG
29529,입니다,VCP+EF
29530,전주,NNG
29531,여행,NNG
29532,코스,NNG
29533,는,JX
29534,한옥,NNG
29535,마을,NNG
29536,에서부터,JKB
29537,시작,NNG
29538,을,JKO
29539,2,SN
29540,박,NNBC
29541,3,SN
29542,일,NNBC
29543,전주,NNG
29544,여행,NNG
29545,부모,NNG
29546,님,XSN
29547,과,JC
29548,전주,NNG
29549,여행,NNG
29550,가,VV
29551,려고,EC
29552,하,VV
29553,는데,EC
29554,정보,NNG
29555,가,JKS
29556,하나,NR
29557,도,JX
29558,없,VA
29559,어서요,EC
29560,숙소,NNG
29561,는,JX
29562,어디,NP
29563,가,JKS
29564,좋,VA
29565,은지,EC
29566,관광지,NNG
29567,는,JX
29568,어디,NP
29569,가,JKS
29570,있,VA
29571,는지,EC
29572,추천,NNG
29573,부탁,NNG
29574,드려요,VV+EC
29575,전주,NNG
29576,여행,NNG
29577,전주,NNG
29578,맛집,NNG
29579,국내,NNG
29580,여행,NNG
29581,전,NNG
29582,주달,NNG
29583,봉,NNG
29584,이,JKS
29585,달,NNG
29586,봉,NNG
29587,티비,NNG
29588,전주,NNG
29589,여행,NNG
29590,코스,NNG
29591,전주,NNG
29592,가,JKS
29593,볼,VV+ETM
29594,만,NNB
29595,한,XSA+ETM
29596,곳,NNG
29597,여수,NNG
29598,여행,NNG
29599,전주,NNG
29600,여행,NNG
29601,코스,NNG
29602,!,SF
29603,!!,SY
29604,이미,MAG
29605,전주,NNG
29606,여행,NNG
29607,을,JKO
29608,마치,VV
29609,고,EC
29610,복귀,NNG
29611,하,XSV
29612,셨,EP+EP
29613,을,ETM
29614,것,NNB
29615,같,VA
29616,네요,EF
29617,저희,NP
29618,도,JX
29619,지난주,NNG
29620,에,JKB
29621,당일,NNG
29622,코스,NNG
29623,로,JKB
29624,전주,NNG
29625,에,JKB
29626,다녀왔,VV+EP
29627,는데요,EF
29628,주말,NNG
29629,이,VCP
29630,라서,EC
29631,그런지,VA+EC
29632,차,NNG
29633,들,XSN
29634,도,JX
29635,많,VA
29636,고,EC
29637,관광지,NNG
29638,에,JKB
29639,는,JX
29640,사람,NNG
29641,들,XSN
29642,도,JX
29643,많,VA
29644,아서,EC
29645,생각,NNG
29646,처럼,JKB
29647,많이,MAG
29648,둘러보,VV
29649,지,EC
29650,못해서,VX+EC
29651,아쉽,VA
29652,더라고요,EC
29653,최소한,NNG
29654,1,SN
29655,박,NNBC
29656,2,SN
29657,일,NNBC
29658,전주,NNG
29659,당일치기,NNG
29660,여행,NNG
29661,을,JKO
29662,가,VV
29663,려고,EC
29664,하,VV
29665,는데,EC
29666,질문,NNG
29667,이,JKS
29668,있,VA
29669,습니다,EF
29670,전주,NNG
29671,여행,NNG
29672,전주,NNG
29673,맛집,NNG
29674,국내,NNG
29675,여행,NNG
29676,전,NNG
29677,주달,NNG
29678,봉,NNG
29679,이,JKS
29680,달,NNG
29681,봉,NNG
29682,티비,NNG
29683,전주,NNG
29684,여행,NNG
29685,코스,NNG
29686,전주,NNG
29687,가,JKS
29688,볼,VV+ETM
29689,만,NNB
29690,한,XSA+ETM
29691,곳,NNG
29692,여수,NNG
29693,여행,NNG
29694,여수,NNG
29695,가,JKS
29696,볼,VV+ETM
29697,만,NNB
29698,한,XSA+ETM
29699,곳,NNB
29700,제주,NNP
29701,도,JX
29702,여행,NNG
29703,제주도,NNP
29704,가,JKS
29705,볼,VV+ETM
29706,만,NNB
29707,한,XSA+ETM
29708,곳,NNG
29709,여행,NNG
29710,전문,NNG
29711,인,VCP+ETM
29712,플,NNG
29713,루,JKB
29714,언서,NNG
29715,전,NNG
29716,주달,NNG
29717,봉이,NNG
29718,입니다,VCP+EF
29719,기지,NNG
29720,제,XSN
29721,산책,NNG
29722,저녁,NNG
29723,에,JKB
29724,도,JX
29725,많이,MAG
29726,들,XSN
29727,하,VV
29728,셔서,EP+EC
29729,전주,NNP
29730,1,SN
29731,박,NNBC
29732,2,SN
29733,일,NNBC
29734,여행,NNG
29735,가,VV
29736,는데,EC
29737,코스,NNG
29738,추천,NNG
29739,부탁,NNG
29740,드려요,VV+EC
29741,~^^,SY
29742,남자,NNG
29743,친구,NNG
29744,와,JC
29745,생일,NNG
29746,여행,NNG
29747,으로,JKB
29748,전주,NNG
29749,여행,NNG
29750,을,JKO
29751,가,VV
29752,는데,EC
29753,전주,NNG
29754,는,JX
29755,처음,NNG
29756,이,VCP
29757,라,EC
29758,좋,VA
29759,은,ETM
29760,코스,NNG
29761,있,VV
29762,으면,EC
29763,추천,NNG
29764,좀,MAG
29765,부탁드립니다,VV+EC
29766,숙소,NNG
29767,는,JX
29768,전주,NNP
29769,한옥마을,NNP
29770,도보,NNP
29771,10,SN
29772,거리,NNG
29773,에,JKB
29774,잡,VV
29775,았,EP
29776,고,EC
29777,자차,NNG
29778,있,VV
29779,어서,EC
29780,이동은,NNP
29781,문제,NNG
29782,없,VA
29783,습니다,EF
29784,맛집,NNG
29785,도,JX
29786,추천,NNG
29787,부탁,NNG
29788,드려요,VV+EC
29789,안녕,NNG
29790,하,XSV
29791,세요,EP+EF
29792,AI,SL
29793,전주,NNP
29794,한옥,NNG
29795,마을,NNG
29796,에,JKB
29797,남자,NNG
29798,혼자,NNG
29799,여행,NNG
29800,을,JKO
29801,갈,VV+ETM
29802,예정,NNG
29803,입니다,VCP+EF
29804,.,SF
29805,욕조,NNG
29806,는,JX
29807,저,NP
29808,도,JX
29809,굉장히,MAG
29810,무리,NNG
29811,한,XSA+ETM
29812,질문,NNG
29813,인,VCP+ETM
29814,것,NNB
29815,같,VA
29816,지만,EC
29817,혹시나,MAG
29818,해서,VV+EC
29819,전주,NNG
29820,여행,NNG
29821,전주,NNG
29822,맛집,NNG
29823,국내,NNG
29824,여행,NNG
29825,전,NNG
29826,주달,NNG
29827,봉,NNG
29828,이,JKS
29829,달,NNG
29830,봉,NNG
29831,티비,NNG
29832,전주,NNG
29833,여행,NNG
29834,코스,NNG
29835,전주,NNG
29836,가,JKS
29837,볼,VV+ETM
29838,만,NNB
29839,한,XSA+ETM
29840,곳,NNG
29841,여수,NNG
29842,여행,NNG
29843,여수,NNG
29844,가,JKS
29845,볼,VV+ETM
29846,만,NNB
29847,한,XSA+ETM
29848,곳,NNB
29849,제주,NNP
29850,도,JX
29851,여행,NNG
29852,제주도,NNP
29853,가,JKS
29854,볼,VV+ETM
29855,만,NNB
29856,한,XSA+ETM
29857,곳,NNG
29858,여행,NNG
29859,전문,NNG
29860,인,VCP+ETM
29861,플,NNG
29862,루,JKB
29863,언서,NNG
29864,전주,NNG
29865,여행,NNG
29866,가,VV
29867,는데,EC
29868,렌트,NNG
29869,를,JKO
29870,하,VV
29871,는,ETM
29872,게,NNB+JKS
29873,좋,VA
29874,을까,EC
29875,전주,NNG
29876,여행,NNG
29877,가,VV
29878,는데,EC
29879,렌트,NNG
29880,를,JKO
29881,하,VV
29882,는,ETM
29883,게,NNB+JKS
29884,좋,VA
29885,을까요,EC
29886,안녕,NNG
29887,하,XSV
29888,세요,EP+EF
29889,천만,NR
29890,반,NNG
29891,려인,NNG
29892,과,JKB
29893,함께,MAG
29894,하,VV
29895,는,ETM
29896,애견,NNG
29897,동반,NNG
29898,여행,NNG
29899,플랫,NNG
29900,폼,NNG
29901,하트,NNG
29902,독,NNG
29903,입니다,VCP+EF
29904,전주,NNG
29905,는,JX
29906,작,VA
29907,은,ETM
29908,도시,NNG
29909,라서,VCP+EC
29910,택시,NNG
29911,로,JKB
29912,이동,NNG
29913,을,JKO
29914,해도,VV+EC
29915,크,VA
29916,게,EC
29917,불편,NNG
29918,함,XSA+ETN
29919,이,JKS
29920,없,VA
29921,습니다,EF
29922,답변,NNG
29923,이,JKS
29924,도움,NNG
29925,이,JKS
29926,되,VV
29927,셨,EP+EP
29928,다면,EC
29929,채택,NNG
29930,도,JX
29931,부탁드립니다,VV+EC
29932,전주,NNG
29933,여행,NNG
29934,코스,NNG
29935,질문,NNG
29936,드려요,VV+EC
29937,이상,NNG
29938,은,JX
29939,제,NP
29940,가,JKS
29941,전주,NNG
29942,여행,NNG
29943,문의,NNG
29944,하,XSV
29945,는,ETM
29946,분,NNB
29947,들,XSN
29948,께,JKB
29949,통상,NNG
29950,안내,NNG
29951,해,XSV+EC
29952,드리,VX
29953,는,ETM
29954,정보,NNG
29955,입니다,VCP+EF
29956,질문,NNG
29957,하,XSV
29958,신,EP+ETM
29959,분,NNB
29960,께,JKB
29961,간단히,MAG
29962,요약,NNG
29963,해,XSV+EC
29964,드리,VX
29965,면,EC
29966,먼저,MAG
29967,위,NNG
29968,사이트,NNG
29969,들어가,VV
29970,셔서,EP+EC
29971,방,NNG
29972,예약,NNG
29973,하,XSV
29974,시,EP
29975,고,EC
29976,오전,NNG
29977,에,JKB
29978,전주,NNG
29979,여행,NNG
29980,및,MAJ
29981,코스,NNG
29982,질문,NNG
29983,내공,NNG
29984,있,VA
29985,어요,EF
29986,~,SY
29987,100,SN
29988,부산,NNP
29989,에서,JKB
29990,전주,NNG
29991,여행,NNG
29992,을,JKO
29993,가,VV
29994,려고,EC
29995,합니다,VX+EF
29996,자차,NNG
29997,여행,NNG
29998,이,JKC
29999,아닌,VCN+ETM
30000,버스,NNG
30001,위주,NNG
30002,로,JKB
30003,가,VV
30004,려고,EC
30005,합니다,VX+EF
30006,그리고,MAJ
30007,전주,NNG
30008,만,JX
30009,가,VV
30010,는,ETM
30011,것,NNB
30012,이,JKC
30013,아니,VCN
30014,라,EC
30015,전주,NNG
30016,갔,VV+EP
30017,다가,EC
30018,전주,NNP
30019,에서,JKB
30020,가깝,VA
30021,거나,EC
30022,버스,NNG
30023,로,JKB
30024,1,SN
30025,2,SN
30026,시간,NNBC
30027,정도,NNG
30028,갈,VV+ETM
30029,수,NNB
30030,있,VV
30031,는,ETM
30032,다른,MM
30033,지역,NNG
30034,도,JX
30035,여행,NNG
30036,가,VV
30037,고,EC
30038,싶,VX
30039,은데,EC
30040,여행,NNG
30041,많이,MAG
30042,다니,VV
30043,시,EP
30044,는,ETM
30045,분,NNB
30046,들,XSN
30047,전주,NNG
30048,여행,NNG
30049,코스,NNG
30050,추천,NNG
30051,좀,MAG
30052,요,JX
30053,전주,NNP
30054,여행,NNG
30055,코스,NNG
30056,추천,NNG
30057,하,XSV
30058,세염,NNG
30059,전주,NNG
30060,동물원,NNP
30061,걍기전,UNKNOWN
30062,전주,NNP
30063,한옥마을,NNP
30064,덕진,NNP
30065,연못,NNG
30066,으로,JKB
30067,가보세요,NNG
30068,전주,NNG
30069,여행,NNG
30070,코스,NNG
30071,좀,MAG
30072,알려,VV+EC
30073,주,VX
30074,세요,EP+EF
30075,안녕,IC
30076,하,VV
30077,세요,EP+EF
30078,전,NP+JX
30079,주로,MAG
30080,당일치기,NNG
30081,여행,NNG
30082,할,XSV+ETM
30083,껀,NNB+JX
30084,데,NNB
30085,코스,NNG
30086,좀,MAG
30087,짜,VV+EC
30088,주,VX
30089,세요,EP+EF
30090,전주,NNP
30091,동물원,NNG
30092,전주,NNP
30093,한옥마을,NNP
30094,전주,NNP
30095,수목원,NNG
30096,팔복,NNG
30097,예술,NNG
30098,공장,NNG
30099,전주,NNG
30100,드림,VV+ETM
30101,랜드,NNG
30102,당일치기,NNG
30103,로,JKB
30104,갈,VV+ETM
30105,껀,NNB+JX
30106,데,NNB
30107,코스,NNG
30108,좀,MAG
30109,알려,VV+EC
30110,주,VX
30111,세요,EP+EF
30112,자가용,NNG
30113,으로,JKB
30114,이동,NNG
30115,하,XSV
30116,신다면,EP+EC
30117,아래,NNG
30118,와,JKB
30119,같,VA
30120,은,ETM
30121,코스,NNG
30122,가,JKS
30123,시간,NNG
30124,을,JKO
30125,아낄,VV+ETM
30126,수,NNB
30127,1,SN
30128,박,NNBC
30129,2,SN
30130,일,NNBC
30131,전주,NNG
30132,여행,NNG
30133,코스,NNG
30134,질문,NNG
30135,하,XSV
30136,신,EP+ETM
30137,전주,NNG
30138,여행,NNG
30139,코스,NNG
30140,관련,NNG
30141,답변,NNG
30142,드리,VV
30143,겠,EP
30144,습니다,EF
30145,가족,NNG
30146,분,NNB
30147,들,XSN
30148,과,JKB
30149,함께,MAG
30150,하,VV
30151,는,ETM
30152,전주,NNG
30153,여행,NNG
30154,을,JKO
30155,계획,NNG
30156,중,NNB
30157,이,VCP
30158,시,EP
30159,군요,EF
30160,전주,NNG
30161,의,JKG
30162,추천,NNG
30163,명소,NNG
30164,와,JC
30165,맛집,NNG
30166,들,XSN
30167,을,JKO
30168,포함,NNG
30169,해서,XSV+EC
30170,여다,VV+EC
30171,에서,JKB
30172,맞춤,NNG
30173,형,XSN
30174,1,SN
30175,박,NNBC
30176,2,SN
30177,일,NNBC
30178,전주,NNG
30179,여행,NNG
30180,코스,NNG
30181,를,JKO
30182,준비,NNG
30183,했,XSV+EP
30184,어요,EF
30185,아래,NNG
30186,첨부,NNG
30187,된,XSV+ETM
30188,일정,NNG
30189,을,JKO
30190,당일치기,NNG
30191,전주,NNG
30192,여행,NNG
30193,코스,NNG
30194,처음,NNG
30195,으로,JKB
30196,전주,NNG
30197,여행,NNG
30198,을,JKO
30199,가,VV
30200,는,ETM
30201,거,NNB
30202,라서,VCP+EC
30203,아,VV
30204,는,ETM
30205,것,NNB
30206,이,JKS
30207,많이,MAG
30208,없,VA
30209,어요,EF
30210,일단,MAG
30211,전주,NNP
30212,한옥,NNG
30213,마을,NNG
30214,에서,JKB
30215,한복,NNG
30216,을,JKO
30217,빌려서,VV+EC
30218,한옥마을,NNP
30219,전동성당,NNP
30220,이랑,JC
30221,경기전,NNG
30222,그리고,MAJ
30223,자만,NNG
30224,벽화,NNG
30225,마을,NNG
30226,까지,JX
30227,가,VV
30228,기,ETN
30229,로,JKB
30230,정했,VV+EP
30231,는데,EC
30232,또,MAG
30233,다른,MM
30234,놀,VV
30235,러,EC
30236,갈,VX+ETM
30237,곳,NNG
30238,을,JKO
30239,찾,VV
30240,진,EC+JX
30241,못했,VX+EP
30242,어요,EF
30243,전주,NNG
30244,에,JKB
30245,한옥마을,NNP
30246,과,JC
30247,초등,NNG
30248,아이,NNG
30249,랑,JKB
30250,전주,NNG
30251,여행,NNG
30252,코스,NNG
30253,",",SC
30254,맛집,NNG
30255,추천,NNG
30256,부탁,NNG
30257,합니다,XSV+EF
30258,아이,NNG
30259,와,JC
30260,전주,NNG
30261,여행,NNG
30262,을,JKO
30263,계획,NNG
30264,하,XSV
30265,고,EC
30266,계시,VX
30267,군요,EF
30268,전,MM
30269,주,NNG
30270,에서,JKB
30271,아이,NNG
30272,와,JKB
30273,함께,MAG
30274,가,VV
30275,볼,EC+VX+ETM
30276,만,NNB
30277,한,XSA+ETM
30278,곳,NNG
30279,몇,MM
30280,군데,NNBC
30281,를,JKO
30282,추천,NNG
30283,드려,VV+EC
30284,보,VX
30285,도록,EC
30286,하,VX
30287,겠,EP
30288,습니다,EF
30289,1,SN
30290,전주,NNP
30291,한옥마을,NNP
30292,이미,MAG
30293,계획,NNG
30294,에,JKB
30295,넣,VV
30296,어,EC
30297,두,VX
30298,신,EP+ETM
30299,장소,NNG
30300,인,VCP+ETM
30301,전주,NNP
30302,한옥마을,NNP
30303,이,VCP
30304,예요,EC
30305,한복,NNG
30306,도,JX
30307,입,VV
30308,고,EC
30309,한옥마을,NNP
30310,을,JKO
30311,거닐,VV
30312,며,EC
30313,사진,NNG
30314,도,JX
30315,(,SSO
30316,급,NNG
30317,합니다,XSV+EF
30318,ㅠㅠ,UNKNOWN
30319,),SSC
30320,전주,NNG
30321,여행,NNG
30322,코스,NNG
30323,전주,NNG
30324,여행,NNG
30325,코스,NNG
30326,추천,NNG
30327,드립니다,VV+EF
30328,안녕,IC
30329,하,VV
30330,세요,EP+EF
30331,여행,NNG
30332,전문,NNG
30333,블로거,NNP
30334,쭈니,NNP
30335,아빠,NNG
30336,입니다,VCP+EF
30337,방학,NNG
30338,을,JKO
30339,맞,VV
30340,아서,EC
30341,친구,NNG
30342,분,NNB
30343,들,XSN
30344,과,JC
30345,전주,NNG
30346,여행,NNG
30347,을,JKO
30348,준비,NNG
30349,하,XSV
30350,고,EC
30351,계시,VX
30352,네요,EF
30353,전,NP+JX
30354,주,VX
30355,는,ETM
30356,한옥마을,NNP
30357,을,JKO
30358,중심,NNG
30359,으로,JKB
30360,가,VV
30361,볼,EC+VX+ETM
30362,만,NNB
30363,한,XSA+ETM
30364,곳,NNG
30365,이,JKS
30366,많,VA
30367,죠,EF
30368,터미널,NNG
30369,에서,JKB
30370,버스,NNG
30371,를,JKO
30372,타,VV
30373,고,EC
30374,한옥,NNG
30375,마을,NNG
30376,에,JKB
30377,전주,NNG
30378,여행,NNG
30379,순서,NNG
30380,좀,MAG
30381,알려,VV+EC
30382,주,VX
30383,세요,EP+EF
30384,~,SY
30385,전주,NNG
30386,여행,NNG
30387,을,JKO
30388,하,VV
30389,려고,EC
30390,하,VV
30391,는데요,EC
30392,덕진,NNP
30393,공원,NNG
30394,전주,NNP
30395,동물원,NNG
30396,한옥,NNG
30397,마을,NNG
30398,남부,NNG
30399,시장,NNG
30400,을,JKO
30401,가,VV
30402,려고,EC
30403,합니다,VX+EF
30404,전주,NNG
30405,시외버스,NNG
30406,공용,NNG
30407,터미널,NNG
30408,에서,JKB
30409,가까운,VA+ETM
30410,순서,NNG
30411,가,JKS
30412,어떻게,MAG
30413,될까요,VV+EF
30414,그리고,MAJ
30415,근처,NNG
30416,에,JKB
30417,가까운,VA+ETM
30418,바닷가,NNG
30419,는,JX
30420,어디,NP
30421,인가요,VCP+EC
30422,또,MAG
30423,이,MM
30424,외,NNB
30425,에,JKB
30426,구경,NNG
30427,할,XSV+ETM
30428,좋,VA
30429,은,ETM
30430,곳,NNG
30431,도,JX
30432,전주,NNG
30433,여행,NNG
30434,비용,NNG
30435,안녕,NNG
30436,하,XSV
30437,세요,EP+EF
30438,전,NP+JX
30439,주로,MAG
30440,여행,NNG
30441,가,VV
30442,려는,ETM
30443,학생,NNG
30444,입니다,VCP+EF
30445,수원,NNP
30446,살,VV
30447,고,EC
30448,있,VX
30449,고요,EC
30450,2,SN
30451,박,NNBC
30452,3,SN
30453,일,NNBC
30454,3,SN
30455,박,NNBC
30456,으로,JKB
30457,3,SN
30458,4,SN
30459,명,NNBC
30460,이,XSN
30461,서,JKS
30462,가려,VV+EC
30463,하,VV
30464,는데,EC
30465,비용,NNG
30466,이,JKS
30467,어느,MM
30468,정도,NNG
30469,나올까요,VV+EF
30470,수원,NNP
30471,에서,JKB
30472,전주,NNP
30473,까지,JX
30474,는,JX
30475,자가용,NNG
30476,으로,JKB
30477,도,JX
30478,2,SN
30479,시간,NNBC
30480,정도,NNG
30481,걸리,VV
30482,는,ETM
30483,코스,NNG
30484,인데요,VCP+EF
30485,대중교통,NNG
30486,으로,JKB
30487,간다,VV+EC
30488,라면,NNG
30489,조금,MAG
30490,더,MAG
30491,전주,NNG
30492,여행,NNG
30493,음식점,NNG
30494,25,SN
30495,일,NNBC
30496,날,NNG
30497,전주,NNG
30498,여행,NNG
30499,을,JKO
30500,가,VV
30501,는데,EC
30502,전주,NNP
30503,동물원,NNP
30504,이랑,JC
30505,레일바이크,NNP
30506,아중,NNG
30507,저,MM
30508,수지,NNG
30509,오,NR
30510,목대,NNG
30511,주변,NNG
30512,에,JKB
30513,맛집,NNG
30514,이나,JC
30515,음식,NNG
30516,먹,VV
30517,을,ETM
30518,만,NNB
30519,한,XSA+ETM
30520,거,NNB
30521,있,VA
30522,으면,EC
30523,추천,NNG
30524,해,XSV+EC
30525,주,VX
30526,세여,EP+EF
30527,내공,NNP
30528,100,SN
30529,드려,VV+EC
30530,여,NNG
30531,추가,NNG
30532,로,JKB
30533,터미널,NNG
30534,쪽,NNB
30535,에,JKB
30536,도,JX
30537,알려,VV+EC
30538,주,VX
30539,시,EP
30540,면,EC
30541,고맙,VA
30542,습니다,EF
30543,답변,NNG
30544,한옥,NNG
30545,마을,NNG
30546,에,JKB
30547,에루화,IC
30548,떡갈비,NNG
30549,전주,NNP
30550,1,SN
30551,박,NNBC
30552,2,SN
30553,일,NNBC
30554,차,NNG
30555,없이,MAG
30556,여행,NNG
30557,가,VV
30558,려고,EC
30559,해요,VX+EF
30560,답변,NNG
30561,미리,MAG
30562,감사,NNG
30563,해요,XSV+EF
30564,전주,NNG
30565,여행,NNG
30566,전주,NNG
30567,맛집,NNG
30568,국내,NNG
30569,여행,NNG
30570,전,NNG
30571,주달,NNG
30572,봉,NNG
30573,이,JKS
30574,달,NNG
30575,봉,NNG
30576,티비,NNG
30577,전주,NNG
30578,여행,NNG
30579,코스,NNG
30580,전주,NNG
30581,가,JKS
30582,볼,VV+ETM
30583,만,NNB
30584,한,XSA+ETM
30585,곳,NNG
30586,여수,NNG
30587,여행,NNG
30588,여수,NNG
30589,가,JKS
30590,볼,VV+ETM
30591,만,NNB
30592,한,XSA+ETM
30593,곳,NNB
30594,제주,NNP
30595,도,JX
30596,여행,NNG
30597,제주도,NNP
30598,가,JKS
30599,볼,VV+ETM
30600,만,NNB
30601,한,XSA+ETM
30602,곳,NNG
30603,여행,NNG
30604,전문,NNG
30605,인,VCP+ETM
30606,플,NNG
30607,루,JKB
30608,언서,NNG
30609,전,NNG
30610,주달,NNG
30611,봉이,NNG
30612,입니다,VCP+EF
30613,전주,NNP
30614,한옥,NNG
30615,마을,NNG
30616,에,JKB
30617,모주,NNG
30618,체험,NNG
30619,전주,NNG
30620,여행,NNG
30621,가려,VV+EC
30622,합니다,VX+EF
30623,~,SY
30624,금요일,NNG
30625,저녁,NNG
30626,에서,JKB
30627,토요일,NNG
30628,까지,JX
30629,1,SN
30630,박,NNBC
30631,2,SN
30632,일,NNBC
30633,로,JKB
30634,전주,NNG
30635,여행,NNG
30636,을,JKO
30637,가,VV
30638,려고,EC
30639,합니다,VX+EC
30640,1,SN
30641,한옥,NNG
30642,마을,NNG
30643,에서,JKB
30644,터미널,NNG
30645,역,NNG
30646,둘,NR
30647,중,NNB
30648,에,JKB
30649,어느,MM
30650,쪽,NNB
30651,이,JKS
30652,더,MAG
30653,가까운,VA+ETM
30654,가요,NNG
30655,2,SN
30656,시외버스,NNG
30657,터미널,NNG
30658,과,JC
30659,역,NNG
30660,은,JX
30661,얼마나,MAG
30662,먼,VA+ETM
30663,가요,NNG
30664,3,SN
30665,한옥,NNG
30666,마을,NNG
30667,근처,NNG
30668,찜질방,NNG
30669,에서,JKB
30670,묵,VV
30671,을,ETM
30672,계획,NNG
30673,인데,VCP+EC
30674,어떤,MM
30675,곳,NNB
30676,이,JKS
