,words,tag
0,추석,NNG
1,에,JKB
2,경주,NNP
3,여행,NNG
4,추석,NNG
5,에,JKB
6,경주,NNP
7,여행,NNG
8,가,VV
9,는,ETM
10,거,NNB
11,어떻,VA
12,게,EC
13,생각,NNG
14,하,XSV
15,시,EP
16,나요,EF
17,서울,NNP
18,에서,JKB
19,버스,NNG
20,를,JKO
21,타,VV
22,고,EC
23,갈,VX+ETM
24,경우,NNG
25,버스,NNG
26,가,JKS
27,버스,NNG
28,전용,NNG
29,차선,NNG
30,에서,JKB
31,운행,NNG
32,하,XSV
33,나요,EC
34,질문,NNG
35,하,XSV
36,신,EP+ETM
37,추석,NNG
38,경주,NNP
39,여행,NNG
40,관련,NNG
41,답변,NNG
42,드리,VV
43,도록,EC
44,하,VX
45,겠,EP
46,습니다,EF
47,첨성대,NNG
48,석굴암,NNG
49,불국사,NNG
50,등,NNB
51,유적지,NNG
52,는,JX
53,연중무휴,NNG
54,로,JKB
55,1,SN
56,박,NNBC
57,2,SN
58,일,NNBC
59,경주,NNP
60,여행,NNG
61,일정,NNG
62,짜,VV+EC
63,주,VX
64,세요,EP+EF
65,1,SN
66,박,NNBC
67,2,SN
68,일,NNBC
69,경주,NNP
70,여행,NNG
71,일정,NNG
72,짜,VV+EC
73,주,VX
74,세요,EP+EC
75,질,VX+ETM
76,문자,NNG
77,님,XSN
78,경주,NNP
79,에서,JKB
80,의,JKG
81,1,SN
82,박,NNBC
83,2,SN
84,일,NNBC
85,여행,NNG
86,을,JKO
87,계획,NNG
88,중,NNB
89,이,VCP
90,시,EP
91,군요,EF
92,특히,MAG
93,소록,NNG
94,스테이,NNG
95,에서,NNG
96,의,JKG
97,아래,NNG
98,에,JKB
99,경주,NNP
100,여행,NNG
101,일정,NNG
102,을,JKO
103,간략히,MAG
104,정리,NNG
105,해,XSV+EC
106,드릴게요,VX+EC
107,1,SN
108,박,NNBC
109,2,SN
110,일,NNBC
111,경주,NNP
112,여행,NNG
113,일정,NNG
114,Day,SL
115,1,SN
116,감성,NNG
117,가득,MAG
118,한,XSA+ETM
119,경주,NNP
120,탐방,MAG
121,10,SN
122,30,SN
123,어머니,NNG
124,랑,JKB
125,1,SN
126,박,NNBC
127,2,SN
128,일,NNBC
129,경주,NNP
130,여행,NNG
131,이제,MAG
132,5,SN
133,월,NNBC
134,달,NNG
135,어버이날,NNP
136,을,JKO
137,위해,VV+EC
138,어머니,NNG
139,랑,JC
140,경주,NNP
141,여행,NNG
142,을,JKO
143,할려고,VV+EC
144,합니다,VX+EF
145,놀,VV
146,러,EC
147,갈,VX+ETM
148,데,NNB
149,는,JX
150,다,MAG
151,정했,VV+EP
152,는데,EC
153,펜션,NNG
154,을,JKO
155,안녕,NNG
156,하,XSV
157,세요,EP+EF
158,어버이날,NNP
159,을,JKO
160,맞,VV
161,아,EC
162,어머니,NNG
163,와,JKB
164,함께,MAG
165,경주,NNP
166,여행,NNG
167,을,JKO
168,계획,NNG
169,중,NNB
170,이,VCP
171,시,EP
172,군요,EF
173,특별,NNG
174,한,XSA+ETM
175,시간,NNG
176,을,JKO
177,보내,VV
178,시,EP
179,려는,ETM
180,마음,NNG
181,이,JKS
182,느껴져서,VV+EC+VX+EC
183,더욱,MAG
184,경주,NNP
185,여행,NNG
186,5,SN
187,월,NNBC
188,6,SN
189,7,SN
190,8,SN
191,일,NNBC
192,경주,NNP
193,여행,NNG
194,을,JKO
195,가,VV
196,는데요,EC
197,동궁,NNG
198,과,JC
199,월지,NNG
200,와,JC
201,월,NNG
202,정교,NNG
203,야경,NNG
204,을,JKO
205,보,VV
206,고,EC
207,싶,VX
208,은데,EC
209,7,SN
210,일,NNBC
211,에,JKB
212,정상,NNG
213,운영,NNG
214,되,VV
215,나요,EC
216,휴무일,NNG
217,이,JKS
218,따로,MAG
219,없,VA
220,어서,EC
221,관람,NNG
222,에,JKB
223,방해,NNG
224,가,JKS
225,될,VV+ETM
226,정도,NNG
227,로,JKB
228,날씨,NNG
229,가,JKS
230,나쁜,VA+ETM
231,상황,NNG
232,이,JKS
233,생겨서,VV+EC
234,통제,NNG
235,를,JKO
236,하,VV
237,는,ETM
238,경우,NNG
239,가,JKC
240,아니,VCN
241,라면,EC
242,관람,NNG
243,이,JKS
244,가능,NNG
245,하,XSA
246,겠,EP
247,습니다,EF
248,경주,NNP
249,여행,NNG
250,30,SN
251,만,NR
252,원,NNBC
253,경주,NNG
254,여행,NNG
255,2,SN
256,박,NNBC
257,3,SN
258,일,NNBC
259,남자,NNG
260,친구,NNG
261,랑,JKB
262,가,VV
263,는데,EC
264,숙소,NNG
265,랑,JKB
266,ktx,SL
267,비,NNG
268,는,JX
269,다,MAG
270,냈,VV+EP
271,고,EC
272,제,NP+JKG
273,개인,NNG
274,적,XSN
275,으로,JKB
276,30,SN
277,만,NR
278,원,NNBC
279,이,VCP
280,면,EC
281,부족,NNG
282,할까요,XSV+EC
283,30,SN
284,만,NR
285,원,NNBC
286,으로,JKB
287,경주,NNP
288,여행,NNG
289,을,JKO
290,계획,NNG
291,하,XSV
292,고,EC
293,계신다면,VX+EC
294,예산,NNG
295,이,JKS
296,어떻게,MAG
297,집행,NNG
298,되,XSV
299,느냐,EC
300,에,JKB
301,따라,VV+EC
302,충분,XR
303,할,XSA+ETM
304,수,NNB
305,도,JX
306,부족,NNG
307,할,XSV+ETM
308,수,NNB
309,도,JX
310,있,VA
311,습니다,EF
312,경주,NNP
313,여행,NNG
314,맛집,NNG
315,경주,NNP
316,여행,NNG
317,가,VV
318,고,EC
319,싶,VX
320,은데,EC
321,맛집,NNG
322,추천,NNG
323,부탁,NNG
324,드,VV
325,려뇨,EC
326,경주,NNP
327,여행,NNG
328,가이드,NNG
329,교통편,NNG
330,맛집,NNG
331,볼거리,NNG
332,까지,JX
333,모두,MAG
334,알려,VV+EC
335,줄,VX+ETM
336,게,NNB+JKS
337,요,JX
338,경주,NNP
339,는,JX
340,한국,NNP
341,의,JKG
342,역사,NNG
343,와,JC
344,문화,NNG
345,가,JKS
346,살,VV
347,아,EC
348,숨,NNG
349,쉬,VV
350,는,ETM
351,도시,NNG
352,로,JKB
353,여행,NNG
354,하,XSV
355,기,ETN
356,좋,VA
357,은,ETM
358,명소,NNG
359,가,JKS
360,많,VA
361,아요,EC
362,2025,SN
363,년,NNBC
364,봄,NNG
365,경주,NNP
366,로,JKB
367,떠나,VV
368,고,EC
369,경주,NNP
370,여행,NNG
371,을,JKO
372,가,VV
373,는,ETM
374,데,NNB
375,갈,VV+ETM
376,만,NNB
377,한,XSA+ETM
378,곳,NNG
379,추천,NNG
380,좀,MAG
381,경주,NNP
382,여행,NNG
383,을,JKO
384,가,VV
385,는,ETM
386,데,NNB
387,갈,VV+ETM
388,만,NNB
389,한,XSA+ETM
390,곳,NNG
391,추천,NNG
392,좀,MAG
393,해,VV+EC
394,주,VX
395,세요,EP+EF
396,경주,NNP
397,여행,NNG
398,추천,NNG
399,지,NNG
400,입니다,VCP+EF
401,경주,NNP
402,월드,NNG
403,국립,NNG
404,경주,NNP
405,박물관,NNG
406,황리,NNG
407,단,MM
408,길,NNG
409,첨성대,NNG
410,불국사,NNP
411,엑스포,NNG
412,공원,NNG
413,등등,NNB
414,입니다,VCP+EC
415,2,SN
416,월,NNBC
417,1,SN
418,~,SY
419,2,SN
420,일,NNBC
421,경주,NNP
422,여행,NNG
423,날씨,NNG
424,2,SN
425,월,NNBC
426,1,SN
427,2,SN
428,일,NNBC
429,로,JKB
430,경주,NNP
431,여행,NNG
432,가,VV
433,는데,EC
434,현재,MAG
435,날씨,NNG
436,가,JKS
437,어떤,MM
438,가요,NNG
439,눈,NNG
440,쌓였,VV+EP
441,나요,EF
442,시외버스,NNG
443,타,VV
444,고,EC
445,가,VX
446,는데,EC
447,빙판길,NNG
448,일까봐,VCP+EC+VX+EC
449,불안,NNG
450,해요,XSA+EF
451,경주,NNP
452,는,JX
453,눈,NNG
454,그렇게,MAG
455,많이,MAG
456,오,VV
457,지,EC
458,않,VX
459,고,EC
460,날씨,NNG
461,도,JX
462,많이,MAG
463,춥,VA
464,지,EC
465,는,JX
466,않,VX
467,아요,EF
468,주말,NNG
469,에,JKB
470,춥,VA
471,다고,EC
472,는,JX
473,해도,VV+EC
474,그때,NNG
475,예보,NNG
476,를,JKO
477,보,VV
478,는,ETM
479,게,NNB+JKS
480,좋,VA
481,겠,EP
482,죠,EF
483,경주,NNP
484,여행,NNG
485,중,NNB
486,놓치,VV
487,지,EC
488,말,VX
489,아야,EC
490,할,VX+ETM
491,맛집,NNG
492,과,JC
493,카페,NNG
494,알려,VV+EC
495,주,VX
496,세요,EP+EF
497,경주,NNP
498,여행,NNG
499,을,JKO
500,계획,NNG
501,중,NNB
502,이,VCP
503,며,EC
504,맛집,NNG
505,과,JC
506,카페,NNG
507,에서,JKB
508,특별,NNG
509,한,XSA+ETM
510,경험,NNG
511,을,JKO
512,하,VV
513,고,EC
514,싶,VX
515,습니다,EF
516,예,NNG
517,를,JKO
518,들,VV
519,어,EC
520,독특,XR
521,한,XSA+ETM
522,메뉴,NNG
523,나,JC
524,특별,NNG
525,한,XSA+ETM
526,뷰,NNP
527,를,JKO
528,제공,NNG
529,하,XSV
530,는,ETM
531,곳,NNB
532,혹은,MAJ
533,전통,NNG
534,적,XSN
535,인,VCP+ETM
536,분위기,NNG
537,와,JC
538,현대,NNG
539,적,XSN
540,인,VCP+ETM
541,요소,NNG
542,가,JKS
543,조화,NNG
544,를,JKO
545,이루,VV
546,는,ETM
547,장소,NNG
548,에,JKB
549,대해,VV+EC
550,알,VV
551,고,EC
552,싶,VX
553,습니다,EF
554,경주,NNP
555,에,JKB
556,가,VV
557,면,EC
558,황남빵,NNP
559,과,JC
560,2,SN
561,박,NNBC
562,3,SN
563,일,NNBC
564,경주,NNP
565,여행,NNG
566,일정,NNG
567,을,JKO
568,어떻게,MAG
569,짜,VV
570,야,EC
571,할지,VX+EC
572,고민,NNG
573,입니다,VCP+EF
574,.,SF
575,2,SN
576,박,NNBC
577,3,SN
578,일,NNBC
579,경주,NNP
580,여행,NNG
581,아빠,NNG
582,엄마,NNG
583,중,NNB
584,1,SN
585,아들,NNG
586,초,NNB
587,2,SN
588,딸,NNG
589,1,SN
590,일,NNBC
591,차,NNG
592,ktx,SL
593,타,VV
594,고,EC
595,경주,NNP
596,역하,NNG
597,차,NNG
598,11,SN
599,시,NNBC
600,숙소,NNG
601,는,JX
602,황리,NNG
603,단,MM
604,길,NNG
605,황남,NNG
606,고택,NNG
607,2,SN
608,일,NNBC
609,차,NNG
610,제,NP
611,가,JKS
612,드린,VV+ETM
613,답변,NNG
614,이,JKS
615,도움,NNG
616,되,XSV
617,셨,EP+EP
618,길,ETN+JKO
619,바래요,VV+EF
620,말씀,NNG
621,하,XSV
622,신,EP+ETM
623,질문,NNG
624,2,SN
625,박,NNBC
626,3,SN
627,일,NNBC
628,경주,NNP
629,여행,NNG
630,아빠,NNG
631,엄마,NNG
632,중,NNB
633,1,SN
634,아들,NNG
635,초,NNB
636,2,SN
637,딸,NNG
638,1,SN
639,일,NNBC
640,차,NNG
641,ktx,SL
642,타,VV
643,고,EC
644,경주,NNP
645,여행,NNG
646,경주,NNG
647,여행,NNG
648,은,JX
649,아래,NNG
650,를,JKO
651,참조,NNG
652,하,XSV
653,시,EP
654,면,EC
655,더,MAG
656,도움,NNG
657,될,XSV+ETM
658,거,NNB
659,에요,VCP+EF
660,https,SL
661,valina,SL
662,8342,SN
663,tistory,SL
664,com,SL
665,entry,SL
666,EC,SL
667,B,SL
668,2,SN
669,9,SN
670,C,SL
671,EB,SL
672,85,SN
673,84,SN
674,EC,SL
675,9,SN
676,D,SL
677,98,SN
678,EC,SL
679,97,SN
680,AD,SL
681,EC,SL
682,82,SN
683,AC,SL
684,EC,SL
685,99,SN
686,80,SN
687,EA,SL
688,B,SL
689,0,SN
690,90,SN
691,EC,SL
692,84,SN
693,B,SL
694,1,SN
695,EC,SL
696,97,SN
697,AC,SL
698,ED,SL
699,96,SN
700,89,SN
701,EA,SL
702,B,SL
703,2,SN
704,BD,SL
705,EC,SL
706,A,SL
707,3,SN
708,BC,SL
709,ED,SL
710,95,SN
711,84,SN
712,EC,SL
713,88,SN
714,98,SN
715,EC,SL
716,BD,SL
717,94,SN
718,EC,SL
719,8,SN
720,A,SL
721,A,SL
722,4,SN
723,EC,SL
724,경주,NNP
725,여행,NNG
726,질문,NNG
727,경주,NNG
728,여행,NNG
729,코스,NNG
730,짜,VV+EC
731,봤,VX+EP
732,는데요,EF
733,이렇게,MAG
734,가,VV
735,도,EC
736,되,VV
737,나요,EF
738,그리고,MAJ
739,2,SN
740,일,NNBC
741,차,NNG
742,에,JKB
743,경주,NNP
744,시내,NNG
745,권,XSN
746,숙소,NNG
747,인데,VCP+EC
748,첨성대,NNG
749,코스,NNG
750,와,JC
751,황리,NNG
752,단,MM
753,길,NNG
754,은,JX
755,도보이,NNP
756,동,NNG
757,가능,NNG
758,한,XSA+ETM
759,가요,NNG
760,아니,VCN
761,면,EC
762,차,NNG
763,타,VV
764,고,EC
765,가,VX
766,야,EF
767,하나,NR
768,요,VCP+EC
769,1,SN
770,일,NNBC
771,차,NNG
772,불국사,NNG
773,권,XSN
774,숙소,NNG
775,1,SN
776,불국사,NNG
777,2,SN
778,석굴암,NNG
779,바람,NNG
780,의,JKG
781,언덕,NNG
782,3,SN
783,숙소,NNG
784,체크인,NNG
785,4,SN
786,경주,NNP
787,여행,NNG
788,2,SN
789,월,NNBC
790,에,JKB
791,2,SN
792,박,NNBC
793,3,SN
794,일,NNBC
795,로,JKB
796,경주,NNP
797,여행,NNG
798,가,VV
799,려고,EC
800,하,VV
801,는데,EC
802,펜션,NNG
803,이나,JC
804,호텔,NNG
805,예약,NNG
806,은,JX
807,몇,MM
808,달,NNBC
809,전,NNG
810,부터,JX
811,하,VV
812,는,ETM
813,게,NNB+JKS
814,좋,VA
815,을까요,EC
816,1,SN
817,달,NNBC
818,전,NNG
819,이,JKS
820,제일,MAG
821,좋,VA
822,습니다,EF
823,만,JX
824,가,VV
825,는,ETM
826,날짜,NNG
827,들,XSN
828,이,JKS
829,성수기,NNG
830,라면,VCP+EC
831,2,SN
832,달,NNBC
833,전,NNG
834,에,JKB
835,하,VV
836,는,ETM
837,게,NNB+JKS
838,좋,VA
839,겠,EP
840,죠,EF
841,경주,NNP
842,여행,NNG
843,당일치기,NNG
844,질문,NNG
845,이,VCP
846,요,EC
847,뚜,MAG
848,버,VV
849,기,ETN
850,인데,VCP+EC
851,1,SN
852,박,NNBC
853,할지,VV+EC
854,당일,NNG
855,치,VV
856,기,ETN
857,로,JKB
858,갔,VV+EP
859,다,EC
860,올지,VX+EC
861,모르,VV
862,겠,EP
863,는데,EC
864,우선,MAG
865,당일,NNG
866,로,JKB
867,갈,VV+ETM
868,거,NNB
869,같,VA
870,아요,EF
871,오전,NNG
872,11,SN
873,시,NNBC
874,쯤,NNB
875,경주,NNP
876,터미널,NNG
877,도착,NNG
878,오후,NNG
879,9,SN
880,시,NNBC
881,경주,NNP
882,터미널,NNG
883,에서,JKB
884,집,NNG
885,가,VV
886,는,ETM
887,버스,NNG
888,11,SN
889,시,NNBC
890,경주,NNP
891,버스,NNG
892,터미널,NNG
893,에,JKB
894,도착,NNG
895,한다고,XSV+EC
896,치,VV
897,면,EC
898,황리,NNG
899,단,MM
900,길,NNG
901,대릉원,NNG
902,첨성대,NNG
903,월,NNG
904,정교,NNG
905,동궁,NNG
906,과,JC
907,월지,NNG
908,경주,NNP
909,여행,NNG
910,가,VV
911,볼까,EC+VX+EC
912,하,VX
913,는데요,EF
914,?,SF
915,다른,MM
916,곳,NNG
917,은,JX
918,특별히,MAG
919,안,MAG
920,가,VV
921,고,EC
922,경주,NNP
923,만,JX
924,보,VV
925,려고요,EC
926,저,NP
927,도,JX
928,경주,NNP
929,여행,NNG
930,준비,NNG
931,하,XSV
932,면서,EC
933,진짜,MAG
934,헤맸,VV+EP
935,는데요,EF
936,시티투어,NNP
937,탈까,VV+EC
938,그냥,MAG
939,블로그,NNG
940,한,MM
941,번,NNBC
942,보,VV
943,고,EC
944,시작,NNG
945,해,XSV+EC
946,보,VX
947,세요,EP+EF
948,경주,NNP
949,여행,NNG
950,헛,XPN
951,걸음,NNG
952,없이,MAG
953,딱,MAG
954,맞,VV
955,게,EC
956,즐기,VV
957,고,EC
958,싶,VX
959,다면,EC
960,여기,NP
961,부터,JX
962,보,VV
963,시,EP
964,는,ETM
965,거,NNB
966,추천,NNG
967,드립니다,VV+EC
968,경주,NNP
969,여행,NNG
970,어때요,VA+EF
971,?,SF
972,고등학생,NNG
973,시절,NNG
974,추억,NNG
975,만들,VV
976,까,EC
977,해요,VX+EF
978,ㅠ,UNKNOWN
979,.,SF
980,..,SY
981,경주,NNP
982,여행,NNG
983,어때요,VA+EF
984,고등학생,NNG
985,시절,NNG
986,추억,NNG
987,만들,VV
988,까,EC
989,해요,VX+EF
990,로또,NNP
991,되,VV
992,는,ETM
993,꿈,NNG
994,꿨,VV+EP
995,는데,EC
996,해몽,NNG
997,해줘요,XSV+EC+VX+EC
998,컴퓨터,NNG
999,조립식,NNG
1000,은,JX
1001,얼마,NNG
1002,죠,VCP+EF
1003,경주,NNP
1004,여행,NNG
1005,은,JX
1006,고등학생,NNG
1007,시절,NNG
1008,의,JKG
1009,추억,NNG
1010,을,JKO
1011,만들,VV
1012,기,ETN
1013,에,JKB
1014,아주,MAG
1015,좋,VA
1016,은,ETM
1017,선택,NNG
1018,입니다,VCP+EF
1019,경주,NNP
1020,는,JX
1021,한국,NNP
1022,의,JKG
1023,역사,NNG
1024,와,JC
1025,문화,NNG
1026,를,JKO
1027,느낄,VV+ETM
1028,수,NNB
1029,있,VV
1030,는,ETM
1031,도시,NNG
1032,로,JKB
1033,남자,NNG
1034,혼자,NNG
1035,경주,NNP
1036,여행,NNG
1037,4,SN
1038,박,NNBC
1039,5,SN
1040,일,NNBC
1041,일정,NNG
1042,및,MAJ
1043,숙소,NNG
1044,예약,NNG
1045,문,NNG
1046,의,JKG
1047,혼자,NNG
1048,경주,NNP
1049,여행,NNG
1050,멋지,VA
1051,게,EC
1052,계획,NNG
1053,중,NNB
1054,이,VCP
1055,시,EP
1056,네요,EC
1057,4,SN
1058,박,NNBC
1059,5,SN
1060,일,NNBC
1061,이,VCP
1062,면,EC
1063,여유,NNG
1064,있,VV
1065,게,EC
1066,경주,NNG
1067,를,JKO
1068,제대로,MAG
1069,느낄,VV+ETM
1070,수,NNB
1071,있,VV
1072,는,ETM
1073,일정,NNG
1074,이,VCP
1075,에요,EF
1076,가성,NNG
1077,비,XPN
1078,숙소,NNG
1079,경주역,NNP
1080,근처,NNG
1081,게스트,NNP
1082,하우스,NNP
1083,나,JC
1084,황리,NNG
1085,단,MM
1086,길,NNG
1087,쪽,NNB
1088,한옥,NNP
1089,게스트,NNP
1090,하우스,NNP
1091,가,JKS
1092,가격,NNG
1093,도,JX
1094,좋,VA
1095,고,EC
1096,접근성,NNG
1097,도,JX
1098,좋,VA
1099,아요,EF
1100,바닷가,NNG
1101,이동,NNG
1102,경주,NNP
1103,여행,NNG
1104,루트,NNG
1105,천마총,NNG
1106,경주,NNP
1107,중앙,NNG
1108,시장,NNG
1109,경주,NNP
1110,여행,NNG
1111,일정,NNG
1112,을,JKO
1113,천마총,NNG
1114,갔,VV+EP
1115,다가,EC
1116,중앙,NNG
1117,시장,NNG
1118,가,VV
1119,려고,EC
1120,하,VV
1121,는데,EC
1122,네이버,NNP
1123,지도,NNG
1124,에,JKB
1125,검색,NNG
1126,해,XSV+EC
1127,보,VX
1128,니까,EC
1129,다시,MAG
1130,밑,NNG
1131,으로,JKB
1132,내려갔,VV+EP
1133,다가,EC
1134,올라가,VV
1135,라고,EC
1136,하,VV
1137,네요,EC
1138,동선,NNG
1139,낭비,NNG
1140,너무,MAG
1141,심한,VA+ETM
1142,데,NNB
1143,지도,NNG
1144,에,JKB
1145,나온,VV+ETM
1146,거,NNB
1147,처럼,JKB
1148,삥,MAG
1149,돌아가,VV
1150,야,EF
1151,하나,NR
1152,요,VCP+EC
1153,중간,NNG
1154,에,JKB
1155,나가,VV
1156,는,ETM
1157,문,NNG
1158,없,VA
1159,나요,EC
1160,천마총,NNG
1161,20,SN
1162,대,NNBC
1163,중반,NNG
1164,여성,NNG
1165,경주,NNP
1166,여행,NNG
1167,식당,NNG
1168,및,MAJ
1169,술집,NNG
1170,추천,NNG
1171,해,XSV+EC
1172,주,VX
1173,세요,EP+EF
1174,7,SN
1175,월,NNBC
1176,에,JKB
1177,친구,NNG
1178,들,XSN
1179,이랑,JC
1180,경주,NNP
1181,여행,NNG
1182,을,JKO
1183,가,VV
1184,는데,EC
1185,경주,NNP
1186,에,JKB
1187,대해서,VV+EC
1188,마땅히,MAG
1189,잘,MAG
1190,알,VV
1191,지,EC
1192,못해서,VX+EC
1193,막막,XR
1194,하,XSA
1195,네요,EC
1196,20,SN
1197,대,NNBC
1198,여자,NNG
1199,이,VCP
1200,며,EC
1201,술,NNG
1202,을,JKO
1203,좋아합니다,VV+EC
1204,황리,NNG
1205,단,MM
1206,길,NNG
1207,이랑,JC
1208,보문,NNG
1209,단지,MAG
1210,핫,NNG
1211,플,NNG
1212,추천,NNG
1213,해,XSV+EC
1214,주,VX
1215,세요,EP+EF
1216,그리고,MAJ
1217,맛있,VA
1218,는,ETM
1219,식당,NNG
1220,도,JX
1221,추천,NNG
1222,부탁,NNG
1223,드립니다,VV+EC
1224,하루,NNG
1225,는,JX
1226,시내,NNG
1227,권,XSN
1228,경주,NNP
1229,여행,NNG
1230,1,SN
1231,박,NNBC
1232,2,SN
1233,일,NNBC
1234,경주,NNP
1235,여행,NNG
1236,1,SN
1237,박,NNBC
1238,2,SN
1239,일,NNBC
1240,경비,NNG
1241,어느,MM
1242,정도,NNG
1243,나올까요,VV+EF
1244,숙소,NNG
1245,랑,JKB
1246,교통비,NNG
1247,빼,VV
1248,고요,EC
1249,쓰,VV
1250,기,ETN
1251,나름,NNB
1252,이,VCP
1253,지만,EC
1254,식대,NNG
1255,입장료,NNG
1256,간식,NNG
1257,정도,NNG
1258,이,VCP
1259,면,EC
1260,큰,VA+ETM
1261,돈,NNG
1262,은,JX
1263,들,VV
1264,지,EC
1265,않,VX
1266,겠,EP
1267,조,NR
1268,본인,NNG
1269,의,JKG
1270,주머니,NNG
1271,만큼,NNB
1272,생각,NNG
1273,해서,XSV+EC
1274,조절,NNG
1275,하,XSV
1276,여,EC
1277,쓰,VV
1278,는,ETM
1279,게,NNB+JKS
1280,좋,VA
1281,겠,EP
1282,네요,EF
1283,여유,NNG
1284,가,JKS
1285,있,VA
1286,다면,EC
1287,맛있,VA
1288,는,ETM
1289,것,NNB
1290,도,JX
1291,먹,VV
1292,고,EC
1293,해도,VV+EC
1294,좋,VA
1295,겠,EP
1296,죠,EF
1297,경주,NNP
1298,여행지,NNG
1299,2,SN
1300,박,NNBC
1301,3,SN
1302,일,NNBC
1303,추천,NNG
1304,이번,NNG
1305,에,JKB
1306,남자,NNG
1307,친구,NNG
1308,전역,NNG
1309,직전,NNG
1310,으로,JKB
1311,경주,NNP
1312,여행,NNG
1313,을,JKO
1314,가,VV
1315,기,ETN
1316,로,JKB
1317,했,VV+EP
1318,는데요,EF
1319,둘,NR
1320,다,MAG
1321,황리,NNG
1322,단,MM
1323,길,NNG
1324,외,NNB
1325,엔,JKB+JX
1326,아,VV
1327,는,ETM
1328,게,NNB+JKS
1329,없,VA
1330,어서요,EC
1331,차,NNG
1332,가,JKS
1333,있,VA
1334,어서,EC
1335,경주,NNP
1336,여행,NNG
1337,을,JKO
1338,계획,NNG
1339,하,XSV
1340,고,EC
1341,계시,VX
1342,는군요,EC
1343,별,MM
1344,다섯,NR
1345,개,NNBC
1346,경주,NNP
1347,2,SN
1348,박,NNBC
1349,3,SN
1350,일,NNBC
1351,여행,NNG
1352,코스,NNG
1353,를,JKO
1354,공유,NNG
1355,하,XSV
1356,니,EC
1357,내용,NNG
1358,참고,NNG
1359,하,XSV
1360,시,EP
1361,면,EC
1362,좋,VA
1363,을,ETM
1364,것,NNB
1365,같,VA
1366,습니다,EF
1367,아이,NNG
1368,랑,JC
1369,일,NR
1370,박,NNBC
1371,이,NR
1372,일,NNBC
1373,경주,NNP
1374,여행,NNG
1375,코스,NNG
1376,다섯,NR
1377,살,NNBC
1378,아이,NNG
1379,와,JKB
1380,함께,MAG
1381,경주,NNP
1382,로,JKB
1383,가족,NNG
1384,여행,NNG
1385,을,JKO
1386,갑니다,VV+EC
1387,첫날,NNG
1388,점심,NNG
1389,쯤,XSN
1390,경주역,NNP
1391,도착,NNG
1392,예정,NNG
1393,이,VCP
1394,고,EC
1395,숙소,NNG
1396,는,JX
1397,보문관광단지,NNP
1398,근처,NNG
1399,입니다,VCP+EF
1400,둘째,NR
1401,날,NNG
1402,은,JX
1403,경주,NNP
1404,월드,NNG
1405,를,JKO
1406,다녀오,VV
1407,고,EC
1408,오후,NNG
1409,4,SN
1410,시,NNBC
1411,쯤,XSN
1412,경주,NNP
1413,를,JKO
1414,떠날,VV+ETM
1415,계획,NNG
1416,입니다,VCP+EF
1417,직접,MAG
1418,운전,NNG
1419,할,XSV+ETM
1420,예정,NNG
1421,인데,VCP+EC
1422,코스,NNG
1423,를,JKO
1424,어떻게,MAG
1425,짜,VV
1426,야,EC
1427,경주,NNP
1428,여행,NNG
1429,추천,NNG
1430,안녕,NNG
1431,하,XSA
1432,세영,NNP
1433,경주,NNP
1434,여행,NNG
1435,할려고,VV+EC
1436,하,VV
1437,는,ETM
1438,10,SN
1439,대,NNBC
1440,인데,VCP+EC
1441,여,NNG
1442,황리,NNG
1443,단,MM
1444,길,NNG
1445,근처,NNG
1446,어둑,XR
1447,한,XSA+ETM
1448,분위기,NNG
1449,좋,VA
1450,겟,EP
1451,어요,EF
1452,경주,NNP
1453,여행,NNG
1454,가이드,NNG
1455,교통편,NNG
1456,맛집,NNG
1457,볼거리,NNG
1458,까지,JX
1459,모두,MAG
1460,알려,VV+EC
1461,줄,VX+ETM
1462,게,NNB+JKS
1463,요,JX
1464,경주,NNP
1465,여행,NNG
1466,가이드,NNG
1467,교통편,NNG
1468,맛집,NNG
1469,볼거리,NNG
1470,까지,JX
1471,모두,MAG
1472,알려,VV+EC
1473,줄,VX+ETM
1474,게요,NNB+VCP+EC
1475,경주,NNP
1476,여행,NNG
1477,동선,NNG
1478,부탁,NNG
1479,드려요,VV+EC
1480,1,SN
1481,박,NNBC
1482,으로,JKB
1483,어린애,NNG
1484,들,XSN
1485,데리,VV
1486,고,EC
1487,경주,NNP
1488,여행,NNG
1489,할,XSV+ETM
1490,거,NNB
1491,에요,VCP+EF
1492,숙소,NNG
1493,는,JX
1494,보문,NNG
1495,단지,NNG
1496,이,VCP
1497,구요,EF
1498,우선,MAG
1499,정도,NNG
1500,경주,NNP
1501,여행,NNG
1502,을,JKO
1503,다녀온,VV+ETM
1504,것,NNB
1505,같,VA
1506,은데요,EC
1507,아이,NNG
1508,랑,JC
1509,경주,NNP
1510,여행,NNG
1511,하,XSV
1512,면서,EC
1513,체험,NNG
1514,코스,NNG
1515,맛집,NNG
1516,경주,NNP
1517,여행,NNG
1518,TIP,SL
1519,1,SN
1520,경주,NNP
1521,여행,NNG
1522,코스,NNG
1523,는,JX
1524,크,VA
1525,게,EC
1526,시내,NNG
1527,권,XSN
1528,보문관광단지,NNP
1529,토함산,NNP
1530,남산,NNG
1531,경주,NNP
1532,여행,NNG
1533,3,SN
1534,박,NNBC
1535,4,SN
1536,일,NNBC
1537,갈려고,VV+EC
1538,하,VV
1539,는,ETM
1540,데,NNB
1541,24,SN
1542,만,NR
1543,원,NNBC
1544,괜찮,VA
1545,을까요,EC
1546,애인,NNG
1547,이랑,JC
1548,3,SN
1549,박,NNBC
1550,4,SN
1551,일,NNBC
1552,경주,NNP
1553,여행,NNG
1554,갈려고,VV+EC
1555,하,VV
1556,는데,EC
1557,돈,NNG
1558,을,JKO
1559,제,NP
1560,가,JKS
1561,다,MAG
1562,쓸려고,VV+EC
1563,맘먹,VV
1564,었,EP
1565,는데,EC
1566,24,SN
1567,만,NR
1568,원,NNBC
1569,이,VCP
1570,면,EC
1571,충분,XR
1572,할까요,XSA+EC
1573,경주,NNP
1574,여행,NNG
1575,3,SN
1576,박,NNBC
1577,4,SN
1578,일,NNBC
1579,갈려고,VV+EC
1580,하,VV
1581,는,ETM
1582,데,NNB
1583,245000,SN
1584,원,NNBC
1585,괜찮,VA
1586,을까,EC
1587,애인,NNG
1588,이랑,JC
1589,3,SN
1590,박,NNBC
1591,4,SN
1592,일,NNBC
1593,경주,NNP
1594,여행,NNG
1595,갈려고,VV+EC
1596,하,VV
1597,는데,EC
1598,돈,NNG
1599,을,JKO
1600,제,NP
1601,가,JKS
1602,다,MAG
1603,쓸려고,VV+EC
1604,맘먹,VV
1605,었,EP
1606,는데,EC
1607,24,SN
1608,만,NR
1609,원,NNBC
1610,이,VCP
1611,면,EC
1612,경주,NNP
1613,여행,NNG
1614,코스,NNG
1615,좀,MAG
1616,경주,NNP
1617,여행,NNG
1618,코스,NNG
1619,좀,MAG
1620,경주,NNP
1621,여행,NNG
1622,을,JKO
1623,계획,NNG
1624,하,XSV
1625,고,EC
1626,계신,VX+ETM
1627,다니,VCP+EC
1628,정말,MAG
1629,흥미,NNG
1630,로운,XSA+ETM
1631,여행,NNG
1632,이,JKS
1633,될,VV+ETM
1634,것,NNB
1635,같,VA
1636,습니다,EF
1637,경주,NNP
1638,는,JX
1639,신라,NNP
1640,의,JKG
1641,역사,NNG
1642,와,JC
1643,문화,NNG
1644,아름다운,VA+ETM
1645,자연,NNG
1646,경관,NNG
1647,을,JKO
1648,느낄,VV+ETM
1649,수,NNB
1650,있,VV
1651,는,ETM
1652,대한민국,NNP
1653,의,JKG
1654,대표,NNG
1655,적,XSN
1656,인,VCP+ETM
1657,관광,NNG
1658,도시,NNG
1659,입니다,VCP+EC
1660,1,SN
1661,박,NNBC
1662,2,SN
1663,일,NNBC
1664,동안,NNG
1665,방문,NNG
1666,할,XSV+ETM
1667,수,NNB
1668,있,VV
1669,는,ETM
1670,추천,NNG
1671,여행,NNG
1672,경주,NNP
1673,여행,NNG
1674,실내,NNG
1675,관광,NNG
1676,경주,NNG
1677,여행,NNG
1678,가,VV
1679,는데,EC
1680,비,NNG
1681,가,JKS
1682,많이,MAG
1683,오,VV
1684,더라고요,EC
1685,실내,NNG
1686,로,JKB
1687,가,VV
1688,는,ETM
1689,곳,NNG
1690,추천,NNG
1691,좀,MAG
1692,해,VV+EC
1693,주,VX
1694,세요,EP+EF
1695,검색,NNG
1696,을,JKO
1697,기반,NNG
1698,삼,VV
1699,아,EC
1700,경주,NNP
1701,에서,JKB
1702,비,NNG
1703,가,JKS
1704,오,VV
1705,는,ETM
1706,실제,NNG
1707,방문,NNG
1708,하,XSV
1709,시,EP
1710,는,ETM
1711,날씨,NNG
1712,와,JC
1713,여행,NNG
1714,일정,NNG
1715,에,JKB
1716,따라,VV+EC
1717,운영,NNG
1718,시간,NNG
1719,을,JKO
1720,확인,NNG
1721,해,XSV+EC
1722,보,VX
1723,시,EP
1724,고,EC
1725,즐거운,VA+ETM
1726,경주,NNP
1727,여행,NNG
1728,되,XSV
1729,시,EP
1730,길,ETN+JKO
1731,바랍니다,VV+EF
1732,채택,NNG
1733,해,XSV+EC
1734,경주,NNP
1735,여행,NNG
1736,운전,NNG
1737,평상시,NNG
1738,에,JKB
1739,는,JX
1740,운전,NNG
1741,을,JKO
1742,안,MAG
1743,하,VV
1744,고,EC
1745,제주,NNP
1746,여행,NNG
1747,갈,VV+ETM
1748,때,NNG
1749,몇,MM
1750,번,NNBC
1751,해,VV+EC
1752,본,VX+ETM
1753,게,NNB+JKS
1754,다,MAG
1755,입니다,VCP+EF
1756,경주,NNP
1757,케,IC
1758,텍스,NNG
1759,타,VV
1760,고,EC
1761,가,VX
1762,서,EC
1763,렌트,NNG
1764,할,VV+ETM
1765,거,NNB
1766,같,VA
1767,은데,EC
1768,초보,NNG
1769,운전,NNG
1770,도,JX
1771,돌아다니,VV
1772,기,ETN
1773,어렵,VA
1774,지,EC
1775,않,VX
1776,을까요,EC
1777,경주,NNP
1778,는,JX
1779,그렇게,MAG
1780,복잡,XR
1781,하,XSA
1782,지,EC
1783,는,JX
1784,않,VX
1785,은,ETM
1786,곳,NNG
1787,이,VCP
1788,지만,EC
1789,운전,NNG
1790,에,JKB
1791,자신,NNG
1792,이,JKS
1793,없,VA
1794,다면,EC
1795,조심,NNG
1796,운전,NNG
1797,을,JKO
1798,하,VV
1799,면,EC
1800,경주,NNP
1801,여행,NNG
1802,질문,NNG
1803,이,VCP
1804,요,EC
1805,사,VV
1806,시,EP
1807,거나,EC
1808,경주,NNP
1809,여행,NNG
1810,가,VV+EC
1811,보,VX
1812,신,EP+ETM
1813,분,NNB
1814,들,XSN
1815,의,JKG
1816,의견,NNG
1817,부탁,NNG
1818,드립니다,VV+EC
1819,경주,NNP
1820,한,MM
1821,바퀴,NNBC
1822,돌,VV
1823,아,EC
1824,주,VX
1825,는,ETM
1826,버스,NNG
1827,타,VV
1828,시,EP
1829,거나,EC
1830,택시,NNG
1831,타,VV
1832,세용,EP+EF
1833,걸어서,VV+EC
1834,경주,NNP
1835,여행,NNG
1836,해,XSV+EC
1837,보,VX
1838,면,EC
1839,알,VV+ETM
1840,거,NNB
1841,에요,VCP+EF
1842,택시,NNG
1843,잡,VV
1844,기,ETN
1845,힘들,VA
1846,어요,EF
1847,첨,NNG
1848,부터,JX
1849,택시,NNG
1850,많,VA
1851,은,ETM
1852,관광지,NNG
1853,에서,JKB
1854,택시,NNG
1855,잡,VV
1856,거나,EC
1857,카카오,NNP
1858,택시,NNG
1859,경주,NNP
1860,여행,NNG
1861,식당,NNG
1862,추천,NNG
1863,부탁,NNG
1864,드립니다,VV+EC
1865,한,MM
1866,시간,NNG
1867,뒤,VV
1868,면,EC
1869,경주,NNP
1870,도착,NNG
1871,하,XSV
1872,는데,EC
1873,경주,NNP
1874,여행가,NNG
1875,서,JKB
1876,여기,NP
1877,는,JX
1878,꼭,MAG
1879,가,VV+EC
1880,봐야,VX+EC
1881,한다,VX+EC
1882,하,VV
1883,는,ETM
1884,식당,NNG
1885,이,JKS
1886,경주,NNP
1887,여행,NNG
1888,에서,JKB
1889,특별,NNG
1890,한,XSA+ETM
1891,대접,NNG
1892,을,JKO
1893,받,VV
1894,을,ETM
1895,수,NNB
1896,있,VV
1897,는,ETM
1898,식당,NNG
1899,을,JKO
1900,추천,NNG
1901,해,XSV+EC
1902,드리,VX
1903,겠,EP
1904,습니다,EF
1905,위,IC
1906,두,MM
1907,식당,NNG
1908,중,NNB
1909,하나,NR
1910,를,JKO
1911,선택,NNG
1912,하,XSV
1913,시,EP
1914,면,EC
1915,경주,NNP
1916,여행,NNG
1917,에서,JKB
1918,특별,NNG
1919,한,XSA+ETM
1920,대접,NNG
1921,을,JKO
1922,받,VV
1923,을,ETM
1924,수,NNB
1925,있,VV
1926,을,ETM
1927,3,SN
1928,월,NNBC
1929,1,SN
1930,일,NNBC
1931,경주,NNP
1932,여행,NNG
1933,코스,NNG
1934,(,SSO
1935,당일치기,NNG
1936,),SSC
1937,학생,NNG
1938,4,SN
1939,명,NNBC
1940,이,VCP
1941,고,EC
1942,3,SN
1943,1,SN
1944,경주,NNP
1945,여행,NNG
1946,코스,NNG
1947,좀,MAG
1948,알려,VV+EC
1949,주,VX
1950,세요,EP+EF
1951,첨성대,NNG
1952,근처,NNG
1953,한복,NNG
1954,나드리,NNG
1955,에서,JKB
1956,질문,NNG
1957,하,XSV
1958,신,EP+ETM
1959,경주,NNP
1960,여행,NNG
1961,일정,NNG
1962,관련,NNG
1963,답변,NNG
1964,드리,VV
1965,도록,EC
1966,하,VX
1967,겠,EP
1968,습니다,EF
1969,황리,NNG
1970,단,MM
1971,길,NNG
1972,과,JC
1973,맞춤,NNG
1974,형,XSN
1975,경주,NNG
1976,여행,NNG
1977,일정,NNG
1978,을,JKO
1979,준비,NNG
1980,했,XSV+EP
1981,어요,EF
1982,아래,NNG
1983,첨부,NNG
1984,된,XSV+ETM
1985,일정,NNG
1986,을,JKO
1987,참고,NNG
1988,해,XSV+EC
1989,보,VX
1990,시,EP
1991,고,EC
1992,여행,NNG
1993,에,JKB
1994,경주,NNP
1995,여행,NNG
1996,경주,NNG
1997,여행,NNG
1998,은,JX
1999,역사,NNG
2000,여행,NNG
2001,에,JKB
2002,의미,NNG
2003,를,JKO
2004,두,VV
2005,고,EC
2006,다녀왔,VV+EP
2007,는데요,EF
2008,생각,NNG
2009,보다,JKB
2010,는,JX
2011,재미,NNG
2012,가,JKS
2013,없,VA
2014,었,EP
2015,어요,EF
2016,너무,MAG
2017,진지,XR
2018,하,XSA
2019,게,EC
2020,공부,NNG
2021,하,XSV
2022,는,ETM
2023,느낌,NNG
2024,으로,JKB
2025,질문,NNG
2026,하,XSV
2027,신,EP+ETM
2028,경주,NNP
2029,여행지,NNG
2030,관련,NNG
2031,답변,NNG
2032,드리,VV
2033,도록,EC
2034,하,VX
2035,겠,EP
2036,습니다,EF
2037,가,VV
2038,볼,EC+VX+ETM
2039,만,NNB
2040,한,XSA+ETM
2041,경주,NNP
2042,여행지,NNG
2043,중,NNB
2044,에서,JKB
2045,는,JX
2046,동궁,NNG
2047,과,JC
2048,월지,NNG
2049,2,SN
2050,박,NNBC
2051,3,SN
2052,일,NNBC
2053,경주,NNP
2054,여행,NNG
2055,코스,NNG
2056,추천,NNG
2057,뚜벅,MAG
2058,이,JKC
2059,위한,VV+ETM
2060,경주,NNP
2061,여행,NNG
2062,코스,NNG
2063,추천,NNG
2064,부탁,NNG
2065,드려요,VV+EC
2066,세,MM
2067,분,NNBC
2068,이,JKS
2069,오붓,XR
2070,하,XSA
2071,게,EC
2072,경주,NNP
2073,여행,NNG
2074,계획,NNG
2075,하,XSV
2076,고,EC
2077,계시,VX
2078,는군요,EC
2079,대중교통,NNG
2080,을,JKO
2081,이용,NNG
2082,해서,XSV+EC
2083,돌아볼,VV+ETM
2084,생각,NNG
2085,이,VCP
2086,시,EP
2087,라면,EC
2088,가볍,VA
2089,게,EC
2090,코스,NNG
2091,를,JKO
2092,짜,VV+EC
2093,보,VX
2094,시,EP
2095,는,ETM
2096,것,NNB
2097,도,JX
2098,좋,VA
2099,을,ETM
2100,거,NNB
2101,같,VA
2102,습니다,EF
2103,1,SN
2104,경주,NNP
2105,여행,NNG
2106,코스,NNG
2107,추천,NNG
2108,경주,NNG
2109,여행,NNG
2110,코스,NNG
2111,추천,NNG
2112,가족,NNG
2113,안녕,NNG
2114,하,XSV
2115,세요,EP+EF
2116,무,XPN
2117,계획,NNG
2118,이,MM
2119,루트,NNG
2120,로,JKB
2121,실행,NNG
2122,하,XSV
2123,면,EC
2124,실패,NNG
2125,없,VA
2126,는,ETM
2127,경주,NNP
2128,여행지,NNG
2129,를,JKO
2130,소개,NNG
2131,해,XSV+EC
2132,드릴까,VX+EC
2133,합니다,VX+EF
2134,한번,MAG
2135,보,VV
2136,시,EP
2137,고,EC
2138,마음,NNG
2139,에,JKB
2140,드신,VV+EP+ETM
2141,다면,NNG
2142,채택,NNG
2143,부탁,NNG
2144,드립니다,VV+EC
2145,경주,NNP
2146,여행,NNG
2147,중,NNB
2148,꼭,MAG
2149,가,VV+EC
2150,봐야,VX+EC
2151,할,VX+ETM
2152,맛집,NNG
2153,리스트,NNG
2154,는,JX
2155,무엇,NP
2156,인가요,VCP+EF
2157,?,SF
2158,경주,NNP
2159,여행,NNG
2160,을,JKO
2161,계획,NNG
2162,중,NNB
2163,이,VCP
2164,며,EC
2165,필수,NNG
2166,방문,NNG
2167,맛집,NNG
2168,과,JC
2169,핫,NNG
2170,플레이스,NNG
2171,를,JKO
2172,알,VV
2173,고,EC
2174,싶,VX
2175,습니다,EF
2176,현지인,NNG
2177,들,XSN
2178,이,JKS
2179,추천,NNG
2180,하,XSV
2181,는,ETM
2182,숨,NNG
2183,은,JX
2184,명소,NNG
2185,나,JC
2186,경주,NNP
2187,여행,NNG
2188,시,NNB
2189,꼭,MAG
2190,가,VV+EC
2191,봐야,VX+EC
2192,할,VX+ETM
2193,맛집,NNG
2194,은,JX
2195,황남빵,NNP
2196,경주,NNP
2197,식당,NNG
2198,잔치국수,NNP
2199,교동,NNP
2200,법주,NNP
2201,신라,NNP
2202,밀면,NNP
2203,이,VCP
2204,에요,EF
2205,핫,IC
2206,플레이스,NNG
2207,는,JX
2208,경주,NNP
2209,불국사,NNP
2210,와,JKB
2211,경주,NNP
2212,여행,NNG
2213,일정,NNG
2214,도와,VV+EC
2215,주,VX
2216,세요,EP+EF
2217,!,SF
2218,!,SY
2219,그냥,MAG
2220,최소한,NNG
2221,의,JKG
2222,움직임,NNG
2223,으로,JKB
2224,이틀,NNG
2225,동안,NNG
2226,다녀올,VV+ETM
2227,수,NNB
2228,있,VV
2229,는,ETM
2230,경주,NNP
2231,여행,NNG
2232,코스,NNG
2233,좀,MAG
2234,알려,VV+EC
2235,주,VX
2236,세요,EP+EF
2237,예쁜,VA+ETM
2238,카페,NNP
2239,도,JX
2240,추천,NNG
2241,질문,NNG
2242,하,XSV
2243,신,EP+ETM
2244,경주,NNP
2245,여행,NNG
2246,일정,NNG
2247,관련,NNG
2248,답변,NNG
2249,드리,VV
2250,도록,EC
2251,하,VX
2252,겠,EP
2253,습니다,EF
2254,질,NNG
2255,문자,NNG
2256,님,XSN
2257,께서,JKS
2258,원,NNG
2259,하,XSV
2260,신,EP+ETM
2261,대로,NNB
2262,최대한,NNG
2263,여유,NNG
2264,로운,XSA+ETM
2265,경주,NNP
2266,여행,NNG
2267,일정,NNG
2268,을,JKO
2269,준비,NNG
2270,해,XSV+EC
2271,경주,NNP
2272,여행,NNG
2273,가,VV
2274,려는데,EC
2275,추천,NNG
2276,좀,MAG
2277,요,JX
2278,!,SF
2279,!,SY
2280,엄마,NNG
2281,혼자,NNG
2282,초,XPN
2283,4,SN
2284,초,NNBC
2285,2,SN
2286,아들,NNG
2287,둘,NR
2288,데리,VV
2289,고,EC
2290,주,VX
2291,중,NNB
2292,에,JKB
2293,경주,NNP
2294,여행,NNG
2295,정도,NNG
2296,경주,NNP
2297,여행,NNG
2298,을,JKO
2299,다녀온,VV+ETM
2300,것,NNB
2301,같,VA
2302,은데요,EC
2303,구체,NNG
2304,적,XSN
2305,인,VCP+ETM
2306,일정,NNG
2307,이,JKS
2308,없,VA
2309,어서,EC
2310,주,VX
2311,요,EC
2312,경주,NNP
2313,여행,NNG
2314,코스,NNG
2315,맛집,NNG
2316,숙소,NNG
2317,에,JKB
2318,대한,VV+ETM
2319,제,MM
2320,경험담,NNG
2321,을,JKO
2322,묶,VV
2323,어서,EC
2324,소개,NNG
2325,할게요,XSV+EC
2326,경주,NNP
2327,여행,NNG
2328,TIP,SL
2329,1,SN
2330,경주,NNP
2331,여행,NNG
2332,코스,NNG
2333,는,JX
2334,경주,NNP
2335,여행,NNG
2336,추천,NNG
2337,경주,NNP
2338,여행지,NNG
2339,좀,MAG
2340,추천,NNG
2341,해,XSV+EC
2342,주,VX
2343,세요,EP+EF
2344,문,NNG
2345,의,JKG
2346,주신,NNG
2347,경주,NNP
2348,여행지,NNG
2349,추천,NNG
2350,드릴게요,VV+EC
2351,즐거운,VA+ETM
2352,경주,NNP
2353,여행,NNG
2354,되,XSV
2355,셨,EP+EP
2356,으면,EC
2357,좋,VA
2358,겠,EP
2359,어요,EF
2360,경북,NNP
2361,경주,NNP
2362,가,VV
2363,볼,EC+VX+ETM
2364,만,NNB
2365,한,XSA+ETM
2366,곳,NNG
2367,1,SN
2368,황성,NNG
2369,공원,NNG
2370,2,SN
2371,양남,NNG
2372,주상,NNG
2373,절리,NNG
2374,3,SN
2375,동궁,NNG
2376,과,JC
2377,월지,NNG
2378,4,SN
2379,동,NNBC
2380,궁원,NNG
2381,5,SN
2382,황리,NNG
2383,단,MM
2384,길,NNG
2385,6,SN
2386,첨성대,NNG
2387,7,SN
2388,경주,NNP
2389,여행,NNG
2390,코스,NNG
2391,질문,NNG
2392,경주,NNG
2393,여행,NNG
2394,을,JKO
2395,가,VV
2396,는데,EC
2397,예전,NNG
2398,에,JKB
2399,가본적,NNG
2400,이,JKS
2401,있,VV
2402,어서,EC
2403,대충,MAG
2404,지리,NNG
2405,적,XSN
2406,인,VCP+ETM
2407,건,NNB+JX
2408,아,VV
2409,는데,EC
2410,질문,NNG
2411,하,XSV
2412,신,EP+ETM
2413,경주,NNP
2414,여행,NNG
2415,코스,NNG
2416,관련,NNG
2417,답변,NNG
2418,드리,VV
2419,겠,EP
2420,습니다,EF
2421,경주로,NNG
2422,의,JKG
2423,1,SN
2424,박,NNBC
2425,2,SN
2426,일,NNBC
2427,여행,NNG
2428,을,JKO
2429,2,SN
2430,일,NNBC
2431,경주,NNP
2432,여행,NNG
2433,일정,NNG
2434,을,JKO
2435,준비,NNG
2436,했,XSV+EP
2437,어요,EF
2438,아래,NNG
2439,첨부,NNG
2440,된,XSV+ETM
2441,일정,NNG
2442,을,JKO
2443,참고,NNG
2444,해,XSV+EC
2445,보,VX
2446,시,EP
2447,고,EC
2448,즐거운,VA+ETM
2449,경주,NNP
2450,여행,NNG
2451,가,VV
2452,는데,EC
2453,여행,NNG
2454,코스,NNG
2455,추천,NNG
2456,이,VCP
2457,요,EC
2458,제,NP
2459,가,JKS
2460,중,NNG
2461,3,SN
2462,인데,VCP+EC
2463,중,NNB
2464,3,SN
2465,이,JKS
2466,좋,VA
2467,아,EC
2468,할,VX+ETM
2469,만,NNB
2470,한,XSA+ETM
2471,경주,NNP
2472,여행,NNG
2473,코스,NNG
2474,추천,NNG
2475,이,VCP
2476,요,EC
2477,문,NNG
2478,의,JKG
2479,주신,NNG
2480,경주,NNP
2481,여행,NNG
2482,코스,NNG
2483,추천,NNG
2484,드릴게요,VV+EC
2485,재밌,VA
2486,게,EC
2487,놀,VV
2488,다,EC
2489,오,VX
2490,셨,EP+EP
2491,으면,EC
2492,좋,VA
2493,겠,EP
2494,어요,EF
2495,경북,NNP
2496,경주,NNP
2497,가,VV
2498,볼,EC+VX+ETM
2499,만,NNB
2500,한,XSA+ETM
2501,곳,NNG
2502,1,SN
2503,황성,NNG
2504,공원,NNG
2505,2,SN
2506,양남,NNG
2507,주상,NNG
2508,절리,NNG
2509,3,SN
2510,동궁,NNG
2511,과,JC
2512,월지,NNG
2513,4,SN
2514,동,NNBC
2515,궁원,NNG
2516,5,SN
2517,엄마,NNG
2518,와,JC
2519,경주,NNP
2520,여행,NNG
2521,엄마,NNG
2522,와,JC
2523,경주,NNP
2524,여행,NNG
2525,평일,NNG
2526,에,JKB
2527,대중교통,NNG
2528,타,VV
2529,고,EC
2530,가,VX
2531,려고,EC
2532,하,VX
2533,는데요,EF
2534,일단,MAG
2535,불국사,NNG
2536,가,VV
2537,고,EC
2538,도보,NNG
2539,대중교통,NNG
2540,이용,NNG
2541,의,JKG
2542,경주,NNG
2543,여행,NNG
2544,코스,NNG
2545,의견,NNG
2546,드려,VV+EC
2547,볼께요,VX+EF
2548,먼저,MAG
2549,평일,NNG
2550,어머니,NNG
2551,와,JC
2552,어머니,NNG
2553,와,JC
2554,행복,NNG
2555,한,XSA+ETM
2556,경주,NNP
2557,여행,NNG
2558,되,XSV
2559,세요,EP+EF
2560,경주,NNP
2561,주요,NNG
2562,관광지,NNG
2563,의,JKG
2564,교통편,NNG
2565,도보,NNG
2566,포함,NNG
2567,뚜벅,MAG
2568,이,MM
2569,경주,NNP
2570,여행,NNG
2571,1,SN
2572,박,NNBC
2573,코스,NNG
2574,추천,NNG
2575,좀,MAG
2576,요,JX
2577,여자,NNG
2578,친구,NNG
2579,랑,JC
2580,경주,NNP
2581,여행,NNG
2582,을,JKO
2583,가,VV
2584,려고,EC
2585,하,VV
2586,는데,EC
2587,뚜벅,MAG
2588,이,XSN
2589,로,JKB
2590,돌아다닐,VV+ETM
2591,코스,NNG
2592,좀,MAG
2593,추천,NNG
2594,해,XSV+EC
2595,주,VX
2596,세요,EP+EF
2597,경주,NNP
2598,월드,NNG
2599,는,JX
2600,제외,NNG
2601,하,XSV
2602,고요,EC
2603,그,MM
2604,여자,NNG
2605,친구,NNG
2606,와,JKB
2607,가,VV
2608,볼,EC+VX+ETM
2609,만,NNB
2610,한,XSA+ETM
2611,경주,NNP
2612,여행,NNG
2613,코스,NNG
2614,추천,NNG
2615,드릴게요,VV+EC
2616,좋,VA
2617,은,ETM
2618,하루,NNG
2619,되,VV
2620,세요,EP+EF
2621,경주,NNP
2622,가,VV
2623,볼,EC+VX+ETM
2624,만,NNB
2625,한,XSA+ETM
2626,곳,NNG
2627,1,SN
2628,경주,NNG
2629,경주,NNP
2630,여행,NNG
2631,HELP,SL
2632,!,SY
2633,2,SN
2634,월,NNBC
2635,18,SN
2636,일,NNBC
2637,부터,JX
2638,2,SN
2639,월,NNBC
2640,20,SN
2641,일,NNBC
2642,까지,JX
2643,2,SN
2644,박,NNBC
2645,3,SN
2646,일,NNBC
2647,로,JKB
2648,가족,NNG
2649,들,XSN
2650,이랑,JC
2651,경주,NNP
2652,여행,NNG
2653,가,VV
2654,려고,EC
2655,하,VV
2656,는데,EC
2657,어딜,NP+JKO
2658,가,VV
2659,야,EC
2660,할지,VX+EC
2661,모르,VV
2662,겠,EP
2663,어요,EF
2664,도와,VV+EC
2665,주,VX
2666,세요,EP+EF
2667,중,NNB
2668,1,SN
2669,경주,NNP
2670,여행,NNG
2671,추천,NNG
2672,지,NNG
2673,입니다,VCP+EF
2674,경주,NNP
2675,월드,NNG
2676,테마파크,NNG
2677,경주,NNP
2678,엑스포,NNG
2679,대공원,NNG
2680,경주,NNP
2681,국립,NNG
2682,박물관,NNG
2683,경주,NNP
2684,대,XPN
2685,원릉,NNG
2686,동굴,NNG
2687,과,JC
2688,월지,NNG
2689,뚜벅,MAG
2690,이,MM
2691,경주,NNP
2692,여행,NNG
2693,다음,NNG
2694,주,NNG
2695,평일,NNG
2696,에,JKB
2697,화,NNG
2698,수,NNG
2699,중,NNB
2700,경주,NNP
2701,여행,NNG
2702,가,VV
2703,려고,EC
2704,했,VX+EP
2705,는데,EC
2706,시기,NNG
2707,상,XSN
2708,뷰,NNP
2709,가,JKS
2710,별로,MAG
2711,일,VV+ETM
2712,거,NNB
2713,같,VA
2714,아서,EC
2715,고민,NNG
2716,입니다,VCP+EF
2717,혼자,NNG
2718,뚜벅,MAG
2719,이,MM
2720,꽃,NNG
2721,피,VV
2722,고,EC
2723,봄바람,NNG
2724,살랑살랑,MAG
2725,부,NNG
2726,는,JX
2727,4,SN
2728,월,NNBC
2729,달,NNG
2730,경주,NNP
2731,여행,NNG
2732,오푸스,NNG
2733,에서,JKB
2734,즐겨,VV+EC
2735,보,VX
2736,세요,EP+EF
2737,전,MM
2738,객실,NNG
2739,개별,NNG
2740,바베큐,NNG
2741,장,NNG
2742,으로,JKB
2743,경주,NNP
2744,여행,NNG
2745,추천,NNG
2746,50,SN
2747,대,NNBC
2748,부부,NNG
2749,10,SN
2750,월,NNBC
2751,여행,NNG
2752,경주,NNG
2753,여행,NNG
2754,1,SN
2755,박,NNBC
2756,2,SN
2757,일,NNBC
2758,코스,NNG
2759,밤,NNG
2760,야경,NNG
2761,과,JC
2762,숙소,NNG
2763,및,MAJ
2764,먹거리,NNG
2765,추천,NNG
2766,부탁,NNG
2767,합니다,XSV+EF
2768,경주,NNP
2769,여행,NNG
2770,을,JKO
2771,계획,NNG
2772,중,NNB
2773,이,VCP
2774,시,EP
2775,군요,EF
2776,그럼,MAJ
2777,경주,NNP
2778,에서,JKB
2779,가,VV
2780,볼,EC+VX+ETM
2781,만,NNB
2782,한,XSA+ETM
2783,곳,NNG
2784,들,XSN
2785,추천,NNG
2786,해,XSV+EC
2787,드리,VX
2788,겠,EP
2789,습니다,EF
2790,첨성대,NNG
2791,동궁,NNG
2792,과,JC
2793,월지,NNG
2794,대릉원,NNG
2795,경주,NNP
2796,여행,NNG
2797,코스,NNG
2798,부탁,NNG
2799,드려요,VV+EC
2800,출발,NNG
2801,합니다,XSV+EF
2802,경주,NNP
2803,여행,NNG
2804,코스,NNG
2805,부탁,NNG
2806,드립니다,VV+EC
2807,숙소,NNG
2808,는,JX
2809,아직,MAG
2810,예약,NNG
2811,안,MAG
2812,했,VV+EP
2813,어요,EF
2814,코스,NNG
2815,보고,JKB
2816,근처,NNG
2817,게스트,NNP
2818,하우스,NNP
2819,로,JKB
2820,잡,VV
2821,으려고요,EF
2822,안녕,IC
2823,하,VV
2824,세요,EP+EF
2825,무,XPN
2826,계획,NNG
2827,없이,MAG
2828,이,MM
2829,루트,NNG
2830,로,JKB
2831,가,VV
2832,면,EC
2833,실패,NNG
2834,없,VA
2835,는,ETM
2836,경주,NNP
2837,여행,NNG
2838,아이,NNG
2839,와,JC
2840,경주,NNP
2841,여행,NNG
2842,코스,NNG
2843,짜,VV
2844,려고,EC
2845,하,VV
2846,는데,EC
2847,동선,NNG
2848,ㅠㅠㅠ어렵네요,UNKNOWN
2849,가족,NNG
2850,들,XSN
2851,과,JC
2852,경주,NNP
2853,여행,NNG
2854,계획,NNG
2855,중,NNB
2856,입니다,VCP+EF
2857,구성원,NNG
2858,은,JX
2859,남편,NNG
2860,저,MM
2861,4,SN
2862,세,NNBC
2863,7,SN
2864,세,NNBC
2865,아이,NNG
2866,와,JKB
2867,함께,MAG
2868,합니다,VV+EF
2869,첫째,NR
2870,날,NNG
2871,강동,MAG
2872,워터,NNG
2873,파크,NNG
2874,6,SN
2875,시,NNBC
2876,까지,JX
2877,보낼,VV+ETM
2878,아이,NNG
2879,와,JKB
2880,함께,MAG
2881,하,VV
2882,는,ETM
2883,경주,NNP
2884,여행,NNG
2885,정말,MAG
2886,좋,VA
2887,을,ETM
2888,것,NNB
2889,같,VA
2890,습니다,EF
2891,여행,NNG
2892,하,XSV
2893,는,ETM
2894,동안,NNG
2895,필요,NNG
2896,한,XSA+ETM
2897,정보,NNG
2898,를,JKO
2899,확인,NNG
2900,하,XSV
2901,실,EP+ETM
2902,수,NNB
2903,있,VV
2904,는,ETM
2905,정보,NNG
2906,를,JKO
2907,경주,NNP
2908,여행,NNG
2909,코스,NNG
2910,(,SSO
2911,2,SN
2912,박,NNBC
2913,3,SN
2914,일,NNBC
2915,),SSC
2916,질문,NNG
2917,이,JKS
2918,있,VA
2919,어요,EF
2920,5,SN
2921,월,NNBC
2922,23,SN
2923,일,NNBC
2924,5,SN
2925,월,NNBC
2926,25,SN
2927,일,NNBC
2928,경주,NNP
2929,여행,NNG
2930,코스,NNG
2931,추천,NNG
2932,해,XSV+EC
2933,주,VX
2934,세요,EP+EF
2935,1,SN
2936,대상,NNG
2937,어머니,NNG
2938,경주,NNP
2939,여행,NNG
2940,코스,NNG
2941,2,SN
2942,박,NNBC
2943,3,SN
2944,일,NNBC
2945,답변,NNG
2946,드릴게요,VV+EC
2947,경주,NNP
2948,여행,NNG
2949,코스,NNG
2950,2,SN
2951,박,NNBC
2952,3,SN
2953,일,NNBC
2954,답변,NNG
2955,드립니다,VV+EC
2956,어머님,NNG
2957,을,JKO
2958,모시,VV
2959,고,EC
2960,떠나,VV
2961,는,ETM
2962,경주,NNP
2963,여행,NNG
2964,이,JKS
2965,즐거운,VA+ETM
2966,추억,NNG
2967,으로,JKB
2968,남,VV
2969,을,ETM
2970,수,NNB
2971,있,VV
2972,도록,EC
2973,제,NP
2974,가,JKS
2975,2,SN
2976,박,NNBC
2977,3,SN
2978,일,NNBC
2979,경주,NNP
2980,여행,NNG
2981,10,SN
2982,월,NNBC
2983,2,SN
2984,박,NNBC
2985,3,SN
2986,일,NNBC
2987,경주,NNP
2988,여행,NNG
2989,코스,NNG
2990,및,MAJ
2991,식당,NNG
2992,추천,NNG
2993,부탁,NNG
2994,드립니다,VV+EC
2995,1,SN
2996,인,NNG
2997,여행,NNG
2998,숙소,NNG
2999,는,JX
3000,경주,NNP
3001,여행,NNG
3002,가실,NNG
3003,때,NNG
3004,방문,NNG
3005,하,XSV
3006,시,EP
3007,기,ETN
3008,좋,VA
3009,은,ETM
3010,뷰,NNP
3011,예쁜,VA+ETM
3012,카페,NNG
3013,입니다,VCP+EF
3014,포토,NNG
3015,존,NNP
3016,도,JX
3017,많,VA
3018,고,EC
3019,다양,XR
3020,한,XSA+ETM
3021,작품,NNG
3022,도,JX
3023,함께,MAG
3024,감상,NNG
3025,할,XSV+ETM
3026,수,NNB
3027,있,VV
3028,는,ETM
3029,카페,NNG
3030,라서,VCP+EC
3031,경주,NNP
3032,여행,NNG
3033,에,JKB
3034,참고,NNG
3035,해,XSV+EC
3036,수면,NNG
3037,좋,VA
3038,을,ETM
3039,거,NNB
3040,같,VA
3041,아요,EC
3042,경주,NNP
3043,여행,NNG
3044,질문,NNG
3045,안녕,NNG
3046,하,XSV
3047,세요,EP+EF
3048,경주,NNP
3049,여행,NNG
3050,을,JKO
3051,가,VV+EC
3052,본,VX+ETM
3053,적,NNB
3054,이,JKS
3055,없,VA
3056,는데,EC
3057,이번,NNG
3058,에,JKB
3059,가,VV+EC
3060,보,VX
3061,려고,EC
3062,하,VX
3063,거든요,EF
3064,1,SN
3065,일,NNBC
3066,정도,NNG
3067,돌아다닐,VV+ETM
3068,거,NNB
3069,같,VA
3070,은데,EC
3071,버스,NNG
3072,와,JC
3073,렌트카,NNG
3074,반갑,VA
3075,습니다,EF
3076,살,VV
3077,아,EC
3078,있,VX
3079,는,ETM
3080,문화,NNG
3081,유산,NNG
3082,의,JKG
3083,도시,NNG
3084,경주,NNP
3085,여행,NNG
3086,을,JKO
3087,1,SN
3088,인,NNG
3089,당일,NNG
3090,로,JKB
3091,준비,NNG
3092,중,NNB
3093,이,VCP
3094,시,EP
3095,네요,EF
3096,경주,NNP
3097,방문,NNG
3098,이,JKS
3099,처음,NNG
3100,이,VCP
3101,시,EP
3102,라면,EC
3103,경주,NNP
3104,여행,NNG
3105,코스,NNG
3106,어디,NP
3107,가,JKS
3108,★,SY
3109,가족,NNG
3110,들,XSN
3111,이랑,JC
3112,경주,NNP
3113,여행,NNG
3114,을,JKO
3115,가,VV
3116,려고,EC
3117,하,VV
3118,는데,EC
3119,경주,NNP
3120,여행,NNG
3121,코스,NNG
3122,를,JKO
3123,어떻게,MAG
3124,해야,VV+EC
3125,할지,VX+EC
3126,모르,VV
3127,겟,EP
3128,네요,EF
3129,경주,NNP
3130,여행,NNG
3131,코스,NNG
3132,어디,NP
3133,가,JKS
3134,좋,VA
3135,을까요,EF
3136,사실,MAG
3137,중학교,NNG
3138,때,NNG
3139,가,VV+EC
3140,보,VX
3141,고,EC
3142,안,MAG
3143,가,VV+EC
3144,봤,VX+EP
3145,어요,EF
3146,경주,NNP
3147,여행,NNG
3148,코스,NNG
3149,가장,MAG
3150,핫,NNG
3151,플레이스,NNG
3152,만,JX
3153,가,VV+EC
3154,보,VX
3155,고,EC
3156,싶,VX
3157,어요,EF
3158,혹시,MAG
3159,경주,NNP
3160,여행,NNG
3161,코스,NNG
3162,다,MAG
3163,들,XSN
3164,6,SN
3165,월,NNBC
3166,경주,NNP
3167,여행,NNG
3168,제,NP
3169,가,JKS
3170,6,SN
3171,월,NNBC
3172,달,NNG
3173,에,JKB
3174,엄마,NNG
3175,아빠,NNG
3176,랑,JKB
3177,언니,NNG
3178,랑,JC
3179,경주,NNP
3180,여행,NNG
3181,을,JKO
3182,가,VV
3183,는데요,EC
3184,갈,VX+ETM
3185,곳,NNG
3186,추천,NNG
3187,해,XSV+EC
3188,주,VX
3189,세요,EP+EF
3190,너무,MAG
3191,유명,XR
3192,한,XSA+ETM
3193,곳,NNG
3194,은,JX
3195,아니,VCN
3196,였,EP
3197,음,ETN
3198,하,VV
3199,네요,EF
3200,예,IC
3201,경주,NNP
3202,여행,NNG
3203,을,JKO
3204,계획,NNG
3205,하,XSV
3206,시,EP
3207,는,ETM
3208,것,NNB
3209,같,VA
3210,네요,EF
3211,저,NP
3212,도,JX
3213,여러분,NP
3214,들,XSN
3215,이,JKS
3216,즐길,VV+ETM
3217,수,NNB
3218,있,VV
3219,는,ETM
3220,장소,NNG
3221,와,JC
3222,활동,NNG
3223,을,JKO
3224,추천,NNG
3225,해,XSV+EC
3226,드릴게요,VX+EC
3227,1,SN
3228,경주,NNP
3229,월드컵,NNG
3230,경주,NNP
3231,여행지,NNG
3232,추천,NNG
3233,해,XSV+EC
3234,주,VX
3235,세요,EP+EF
3236,4,SN
3237,월,NNBC
3238,에,JKB
3239,경주,NNP
3240,여행,NNG
3241,계획,NNG
3242,이,JKS
3243,있,VA
3244,어요,EF
3245,3,SN
3246,박,NNBC
3247,일정,NNG
3248,으로,JKB
3249,가,VV
3250,려고,EC
3251,해요,VX+EF
3252,질문,NNG
3253,하,XSV
3254,신,EP+ETM
3255,경주,NNP
3256,여행지,NNG
3257,관련,NNG
3258,답변,NNG
3259,드리,VV
3260,도록,EC
3261,하,VX
3262,겠,EP
3263,습니다,EF
3264,4,SN
3265,월,NNBC
3266,에,JKB
3267,경주,NNP
3268,여행,NNG
3269,을,JKO
3270,가시,VV
3271,나,EC
3272,보,VX
3273,군요,EC
3274,경주,NNP
3275,는,JX
3276,대부분,NNG
3277,평지,NNG
3278,라,VCP+EC
3279,많,VA
3280,으니,EC
3281,경주,NNP
3282,여행지,NNG
3283,알아보,VV
3284,실,EP+ETM
3285,때,NNG
3286,조금,NNG
3287,이,VCP
3288,라도,EC
3289,참고,NNG
3290,되,XSV
3291,셨,EP+EP
3292,으면,EC
3293,경주,NNP
3294,여행,NNG
3295,추천,NNG
3296,좀,MAG
3297,해,VV+EC
3298,주,VX
3299,세요,EP+EF
3300,가,VV
3301,야,EC
3302,하,VV
3303,는,ETM
3304,경주,NNP
3305,여행지,NNG
3306,도,JX
3307,추천,NNG
3308,부탁,NNG
3309,합니다,XSV+EF
3310,경주,NNP
3311,보문,NNG
3312,단지,NNG
3313,내,NNB
3314,에,JKB
3315,위치,NNG
3316,한,XSA+ETM
3317,우양,NNG
3318,미술관,NNG
3319,은,JX
3320,국내,NNG
3321,최초,NNG
3322,경주,NNP
3323,여행,NNG
3324,에서,JKB
3325,꼭,MAG
3326,추천,NNG
3327,드리,VV
3328,고,EC
3329,싶,VX
3330,은,ETM
3331,장소,NNG
3332,는,JX
3333,동궁,NNG
3334,과,JC
3335,월지,NNG
3336,인데요,VCP+EF
3337,신라,NNP
3338,시대,NNG
3339,의,JKG
3340,별,MM
3341,궁터,NNG
3342,였었,VCP+EP
3343,고,EC
3344,왕자,NNG
3345,가,JKS
3346,생활,NNG
3347,하,XSV
3348,는,ETM
3349,장소,NNG
3350,였,VCP+EP
3351,다고,EC
3352,합니다,VX+EC
3353,경주,NNP
3354,여행,NNG
3355,코스,NNG
3356,(,SSO
3357,지도,NNG
3358,),SSC
3359,",",SC
3360,숙소,NNG
3361,2,SN
3362,주,NNBC
3363,후,NNG
3364,에,JKB
3365,여자,NNG
3366,친구,NNG
3367,와,JKB
3368,같이,MAG
3369,경주,NNP
3370,여행,NNG
3371,을,JKO
3372,하,VV
3373,기,ETN
3374,로,JKB
3375,했,VV+EP
3376,어요,EF
3377,차,NNG
3378,를,JKO
3379,가지,VV
3380,고,EC
3381,갈,VX+ETM
3382,예정,NNG
3383,인데요,VCP+EF
3384,경주,NNP
3385,여행,NNG
3386,어떤,MM
3387,식,NNB
3388,으로,JKB
3389,코스,NNG
3390,를,JKO
3391,잡,VV
3392,고,EC
3393,가,VX
3394,는,ETM
3395,것,NNB
3396,이,JKS
3397,좋,VA
3398,을까요,EF
3399,그리고,MAJ
3400,경주,NNP
3401,여행,NNG
3402,코스,NNG
3403,지도,NNG
3404,를,JKO
3405,알아보,VV
3406,고,EC
3407,외,NNB
3408,경주,NNP
3409,여행,NNG
3410,하,XSV
3411,면서,EC
3412,갈,VX+ETM
3413,만,NNB
3414,한,XSA+ETM
3415,곳,NNG
3416,몇,MM
3417,군데,NNBC
3418,도,JX
3419,알려,VV+EC
3420,주,VX
3421,세요,EP+EF
3422,경주,NNP
3423,경주,NNP
3424,여행,NNG
3425,2,SN
3426,박,NNBC
3427,3,SN
3428,일,NNBC
3429,코스,NNG
3430,조언,NNG
3431,부탁,NNG
3432,드립니다,VV+EF
3433,.,SF
3434,저희,NP
3435,가족,NNG
3436,과,JC
3437,저희,NP
3438,부모,NNG
3439,님,XSN
3440,을,JKO
3441,모시,VV
3442,고,EC
3443,경주,NNP
3444,여행,NNG
3445,을,JKO
3446,2,SN
3447,박,NNBC
3448,3,SN
3449,일,NNBC
3450,질문,NNG
3451,하,XSV
3452,신,EP+ETM
3453,경주,NNP
3454,여행,NNG
3455,코스,NNG
3456,관련,NNG
3457,답변,NNG
3458,드리,VV
3459,겠,EP
3460,습니다,EF
3461,가족,NNG
3462,분,NNB
3463,들,XSN
3464,과,JKB
3465,함께,MAG
3466,경주,NNP
3467,여행,NNG
3468,을,JKO
3469,계획,NNG
3470,하,XSV
3471,고,EC
3472,계시,VX
3473,는군요,EC
3474,가족,NNG
3475,3,SN
3476,일,NNBC
3477,경주,NNP
3478,여행,NNG
3479,일정,NNG
3480,을,JKO
3481,준비,NNG
3482,했,XSV+EP
3483,어요,EF
3484,아래,NNG
3485,첨부,NNG
3486,된,XSV+ETM
3487,일정,NNG
3488,을,JKO
3489,참고,NNG
3490,해,XSV+EC
3491,친정,NNG
3492,엄마,NNG
3493,와,JC
3494,2,SN
3495,박,NNBC
3496,3,SN
3497,일,NNBC
3498,경주,NNP
3499,여행,NNG
3500,코스,NNG
3501,요,VCP+EC
3502,7,SN
3503,월,NNBC
3504,10,SN
3505,일,NNBC
3506,70,SN
3507,대,NNBC
3508,초반,NNG
3509,아주,MAG
3510,건강,NNG
3511,한,XSA+ETM
3512,친정,NNG
3513,엄마,NNG
3514,와,JC
3515,둘,NR
3516,이,JKS
3517,경주,NNP
3518,여행,NNG
3519,질문,NNG
3520,하,XSV
3521,신,EP+ETM
3522,경주,NNP
3523,여행,NNG
3524,코스,NNG
3525,관련,NNG
3526,답변,NNG
3527,드리,VV
3528,겠,EP
3529,습니다,EF
3530,부모,NNG
3531,님,XSN
3532,과,JKB
3533,함께,MAG
3534,하,VV
3535,는,ETM
3536,경주,NNP
3537,여행,NNG
3538,을,JKO
3539,계획,NNG
3540,중,NNB
3541,이,VCP
3542,시,EP
3543,군요,EF
3544,숙소,NNG
3545,의,JKG
3546,맞춤,NNG
3547,형,XSN
3548,경주,NNG
3549,여행,NNG
3550,일정,NNG
3551,을,JKO
3552,준비,NNG
3553,했,XSV+EP
3554,어요,EF
3555,아래,NNG
3556,첨부,NNG
3557,된,XSV+ETM
3558,일정,NNG
3559,을,JKO
3560,경주,NNP
3561,여행,NNG
3562,!,SF
3563,!,SY
3564,황리,NNG
3565,단,MM
3566,길,NNG
3567,맛집,NNG
3568,추천,NNG
3569,이번,NNG
3570,주,NNG
3571,에,JKB
3572,경주,NNP
3573,여행,NNG
3574,가,VV
3575,는데,EC
3576,황리,NNG
3577,단,MM
3578,길,NNG
3579,근처,NNG
3580,로,JKB
3581,맛집,NNG
3582,많이,MAG
3583,추천,NNG
3584,해,XSV+EC
3585,주,VX
3586,세요,EP+EF
3587,뚜벅,MAG
3588,이,VCP
3589,라,EC
3590,거리,NNG
3591,멀,VA
3592,면,EC
3593,힘들,VA
3594,어요,EF
3595,경주,NNP
3596,여행,NNG
3597,을,JKO
3598,위한,VV+ETM
3599,황리,NNG
3600,단,MM
3601,길,NNG
3602,맛집,NNG
3603,추천,NNG
3604,과,JC
3605,황리,NNG
3606,단,MM
3607,맛집,NNG
3608,과,JC
3609,경주,NNP
3610,맛집,NNG
3611,은,JX
3612,매일,MAG
3613,많,VA
3614,은,ETM
3615,분,NNB
3616,들,XSN
3617,이,JKS
3618,줄,NNG
3619,을,JKO
3620,오랫동안,NNG
3621,서,VV
3622,서,EC
3623,기다려,VV+EC
3624,먹,VV
3625,는,ETM
3626,곳,NNG
3627,과,JC
3628,배달,NNG
3629,경주,NNP
3630,여행,NNG
3631,(,SSO
3632,숙소,NNG
3633,추천,NNG
3634,),SSC
3635,안녕,NNG
3636,하,XSV
3637,세요,EP+EF
3638,경기도,NNP
3639,권,XSN
3640,에,JKB
3641,사,VV
3642,는,ETM
3643,사람,NNG
3644,입니다,VCP+EF
3645,내년,NNG
3646,1,SN
3647,월,NNBC
3648,중순,NNG
3649,쯤,XSN
3650,경주,NNP
3651,여행,NNG
3652,을,JKO
3653,갈,VV+ETM
3654,예정,NNG
3655,입니다,VCP+EF
3656,인원,NNG
3657,은,JX
3658,엄마,NNG
3659,3,SN
3660,명,NNBC
3661,과,JC
3662,초등,NNG
3663,5,SN
3664,명,NNBC
3665,총,MM
3666,8,SN
3667,명,NNBC
3668,근데,MAJ
3669,추운,VA+ETM
3670,겨울,NNG
3671,걷,VV
3672,는,ETM
3673,건,NNB+JX
3674,비추,NNG
3675,입니다,VCP+EF
3676,가까운,VA+ETM
3677,거리,NNG
3678,도,JX
3679,택시,NNG
3680,타,VV
3681,고,EC
3682,다니,VV
3683,세요,EP+EF
3684,즐거운,VA+ETM
3685,경주,NNP
3686,여행,NNG
3687,되,XSV
3688,시,EP
3689,기,ETN
3690,경주,NNP
3691,여행지,NNG
3692,여자,NNG
3693,친구,NNG
3694,랑,JC
3695,경주,NNP
3696,여행,NNG
3697,갈려고,VV+EC
3698,하,VX
3699,는데요,EF
3700,혹시,MAG
3701,가,VV
3702,볼,EC+VX+ETM
3703,만,NNB
3704,한,XSA+ETM
3705,곳,NNG
3706,이나,JC
3707,경치,NNG
3708,좋,VA
3709,은,ETM
3710,곳,NNB
3711,있,VV
3712,을까요,EC
3713,차,NNG
3714,타,VV
3715,구,EC
3716,이동,NNG
3717,할,XSV+ETM
3718,꺼,NNB+VCP
3719,구요,EF
3720,해,VV+EC
3721,주,VX
3722,셍,NNP
3723,경주,NNP
3724,여행,NNG
3725,을,JKO
3726,계획,NNG
3727,하,XSV
3728,고,EC
3729,계시,VX
3730,는군요,EF
3731,요즘,MAG
3732,경주,NNP
3733,로,JKB
3734,여행,NNG
3735,가시,VV
3736,는,ETM
3737,분,NNB
3738,들,XSN
3739,이,JKS
3740,정말,MAG
3741,많,VA
3742,은데,EC
3743,요,JX
3744,그만큼,MAG
3745,경주,NNP
3746,여행,NNG
3747,감성,NNG
3748,독,NNG
3749,채,MAG
3750,자,IC
3751,쿠지,NNP
3752,숙소,NNG
3753,추천,NNG
3754,부탁,NNG
3755,드립니다,VV+EF
3756,.,SF
3757,3,SN
3758,월,NNBC
3759,마지막,NNG
3760,주,NNG
3761,에,JKB
3762,경주,NNP
3763,여행,NNG
3764,을,JKO
3765,계획,NNG
3766,하,XSV
3767,고,EC
3768,있,VX
3769,습니다,EF
3770,어른,NNG
3771,5,SN
3772,명,NNBC
3773,4,SN
3774,세,NNBC
3775,아이,NNG
3776,가능,NNG
3777,한,XSA+ETM
3778,독채,NNG
3779,자,NNG
3780,쿠지,NNP
3781,숙소,NNG
3782,괜찮,VA
3783,은,ETM
3784,곳,NNB
3785,있,VV
3786,으면,EC
3787,추천,NNG
3788,휴식,NNG
3789,을,JKO
3790,취하,VV
3791,고자,EC
3792,하,VV
3793,는,ETM
3794,분,NNB
3795,들,XSN
3796,께,JKB
3797,최적,NNG
3798,의,JKG
3799,선택,NNG
3800,입니다,VCP+EF
3801,즐거운,VA+ETM
3802,경주,NNP
3803,여행,NNG
3804,되,XSV
3805,시,EP
3806,길,ETN+JKO
3807,바랍니다,VV+EF
3808,http,SL
3809,itta,SL
3810,stay,SL
3811,kr,SL
3812,html,SL
3813,index,SL
3814,html,SL
3815,11,SN
3816,월,NNBC
3817,말,NNB
3818,경주,NNP
3819,여행,NNG
3820,11,SN
3821,월,NNBC
3822,말,NNB
3823,에,JKB
3824,1,SN
3825,박,NNBC
3826,2,SN
3827,일,NNBC
3828,로,JKB
3829,4,SN
3830,명,NNBC
3831,경주,NNP
3832,여행,NNG
3833,갈,VV+ETM
3834,건데,NNB+VCP+EC
3835,코스,NNG
3836,추천,NNG
3837,부탁,NNG
3838,드립니다,VV+EC
3839,경주,NNP
3840,에,JKB
3841,놀,VV
3842,러,EC
3843,오,VX
3844,시,EP
3845,는,ETM
3846,군요,NNG
3847,1,SN
3848,박,NNBC
3849,2,SN
3850,일,NNBC
3851,코스,NNG
3852,에다가,JKB
3853,11,SN
3854,월,NNBC
3855,그래도,MAJ
3856,패딩,NNG
3857,느낌,NNG
3858,은,JX
3859,아니,VCN
3860,고,EC
3861,두꺼운,VA+ETM
3862,코트,NNG
3863,나,JC
3864,경량,NNG
3865,패딩,NNG
3866,정도,NNG
3867,입,VV
3868,고,EC
3869,오,VX
3870,시,EP
3871,기,ETN
3872,를,JKO
3873,추천,NNG
3874,드려요,VV+EC
3875,즐거운,VA+ETM
3876,경주,NNP
3877,여행,NNG
3878,되,XSV
3879,세요,EP+EF
3880,경주,NNP
3881,여행,NNG
3882,추천,NNG
3883,부탁,NNG
3884,드려요,VV+EC
3885,~^^,SY
3886,경주,NNP
3887,여행,NNG
3888,을,JKO
3889,다녀오,VV
3890,고,EC
3891,싶,VX
3892,은데,EC
3893,기본,NNG
3894,적,XSN
3895,으로,JKB
3896,가,VV
3897,볼,EC+VX+ETM
3898,만,NNB
3899,한,XSA+ETM
3900,곳,NNG
3901,들,XSN
3902,말,VV
3903,고,EC
3904,특별히,MAG
3905,가,VV+EC
3906,보,VX
3907,면,EC
3908,좋,VA
3909,을,ETM
3910,곳,NNG
3911,이,JKS
3912,있,VV
3913,을까요,EC
3914,맛집,NNG
3915,이나,JC
3916,문,NNG
3917,의,JKG
3918,주신,NNG
3919,경주,NNP
3920,가,VV
3921,볼,EC+VX+ETM
3922,만,NNB
3923,한,XSA+ETM
3924,곳,NNG
3925,추천,NNG
3926,드릴게요,VV+EC
3927,즐거운,VA+ETM
3928,경주,NNP
3929,여행,NNG
3930,되,XSV
3931,셨,EP+EP
3932,으면,EC
3933,좋,VA
3934,겠,EP
3935,어요,EF
3936,경북,NNP
3937,경주,NNP
3938,가,VV
3939,볼,EC+VX+ETM
3940,만,NNB
3941,한,XSA+ETM
3942,곳,NNG
3943,1,SN
3944,2,SN
3945,박,NNBC
3946,3,SN
3947,일,NNBC
3948,경주,NNP
3949,여행,NNG
3950,코스,NNG
3951,추천,NNG
3952,이,VCP
3953,요,EF
3954,!,SF
3955,요번,NNG
3956,에,JKB
3957,는,JX
3958,색다른,VA+ETM
3959,주제,NNG
3960,로,JKB
3961,경주,NNP
3962,여행,NNG
3963,을,JKO
3964,하,VV
3965,고,EC
3966,싶,VX
3967,어요,EF
3968,문화재,NNG
3969,위주,NNG
3970,가,JKC
3971,아닌,VCN+ETM
3972,다른,MM
3973,위주,NNG
3974,로,JKB
3975,갈만,NNG
3976,한,XSA+ETM
3977,곳,NNG
3978,추천,NNG
3979,해,XSV+EC
3980,주,VX
3981,세요,EP+EF
3982,야경,NNG
3983,2,SN
3984,박,NNBC
3985,3,SN
3986,일,NNBC
3987,경주,NNP
3988,여행,NNG
3989,코스,NNG
3990,추천,NNG
3991,이,VCP
3992,요,EC
3993,답변,NNG
3994,드릴게요,VV+EC
3995,안녕,NNG
3996,하,XSV
3997,세요,EP+EF
3998,저,NP
3999,도,JX
4000,저번,NNG
4001,주,NNG
4002,에,JKB
4003,경주,NNP
4004,여행,NNG
4005,갔,VV+EP
4006,던,ETM
4007,사람,NNG
4008,입니다,VCP+EF
4009,경주,NNP
4010,여행,NNG
4011,이,JKS
4012,[,SSO
4013,추천,NNG
4014,해,XSV+EC
4015,주,VX
4016,세요,EP+EF+VCP
4017,],SSC
4018,경주,NNP
4019,여행,NNG
4020,추천,NNG
4021,해,XSV+EC
4022,주,VX
4023,세요,EP+EF
4024,경주,NNP
4025,여행,NNG
4026,안녕,NNG
4027,하,XSV
4028,세요,EP+EF
4029,무,XPN
4030,계획,NNG
4031,이,MM
4032,루트,NNG
4033,로,JKB
4034,이,MM
4035,용시,NNG
4036,실패,NNG
4037,없,VA
4038,는,ETM
4039,경주,NNP
4040,여행,NNG
4041,소개,NNG
4042,해,XSV+EC
4043,드릴까,VX+EC
4044,합니다,VX+EF
4045,한번,MAG
4046,보,VV
4047,시,EP
4048,고,EC
4049,마음,NNG
4050,에,JKB
4051,드신,VV+EP+ETM
4052,다면,NNG
4053,채택,NNG
4054,부탁,NNG
4055,드립니다,VV+EC
4056,캐리,NNP
4057,어사이즈,NNP
4058,추천,NNP
4059,(,SSO
4060,경주,NNP
4061,여행,NNG
4062,),SSC
4063,이번,NNG
4064,에,JKB
4065,아버지,NNG
4066,랑,JKB
4067,2,SN
4068,박,NNBC
4069,3,SN
4070,일,NNBC
4071,로,JKB
4072,경주,NNP
4073,여행,NNG
4074,을,JKO
4075,가,VV
4076,기,ETN
4077,로,JKB
4078,했,VV+EP
4079,습니다,EF
4080,캐리어,NNG
4081,가,JKS
4082,없,VA
4083,어,EC
4084,이,MM
4085,참,NNB
4086,에,JKB
4087,겸사겸사,MAG
4088,로,JKB
4089,하나,NR
4090,살까,VV+EC
4091,합니다,VX+EF
4092,캐리,NNP
4093,어사이즈,NNP
4094,추천,NNG
4095,부탁,NNG
4096,드립니다,VV+EC
4097,경주,NNP
4098,여행,NNG
4099,에,JKB
4100,20,SN
4101,인치,NNBC
4102,캐리어,NNG
4103,를,JKO
4104,추천,NNG
4105,합니다,XSV+EF
4106,매일,NNG
4107,이,JKS
4108,즐거우,VV
4109,셨,EP+EP
4110,으면,EC
4111,좋,VA
4112,겠,EP
4113,습니당,EF
4114,경주,NNP
4115,여행,NNG
4116,!,SF
4117,!,SY
4118,경주,NNP
4119,여행,NNG
4120,을,JKO
4121,가,VV
4122,려고,EC
4123,하,VV
4124,는데,EC
4125,혹시,MAG
4126,경주,NNP
4127,에,JKB
4128,폴라로이드,NNG
4129,카메라,NNG
4130,대여,NNG
4131,할,XSV+ETM
4132,수,NNB
4133,있,VV
4134,는,ETM
4135,곳,NNG
4136,이나,JX
4137,싸,VA
4138,게,EC
4139,구매,NNG
4140,하,XSV
4141,는,ETM
4142,할,VV+ETM
4143,수,NNB
4144,있,VV
4145,는,ETM
4146,곳,NNB
4147,그리고,MAJ
4148,경주,NNP
4149,여행,NNG
4150,온다고,VV+EC
4151,하,VX
4152,시,EP
4153,니,EC
4154,숙소,NNG
4155,가,JKS
4156,제일,MAG
4157,중요,NNG
4158,하,XSV
4159,잖아요,EC+VX+EF
4160,그래서,MAJ
4161,저희,NP
4162,오푸스,NNG
4163,11,SN
4164,풀,NNG
4165,빌라,NNG
4166,펜션,NNG
4167,을,JKO
4168,추천,NNG
4169,해,XSV+EC
4170,드리,VX
4171,려고,EC
4172,경주,NNP
4173,여행,NNG
4174,렌터카,NNG
4175,문,NNG
4176,의,JKG
4177,경주,NNG
4178,여행,NNG
4179,을,JKO
4180,가,VV
4181,려고,EC
4182,합니다,VX+EF
4183,우선,MAG
4184,숙소,NNG
4185,는,JX
4186,터미널,NNG
4187,주요,NNG
4188,관광지,NNG
4189,를,JKO
4190,도보,NNG
4191,5,SN
4192,10,SN
4193,분,NNBC
4194,경주,NNP
4195,여행,NNG
4196,관광지,NNG
4197,추천,NNG
4198,해,XSV+EC
4199,드리,VX
4200,겠,EP
4201,습니다,EF
4202,말씀,NNG
4203,하,XSV
4204,신,EP+ETM
4205,터미널,NNG
4206,에서,JKB
4207,주요,NNG
4208,관광지,NNG
4209,는,JX
4210,경주,NNP
4211,여행,NNG
4212,은,JX
4213,황리,NNG
4214,단,MM
4215,길,NNG
4216,에서,JKB
4217,시작,NNG
4218,한다고,XSV+EC
4219,보,VX
4220,시,EP
4221,면,EC
4222,됩니다,VV+EF
4223,황리,NNG
4224,단,MM
4225,길,NNG
4226,을,JKO
4227,시작,NNG
4228,으로,JKB
4229,2,SN
4230,박,NNBC
4231,3,SN
4232,일,NNBC
4233,경주,NNP
4234,여행,NNG
4235,코스,NNG
4236,추천,NNG
4237,이,VCP
4238,요,EF
4239,!,SF
4240,요번,NNG
4241,에,JKB
4242,는,JX
4243,색다른,VA+ETM
4244,주제,NNG
4245,로,JKB
4246,경주,NNP
4247,여행,NNG
4248,을,JKO
4249,하,VV
4250,고,EC
4251,싶,VX
4252,어요,EF
4253,2,SN
4254,박,NNBC
4255,3,SN
4256,일,NNBC
4257,경주,NNP
4258,여행,NNG
4259,코스,NNG
4260,추천,NNG
4261,입니다,VCP+EF
4262,안녕,IC
4263,하,VV
4264,세요,EP+EF
4265,2,SN
4266,코스,NNG
4267,경주,NNP
4268,남산,NNP
4269,정복,NNG
4270,하,XSV
4271,기,ETN
4272,경주,NNG
4273,여행,NNG
4274,코스,NNG
4275,중,NNB
4276,에서,JKB
4277,많,VA
4278,은,ETM
4279,4,SN
4280,코스,NNG
4281,불국사,NNG
4282,와,JC
4283,석굴암,NNG
4284,관람,NNG
4285,하,XSV
4286,기,ETN
4287,경주,NNG
4288,여행,NNG
4289,의,JKG
4290,랜드마크,NNP
4291,죠,VCP+EC
4292,경주,NNP
4293,여행,NNG
4294,(,SSO
4295,내공,NNP
4296,100,SN
4297,),SSC
4298,경주,NNP
4299,여행,NNG
4300,당일치기,NNG
4301,로,JKB
4302,일찍,MAG
4303,아침,NNG
4304,에,JKB
4305,거,VV
4306,고,EC
4307,저녁,NNG
4308,늦,VA
4309,은,ETM
4310,시간,NNG
4311,에,JKB
4312,갈려는,VV+ETM
4313,데,NNB
4314,꼭,MAG
4315,가,VV
4316,야,EC
4317,되,VV
4318,는,ETM
4319,곳,NNG
4320,이랑,JC
4321,반려,NNG
4322,건,VCP+EC
4323,동반,NNG
4324,입장,NNG
4325,이,JKS
4326,되,VV
4327,는지,EC
4328,궁금,XR
4329,합니다,XSA+EF
4330,반려,NNG
4331,견,NNG
4332,동반,NNG
4333,경주,NNP
4334,여행지,NNG
4335,추천,NNG
4336,해,XSV+EC
4337,드려요,VV+EC
4338,경주,NNP
4339,여행,NNG
4340,렌트,NNG
4341,렌트,NNG
4342,해서,XSV+EC
4343,경주,NNP
4344,여행,NNG
4345,할려,XSV+EC
4346,하,VV
4347,는데,EC
4348,경주,NNP
4349,도,JX
4350,부산,NNP
4351,처럼,JKB
4352,운전,NNG
4353,하,XSV
4354,는,ETM
4355,거,NNB
4356,많이,MAG
4357,빡센,VA+ETM
4358,가여,NNG
4359,부산,NNP
4360,에,JKB
4361,살,VV
4362,고,EC
4363,있,VX
4364,다,EC
4365,보,VX
4366,니,EC
4367,종종,MAG
4368,경주,NNP
4369,여행,NNG
4370,을,JKO
4371,가,VV
4372,는데,EC
4373,일단,MAG
4374,차,NNG
4375,가,JKS
4376,많이,MAG
4377,몰리,VV
4378,는,ETM
4379,곳,NNG
4380,은,JX
4381,황리,NNG
4382,단,MM
4383,길,NNG
4384,첨성대,NNG
4385,인근,NNG
4386,대릉원,NNG
4387,인근,NNG
4388,경주,NNP
4389,시내,NNG
4390,정도,NNG
4391,입니다,VCP+EF
4392,여기,NP
4393,외,NNB
4394,에,JKB
4395,는,JX
4396,운전,NNG
4397,하,XSV
4398,는데,EC
4399,주말,NNG
4400,1,SN
4401,박,NNBC
4402,2,SN
4403,일,NNBC
4404,경주,NNP
4405,여행,NNG
4406,코스,NNG
4407,문,NNG
4408,의,JKG
4409,드립니다,VV+EF
4410,.,SF
4411,엄마,NNG
4412,아빠,NNG
4413,랑,JKB
4414,같이,MAG
4415,갈,VV+ETM
4416,건데요,NNB+VCP+EF
4417,전,MM
4418,경주로,NNG
4419,수학여행,NNG
4420,다녀온,VV+ETM
4421,지,NNB
4422,너무,MAG
4423,오래,MAG
4424,됐,VV+EP
4425,고,EC
4426,엄마,NNG
4427,아빠,NNG
4428,는,JX
4429,경주,NNP
4430,여행,NNG
4431,이,JKS
4432,처음,NNG
4433,이,VCP
4434,라서요,EF
4435,그리고,MAJ
4436,경주,NNP
4437,맛집,NNG
4438,있,VV
4439,으면,EC
4440,추도,NNG
4441,부탁,NNG
4442,드려,VV+EF
4443,용,XSN
4444,주말,NNG
4445,1,SN
4446,박,NNBC
4447,2,SN
4448,일,NNBC
4449,경주,NNP
4450,여행,NNG
4451,코스,NNG
4452,문,NNG
4453,의,JKG
4454,드립니다,VV+EC
4455,답변,NNG
4456,드릴게요,VV+EC
4457,경주,NNP
4458,는,JX
4459,경주,NNP
4460,여행,NNG
4461,숙소,NNG
4462,11,SN
4463,월,NNBC
4464,20,SN
4465,일,NNBC
4466,토요일,NNG
4467,경주,NNP
4468,여행,NNG
4469,을,JKO
4470,가,VV
4471,려고,EC
4472,하,VV
4473,는데,EC
4474,숙소,NNG
4475,정하,VV
4476,기,ETN
4477,가,JKS
4478,힘드,VA
4479,네요,EC
4480,5,SN
4481,인,NNG
4482,2021,SN
4483,낭,NNG
4484,만,JX
4485,있,VX
4486,는,ETM
4487,가을,NNG
4488,에,JKB
4489,경주,NNP
4490,여행,NNG
4491,즐기,VV
4492,고,EC
4493,싶,VX
4494,다면,EC
4495,경주,NNP
4496,신상,NNG
4497,풀,NNG
4498,빌,VV
4499,라,EC
4500,오,VX
4501,세요,EP+EF
4502,수,NNB
4503,있,VV
4504,어요,EF
4505,경주,NNP
4506,펜션,NNG
4507,경주,NNP
4508,풀,NNG
4509,빌라,NNP
4510,경주,NNP
4511,숙소,NNG
4512,경주,NNP
4513,신축,NNG
4514,펜션,NNG
4515,경주,NNP
4516,가,JKS
4517,볼,VV+ETM
4518,만,NNB
4519,한,XSA+ETM
4520,곳,NNB
4521,경주,NNP
4522,여행,NNG
4523,경주,NNP
4524,여행,NNG
4525,택시,NNG
4526,투어,NNG
4527,와,JC
4528,렌트카,NNG
4529,이용,NNG
4530,12,SN
4531,월,NNBC
4532,에,JKB
4533,1,SN
4534,박,NNBC
4535,2,SN
4536,일,NNBC
4537,지인,NNG
4538,들,XSN
4539,과,JC
4540,경주,NNP
4541,여행,NNG
4542,가,VV
4543,기,ETN
4544,로,JKB
4545,했,VV+EP
4546,는데,EC
4547,질문,NNG
4548,하,XSV
4549,신,EP+ETM
4550,경주,NNP
4551,여행,NNG
4552,택시,NNG
4553,투어,NNG
4554,와,JC
4555,관련,NNG
4556,하,XSA
4557,여,EC
4558,답변,NNG
4559,드리,VV
4560,겠,EP
4561,습니다,EF
4562,음,IC
4563,경주,NNP
4564,택시,NNG
4565,투어,NNG
4566,도,JX
4567,경주,NNP
4568,여행,NNG
4569,시,NNB
4570,편안,NNG
4571,하,XSA
4572,게,EC
4573,최근,NNG
4574,들,XSN
4575,어,IC
4576,경주,NNP
4577,여행,NNG
4578,시,NNB
4579,많,VA
4580,은,ETM
4581,분,NNB
4582,들,XSN
4583,이,JKS
4584,택시,NNG
4585,투어,NNG
4586,를,JKO
4587,이용,NNG
4588,하,XSV
4589,시,EP
4590,는데요,EC
4591,1,SN
4592,박,NNBC
4593,2,SN
4594,일,NNBC
4595,로,JKB
4596,경주,NNP
4597,여행,NNG
4598,을,JKO
4599,갑니다,VV+EC
4600,1,SN
4601,박,NNBC
4602,2,SN
4603,일,NNBC
4604,로,JKB
4605,경주,NNP
4606,여행,NNG
4607,을,JKO
4608,갑니다,VV+EC
4609,천군동,NNP
4610,에,JKB
4611,위치,NNG
4612,한,XSA+ETM
4613,풀,NNG
4614,빌라,NNG
4615,3,SN
4616,시,NNBC
4617,입실,NNG
4618,인데,VCP+EC
4619,경주,NNP
4620,12,SN
4621,시,NNBC
4622,도착,NNG
4623,예정,NNG
4624,이,VCP
4625,라서,EC
4626,그동안,NNG
4627,안녕,NNG
4628,하,XSV
4629,세요,EP+EF
4630,무,XPN
4631,계획,NNG
4632,없이,MAG
4633,이,MM
4634,루트,NNG
4635,로,JKB
4636,가,VV
4637,면,EC
4638,실패,NNG
4639,가,JKS
4640,없,VA
4641,는,ETM
4642,경주,NNP
4643,여행,NNG
4644,소개,NNG
4645,해,XSV+EC
4646,볼까,VX+EC
4647,합니다,VX+EF
4648,한번,MAG
4649,보,VV
4650,시,EP
4651,고,EC
4652,마음,NNG
4653,에,JKB
4654,드,VV
4655,신다면,EP+EC
4656,경주,NNP
4657,여행,NNG
4658,에,JKB
4659,빠질,VV+ETM
4660,수,NNB
4661,없,VA
4662,는,ETM
4663,빵집,NNG
4664,?,SF
4665,경주,NNP
4666,여행,NNG
4667,에,JKB
4668,빠질,VV+ETM
4669,수,NNB
4670,없,VA
4671,는,ETM
4672,빵집,NNG
4673,알려,VV+EC
4674,주,VX
4675,세요,EP+EF
4676,주말,NNG
4677,에,JKB
4678,남편,NNG
4679,과,JC
4680,경주,NNP
4681,여행,NNG
4682,갑니다,VV+EC
4683,제,NP
4684,가,JKS
4685,빵,NNG
4686,을,JKO
4687,너무,MAG
4688,좋,VA
4689,아,EC
4690,하,VV
4691,는데,EC
4692,경주,NNP
4693,여행,NNG
4694,에서,NNG
4695,만,JX
4696,먹,VV
4697,을,ETM
4698,수,NNB
4699,있,VV
4700,는,ETM
4701,빵집,NNG
4702,어딘가요,NP+VCP+EF
4703,경주,NNP
4704,여행,NNG
4705,하,XSV
4706,기,ETN
4707,좋,VA
4708,은,ETM
4709,계절,NNG
4710,입니다,VCP+EF
4711,저,NP
4712,도,JX
4713,늘,MAG
4714,이맘때,NNG
4715,아이,NNG
4716,들,XSN
4717,과,JC
4718,경주,NNP
4719,에,JKB
4720,가,VV
4721,거든요,EF
4722,경주,NNP
4723,여행,NNG
4724,코스,NNG
4725,동선,NNG
4726,어떻게,MAG
4727,짜,VV
4728,야,EC
4729,될까요,VV+EF
4730,?,SF
4731,자차,NNG
4732,이용,NNG
4733,해서,XSV+EC
4734,1,SN
4735,박,NNBC
4736,2,SN
4737,일,NNBC
4738,로,JKB
4739,경주,NNP
4740,여행,NNG
4741,을,JKO
4742,가,VV
4743,려고,EC
4744,합니다,VX+EF
4745,경주,NNP
4746,여행,NNG
4747,코스,NNG
4748,동선,NNG
4749,어떻게,MAG
4750,짜,VV
4751,야,EC
4752,될까요,VV+EC
4753,이,MM
4754,문제,NNG
4755,에,JKB
4756,대한,VV+ETM
4757,해결책,NNG
4758,을,JKO
4759,제시,NNG
4760,해,XSV+EC
4761,드리,VX
4762,도록,EC
4763,하,VX
4764,겠,EP
4765,습니다,EF
4766,Step,SL
4767,1,SN
4768,경주,NNP
4769,여행,NNG
4770,이처럼,MAG
4771,경주,NNP
4772,여행,NNG
4773,코스,NNG
4774,동선,NNG
4775,을,JKO
4776,메인,VV+ETM
4777,으로,JKB
4778,잡,VV
4779,은,ETM
4780,장소,NNG
4781,와,JC
4782,그,NP
4783,와,JKB
4784,경주,NNP
4785,여행,NNG
4786,추천,NNG
4787,중학,NNG
4788,생,XSN
4789,이,VCP
4790,고,EC
4791,친구,NNG
4792,랑,JKB
4793,당일치기,NNG
4794,로,JKB
4795,경주,NNP
4796,여행,NNG
4797,을,JKO
4798,할려고,VV+EC
4799,하,VV
4800,는데,EC
4801,가,VX
4802,볼,EC+VX+ETM
4803,만,NNB
4804,한,XSA+ETM
4805,곳,NNB
4806,제,NP
4807,가,JKS
4808,저번,NNG
4809,에,JKB
4810,다녀온,VV+ETM
4811,경주,NNP
4812,여행,NNG
4813,코스,NNG
4814,를,JKO
4815,같이,MAG
4816,추천,NNG
4817,드릴,VV+ETM
4818,테,NNB+VCP
4819,니,EC
4820,참고,NNG
4821,용,XSN
4822,으로,JKB
4823,tistory,SL
4824,com,SL
4825,46,SN
4826,제,NP+JKG
4827,글,NNG
4828,이,JKS
4829,도움,NNG
4830,이,JKS
4831,되,VV
4832,서,EC
4833,즐거운,VA+ETM
4834,경주,NNP
4835,여행,NNG
4836,보내,VV
4837,시,EP
4838,면,EC
4839,좋,VA
4840,겠,EP
4841,네요,EC
4842,1,SN
4843,박,NNBC
4844,2,SN
4845,일,NNBC
4846,어르신,NNG
4847,들,XSN
4848,과,JKB
4849,함께,MAG
4850,경주,NNP
4851,여행,NNG
4852,~,SY
4853,숙소,NNG
4854,와,JC
4855,.,SF
4856,..,SY
4857,1,SN
4858,박,NNBC
4859,2,SN
4860,일,NNBC
4861,어르신,NNG
4862,들,XSN
4863,경주,NNP
4864,여행,NNG
4865,추천,NNG
4866,해,XSV+EC
4867,주,VX
4868,세요,EP+EF
4869,인원,NNG
4870,20,SN
4871,25,SN
4872,명,NNBC
4873,숙소,NNG
4874,는,JX
4875,식사,NNG
4876,가,JKS
4877,함께,MAG
4878,경주,NNP
4879,여행,NNG
4880,추천,NNG
4881,안녕,NNG
4882,하,XSV
4883,세요,EP+EF
4884,경주,NNP
4885,여행,NNG
4886,에,JKB
4887,관심,NNG
4888,이,JKS
4889,있,VV
4890,으신,EP+ETM
4891,것,NNB
4892,같,VA
4893,아서,EC
4894,저희,NP
4895,가,JKS
4896,함께,MAG
4897,하,VV
4898,는,ETM
4899,경주,NNP
4900,여행,NNG
4901,에서,JKB
4902,는,JX
4903,역사,NNG
4904,와,JC
4905,문화,NNG
4906,를,JKO
4907,경험,NNG
4908,할,XSV+ETM
4909,수,NNB
4910,있,VV
4911,는,ETM
4912,명소,NNG
4913,를,JKO
4914,추천,NNG
4915,합니다,XSV+EC
4916,경주,NNP
4917,여행,NNG
4918,용,XSN
4919,황,NNG
4920,이,JKS
4921,무엇,NP
4922,인가요,VCP+EF
4923,?,SF
4924,안녕,IC
4925,하,VV
4926,세요,EP+EF
4927,경주,NNP
4928,여행,NNG
4929,하,XSV
4930,려고,EC
4931,알아보,VV
4932,고,EC
4933,있,VX
4934,습니다,EF
4935,알아보,VV
4936,던,ETM
4937,중,NNB
4938,황리,NNG
4939,단,MM
4940,길,NNG
4941,과,JC
4942,용,NNG
4943,황동,NNG
4944,용,XSN
4945,황지,NNG
4946,구,VCP+EC
4947,이렇게,MAG
4948,알,VV
4949,게,EC
4950,되,VV
4951,었,EP
4952,는데,EC
4953,지역민,NNG
4954,은,JX
4955,용,NNG
4956,황,NNG
4957,쪽,NNB
4958,에서,JKB
4959,자주,MAG
4960,놀,VV
4961,고,EC
4962,관광객,NNG
4963,들,XSN
4964,은,JX
4965,황리,NNG
4966,단,MM
4967,길,NNG
4968,에서,JKB
4969,논다는,VV+ETM
4970,말,NNG
4971,이,JKS
4972,있,VV
4973,더라고요,EC
4974,용,NNG
4975,황동,NNG
4976,이,VCP
4977,라는,ETM
4978,곳,NNG
4979,은,JX
4980,아예,MAG
4981,없,VA
4982,던데,EC
4983,경주,NNP
4984,여행,NNG
4985,돌아볼,VV+ETM
4986,곳,NNB
4987,경주,NNP
4988,여행,NNG
4989,코스,NNG
4990,알아보,VV
4991,고,EC
4992,있,VX
4993,는데,EC
4994,마땅히,MAG
4995,갈만,NNG
4996,한,XSA+ETM
4997,곳,NNB
4998,있,VA
4999,을까,EF
5000,영,MAG
5001,안녕,NNG
5002,하,XSV
5003,세요,EP+EF
5004,취향,NNG
5005,대로,JKB
5006,머물,VV
5007,다,EC
5008,여기,VV
5009,어,EC
5010,때,NNG
5011,입니다,VCP+EF
5012,질문,NNG
5013,하,XSV
5014,신,EP+ETM
5015,경주,NNP
5016,여행,NNG
5017,관련,NNG
5018,답변,NNG
5019,드리,VV
5020,도록,EC
5021,하,VX
5022,겠,EP
5023,습니다,EF
5024,경주,NNP
5025,여행,NNG
5026,을,JKO
5027,하,VV
5028,시,EP
5029,나,EC
5030,봅니다,VX+EC
5031,갈,VX+ETM
5032,만,NNB
5033,한,XSA+ETM
5034,곳,NNG
5035,몇,MM
5036,가지,NNBC
5037,알려,VV+EC
5038,드리,VX
5039,도록,EC
5040,할머니,NNG
5041,랑,JKB
5042,12,SN
5043,월,NNBC
5044,경주,NNP
5045,여행,NNG
5046,할머니,NNG
5047,랑,JKB
5048,1,SN
5049,박,NNBC
5050,2,SN
5051,일,NNBC
5052,로,JKB
5053,경주,NNP
5054,여행,NNG
5055,갈려고,VV+EC
5056,하,VV
5057,는데,EC
5058,코스,NNG
5059,를,JKO
5060,어떻게,MAG
5061,짜,VV
5062,면,EC
5063,좋,VA
5064,을까요,EC
5065,질문,NNG
5066,하,XSV
5067,신,EP+ETM
5068,경주,NNP
5069,여행,NNG
5070,과,JC
5071,관련,NNG
5072,하,XSA
5073,여,EC
5074,답변,NNG
5075,드리,VV
5076,겠,EP
5077,습니다,EF
5078,할머니,NNG
5079,랑,JKB
5080,여행,NNG
5081,을,JKO
5082,요즘,NNG
5083,에,JKB
5084,는,JX
5085,경주,NNP
5086,택시,NNG
5087,투어,NNG
5088,를,JKO
5089,통해,VV+EC
5090,보다,MAG
5091,편안,NNG
5092,하,XSA
5093,게,EC
5094,경주,NNP
5095,여행,NNG
5096,을,JKO
5097,즐겨,VV+EC
5098,보,VX
5099,실,EP+ETM
5100,수,NNB
5101,경주,NNP
5102,여행,NNG
5103,1,SN
5104,박,NNBC
5105,2,SN
5106,일,NNBC
5107,알찬,VA+ETM
5108,코스,NNG
5109,로,JKB
5110,추천,NNG
5111,해,XSV+EC
5112,주,VX
5113,세요,EP+EF
5114,^^,SY
5115,경주,NNP
5116,여행,NNG
5117,1,SN
5118,박,NNBC
5119,2,SN
5120,일,NNBC
5121,알찬,VA+ETM
5122,코스,NNG
5123,로,JKB
5124,추천,NNG
5125,해,XSV+EC
5126,주,VX
5127,세요,EP+EF
5128,1,SN
5129,박,NNBC
5130,이,VCP
5131,라,EC
5132,짧,VA
5133,지만,EC
5134,질문,NNG
5135,하,XSV
5136,신,EP+ETM
5137,경주,NNP
5138,여행,NNG
5139,관련,NNG
5140,답변,NNG
5141,드리,VV
5142,도록,EC
5143,하,VX
5144,겠,EP
5145,습니다,EF
5146,1,SN
5147,박,NNBC
5148,2,SN
5149,일,NNBC
5150,경주,NNP
5151,여행,NNG
5152,을,JKO
5153,다녀오,VV
5154,실,EP+ETM
5155,예정,NNG
5156,이,VCP
5157,시,EP
5158,군요,EC
5159,가,VX
5160,볼,EC+VX+ETM
5161,만,NNB
5162,한,XSA+ETM
5163,곳,NNG
5164,들,XSN
5165,좋,VA
5166,으니,EC
5167,경주,NNP
5168,여행,NNG
5169,하,XSV
5170,시,EP
5171,는데,EC
5172,참고,NNG
5173,하,XSV
5174,시,EP
5175,기,ETN
5176,바랍니다,VV+EF
5177,도움,NNG
5178,이,JKS
5179,사월,NNG
5180,말,NNG
5181,에,JKB
5182,가족,NNG
5183,들,XSN
5184,과,JC
5185,경주,NNP
5186,여행,NNG
5187,계획,NNG
5188,중,NNB
5189,인데,VCP+EC
5190,사월,NNG
5191,말,NNG
5192,에,JKB
5193,가족,NNG
5194,들,XSN
5195,과,JC
5196,경주,NNP
5197,여행,NNG
5198,계획,NNG
5199,중,NNB
5200,인데,VCP+EC
5201,경주,NNP
5202,는,JX
5203,처음,MAG
5204,가,VV
5205,는,ETM
5206,곳,NNG
5207,이,JKS
5208,업,VV
5209,네요,EC
5210,가족,NNG
5211,들,XSN
5212,과,JKB
5213,가,VV
5214,볼,EC+VX+ETM
5215,만,NNB
5216,한,XSA+ETM
5217,곳,NNB
5218,즘,MAJ
5219,소개,NNG
5220,해,XSV+EC
5221,주,VX
5222,세요,EP+EF
5223,경경,NNG
5224,주,VV
5225,는,ETM
5226,가족,NNG
5227,과,JKB
5228,함께,MAG
5229,경주,NNP
5230,여행,NNG
5231,계획,NNG
5232,하,XSV
5233,고,EC
5234,계시,VX
5235,군요,EC
5236,한화,NNG
5237,리조트,NNG
5238,경주,NNP
5239,내,NNB
5240,에서,JKB
5241,도,JX
5242,즐거운,VA+ETM
5243,경주,NNP
5244,여행,NNG
5245,의,JKG
5246,추억,NNG
5247,을,JKO
5248,만드실,VV+EP+ETM
5249,수,NNB
5250,경주,NNP
5251,여행,NNG
5252,지금,MAG
5253,경주,NNP
5254,여행,NNG
5255,3,SN
5256,가지,NNBC
5257,만,JX
5258,답,NNG
5259,해,XSV+EC
5260,주,VX
5261,세요,EP+EF
5262,1,SN
5263,지금,MAG
5264,경주,NNP
5265,여행,NNG
5266,가,VV
5267,면,EC
5268,많이,MAG
5269,더,MAG
5270,울,VV
5271,까요,EF
5272,2,SN
5273,쪄죽,VV
5274,을,ETM
5275,정도,NNG
5276,로,JKB
5277,못,MAG
5278,돌아다니,VV
5279,나요,EC
5280,3,SN
5281,고속버스,NNG
5282,타,VV
5283,고,EC
5284,1,SN
5285,지금,MAG
5286,경주,NNP
5287,여행,NNG
5288,가,VV
5289,면,EC
5290,많이,MAG
5291,더,MAG
5292,울,VV
5293,까요,EF
5294,가장,MAG
5295,더운,VA+ETM
5296,시기,NNG
5297,입니다,VCP+EF
5298,낮,NNG
5299,에,JKB
5300,30,SN
5301,도,NNBC
5302,가,JKC
5303,넘,VV
5304,고,EC
5305,34,SN
5306,도,NNBC
5307,까지,JX
5308,갈,VV+ETM
5309,수,NNB
5310,도,JX
5311,있,VA
5312,습니다,EF
5313,2,SN
5314,경주,NNP
5315,여행,NNG
5316,3,SN
5317,박,NNBC
5318,4,SN
5319,일,NNBC
5320,가족,NNG
5321,여행,NNG
5322,코스,NNG
5323,추천,NNG
5324,부탁드려요,VV+EF
5325,!,SF
5326,경주,NNP
5327,여행,NNG
5328,3,SN
5329,박,NNBC
5330,4,SN
5331,일,NNBC
5332,코스,NNG
5333,로,JKB
5334,추천,NNG
5335,부탁,NNG
5336,드려요,VV+EC
5337,이번,NNG
5338,추석,NNG
5339,기간,NNG
5340,에,JKB
5341,4,SN
5342,인,NNG
5343,가족,NNG
5344,아이,NNG
5345,들,XSN
5346,은,JX
5347,없,VA
5348,어요,EF
5349,이,MM
5350,함께,MAG
5351,여행,NNG
5352,을,JKO
5353,가,VV
5354,고자,EC
5355,경주,NNP
5356,여행,NNG
5357,3,SN
5358,박,NNBC
5359,4,SN
5360,일,NNBC
5361,가족,NNG
5362,여행,NNG
5363,코스,NNG
5364,추천,NNG
5365,해,XSV+EC
5366,드릴게요,VX+EF
5367,제,NP
5368,가,JKS
5369,여러분,NP
5370,을,JKO
5371,위해,VV+EC
5372,직접,MAG
5373,조사,NNG
5374,한,XSA+ETM
5375,결과,NNG
5376,를,JKO
5377,바탕,NNG
5378,으로,JKB
5379,최적,NNG
5380,의,JKG
5381,코스,NNG
5382,를,JKO
5383,제안,NNG
5384,해,XSV+EC
5385,초등학생,NNG
5386,경주,NNP
5387,여행,NNG
5388,전남,NNP
5389,에서,JKB
5390,2,SN
5391,박,NNBC
5392,3,SN
5393,일,NNBC
5394,로,JKB
5395,초등학생,NNG
5396,데리,VV
5397,고,EC
5398,경주,NNP
5399,여행,NNG
5400,을,JKO
5401,가져,VV+EC
5402,고하,VV
5403,는데요,EF
5404,아,IC
5405,코스,NNG
5406,짜,VV
5407,기,ETN
5408,가,JKS
5409,쉽,VA
5410,지,EC
5411,않,VX
5412,네요,EF
5413,숙소,NNG
5414,는,JX
5415,질문,NNG
5416,하,XSV
5417,신,EP+ETM
5418,경주,NNP
5419,여행지,NNG
5420,관련,NNG
5421,답변,NNG
5422,드리,VV
5423,도록,EC
5424,하,VX
5425,겠,EP
5426,습니다,EF
5427,2,SN
5428,박,NNBC
5429,3,SN
5430,일,NNBC
5431,간,NNG
5432,다녀올,VV+ETM
5433,만,NNB
5434,한,XSA+ETM
5435,곳,NNG
5436,으로,JKB
5437,경주,NNP
5438,여행지,NNG
5439,를,JKO
5440,찾,VV
5441,고,EC
5442,계시,VX
5443,나,EC
5444,봅니다,VX+EC
5445,경주,NNP
5446,에,JKB
5447,경주,NNP
5448,여행,NNG
5449,코스,NNG
5450,동선,NNG
5451,별,XSN
5452,로,JKB
5453,추천,NNG
5454,해,XSV+EC
5455,주,VX
5456,세요,EP+EF
5457,.,SF
5458,경주,NNP
5459,여행,NNG
5460,코스,NNG
5461,동선,NNG
5462,일,NNG
5463,이,JKS
5464,있,VV
5465,어서,EC
5466,경주,NNP
5467,가,VV
5468,는,ETM
5469,김,NNB
5470,에,JKB
5471,다음,NNG
5472,주,NNG
5473,에,JKB
5474,하루,NNG
5475,정도,NNG
5476,만,JX
5477,보,VV
5478,려고,EC
5479,하,VV
5480,는데,EC
5481,일단,MAG
5482,석굴암,NNG
5483,불국사,NNP
5484,는,JX
5485,질문,NNG
5486,하,XSV
5487,신,EP+ETM
5488,경주,NNP
5489,여행,NNG
5490,일정,NNG
5491,관련,NNG
5492,답변,NNG
5493,드리,VV
5494,도록,EC
5495,하,VX
5496,겠,EP
5497,습니다,EF
5498,비록,MAG
5499,1,SN
5500,박,NNBC
5501,2,SN
5502,일,NNBC
5503,이,VCP
5504,지만,EC
5505,사실상,MAG
5506,당일치기,NNG
5507,인,VCP+ETM
5508,경주,NNP
5509,여행,NNG
5510,을,JKO
5511,준비,NNG
5512,1,SN
5513,박,NNBC
5514,2,SN
5515,일,NNBC
5516,초보,NNG
5517,운전,NNG
5518,경주,NNG
5519,여행,NNG
5520,코스,NNG
5521,1,SN
5522,박,NNBC
5523,2,SN
5524,일,NNBC
5525,로,JKB
5526,경주,NNP
5527,여행,NNG
5528,코스,NNG
5529,좀,MAG
5530,짜,VV+EC
5531,주,VX
5532,세요,EP+EF
5533,아무래도,MAG
5534,가,VV
5535,는,ETM
5536,데,NNB
5537,는,JX
5538,어려움,NNG
5539,이,JKS
5540,없,VA
5541,을,ETM
5542,것,NNB
5543,4,SN
5544,월,NNBC
5545,1,SN
5546,2,SN
5547,일,NNBC
5548,에,JKB
5549,경주,NNP
5550,여행,NNG
5551,하,XSV
5552,기,ETN
5553,에,JKB
5554,좋,VA
5555,은,ETM
5556,날,NNG
5557,일,VCP+ETM
5558,것,NNB
5559,같,VA
5560,아요,EF
5561,벚꽃,NNG
5562,들,XSN
5563,이,JKS
5564,서서히,MAG
5565,개화,NNG
5566,를,JKO
5567,참고,NNG
5568,로,JKB
5569,쭈니,NNP
5570,아빠,NNG
5571,블로그,NNG
5572,를,JKO
5573,방문,NNG
5574,하,XSV
5575,시,EP
5576,면,EC
5577,경주,NNP
5578,여행,NNG
5579,카테고리,NNG
5580,가,JKS
5581,있,VA
5582,습니다,EF
5583,아들,NNG
5584,과,JC
5585,(,SSO
5586,초,XPN
5587,4,SN
5588,년,NNBC
5589,),SSC
5590,경주,NNP
5591,여행,NNG
5592,일정,NNG
5593,!,SY
5594,아들,NNG
5595,과,JC
5596,경주,NNP
5597,여행,NNG
5598,을,JKO
5599,가려,VV+EC
5600,합니다,VX+EF
5601,선배,NNG
5602,님,XSN
5603,들,XSN
5604,의,JKG
5605,조언,NNG
5606,을,JKO
5607,경주,NNG
5608,여행,NNG
5609,코스,NNG
5610,추천,NNG
5611,드립니다,VV+EF
5612,안녕,IC
5613,하,VV
5614,세요,EP+EF
5615,여행,NNG
5616,전문,NNG
5617,블로거,NNP
5618,초등,NNG
5619,학교,NNG
5620,4,SN
5621,학년,NNG
5622,아들,NNG
5623,과,JKB
5624,함께,MAG
5625,가,VV
5626,는,ETM
5627,경주,NNP
5628,여행,NNG
5629,이,VCP
5630,라면,EC
5631,역사,NNG
5632,와,JC
5633,하루,NNG
5634,코스,NNG
5635,경주,NNP
5636,남산,NNP
5637,정복,NNG
5638,하,XSV
5639,기,ETN
5640,경주,NNG
5641,여행,NNG
5642,코스,NNG
5643,중,NNB
5644,에서,JKB
5645,경주,NNP
5646,여행,NNG
5647,을,JKO
5648,가,VV
5649,려고,EC
5650,함,VX+ETN
5651,니다,VCP+EF
5652,",",SC
5653,",!",SY
5654,저희,NP
5655,가족,NNG
5656,이,JKS
5657,2,SN
5658,박,NNBC
5659,3,SN
5660,일,NNBC
5661,로,JKB
5662,경주,NNP
5663,여행,NNG
5664,을,JKO
5665,가,VV
5666,려고,EC
5667,합니다,VX+EF
5668,가족,NNG
5669,은,JX
5670,4,SN
5671,인,NNG
5672,가족,NNG
5673,3,SN
5674,학년,NNG
5675,5,SN
5676,학년,NNG
5677,이,VCP
5678,구요,EF
5679,경주,NNP
5680,에,JKB
5681,있,VV
5682,는,ETM
5683,문화재,NNG
5684,를,JKO
5685,보,VV
5686,고,EC
5687,작년,NNG
5688,여름,NNG
5689,방학,NNG
5690,때,NNG
5691,저,NP
5692,도,JX
5693,경주,NNP
5694,여행,NNG
5695,한,MM
5696,번,NNBC
5697,했었,VV+EP
5698,죠,EF
5699,저,NP
5700,는,JX
5701,2,SN
5702,박,NNBC
5703,3,SN
5704,일,NNBC
5705,로,JKB
5706,갔다온,VV+ETM
5707,게,NNB+JKC
5708,아니,VCN
5709,라,EC
5710,당일,NNG
5711,로,JKB
5712,갔다왔,VV+EP
5713,습니다,EF
5714,성심껏,MAG
5715,답변,NNG
5716,포항,NNP
5717,에서,JKB
5718,경주,NNP
5719,가,VV
5720,는,ETM
5721,기차,NNG
5722,와,JC
5723,요금,NNG
5724,그리고,MAJ
5725,경주,NNP
5726,여행,NNG
5727,시,NNB
5728,.,SF
5729,..,SY
5730,포항,NNP
5731,에서,JKB
5732,경주,NNP
5733,가,VV
5734,는,ETM
5735,기차,NNG
5736,와,JC
5737,요금,NNG
5738,그리고,MAJ
5739,경주,NNP
5740,여행,NNG
5741,시,NNG
5742,중,NNB
5743,3,SN
5744,과,NNG
5745,경주,NNP
5746,여행,NNG
5747,시,XSN
5748,가,VV+EC
5749,보,VX
5750,아야,EC
5751,할,VX+ETM
5752,코스,NNG
5753,그리고,MAJ
5754,경주,NNP
5755,맛집,NNG
5756,그리고,MAJ
5757,경주,NNP
5758,여행,NNG
5759,시,XSN
5760,가,VV+EC
5761,보,VX
5762,아야,EC
5763,할,VX+ETM
5764,곳,NNG
5765,답변,NNG
5766,드릴게요,VV+EC
5767,포항,NNP
5768,에서,JKB
5769,경주,NNP
5770,가시,NNG
5771,는,JX
5772,열차,NNG
5773,시간,NNG
5774,가격,NNG
5775,경주,NNP
5776,여행,NNG
5777,시,XSN
5778,가,VV+EC
5779,보,VX
5780,아야,EC
5781,할,VX+ETM
5782,경주,NNP
5783,여행,NNG
5784,갈만,NNG
5785,한,XSA+ETM
5786,곳,NNB
5787,알려,VV+EC
5788,주,VX
5789,세요,EP+EF
5790,!,SF
5791,!,SY
5792,경주,NNP
5793,여행,NNG
5794,을,JKO
5795,가,VV
5796,려고,EC
5797,합니다,VX+EC
5798,2,SN
5799,박,NNBC
5800,3,SN
5801,일,NNBC
5802,경주,NNP
5803,를,JKO
5804,관광,NNG
5805,하,XSV
5806,며,EC
5807,옛,MM
5808,문화,NNG
5809,와,JC
5810,정서,NNG
5811,를,JKO
5812,배워,VV+EC
5813,보,VX
5814,고,EC
5815,체험,NNG
5816,하,XSV
5817,고자,EC
5818,경주,NNP
5819,여행,NNG
5820,계획,NNG
5821,을,JKO
5822,세우,VV
5823,고,EC
5824,있,VX
5825,는데요,EC
5826,1,SN
5827,일,NNBC
5828,차,NNG
5829,2,SN
5830,일,NNBC
5831,차,NNG
5832,3,SN
5833,일,NNBC
5834,차,NNG
5835,어떤,MM
5836,식,NNB
5837,으로,JKB
5838,경주,NNP
5839,여행,NNG
5840,계획,NNG
5841,을,JKO
5842,세워야할지,VV+EC+VX+EC
5843,궁금,XR
5844,합니다,XSA+EF
5845,가족,NNG
5846,들,XSN
5847,과,JKB
5848,함께,MAG
5849,하,VV
5850,는,ETM
5851,경주,NNP
5852,여행,NNG
5853,경주,NNP
5854,여행,NNG
5855,질문,NNG
5856,이,VCP
5857,요,EC
5858,안녕,NNG
5859,하,XSV
5860,세요,EP+EF
5861,경주,NNP
5862,여행,NNG
5863,을,JKO
5864,준비,NNG
5865,중,NNB
5866,인데요,VCP+EF
5867,출발지,NNG
5868,는,JX
5869,서울,NNP
5870,이,VCP
5871,구요,EF
5872,3,SN
5873,월,NNBC
5874,22,SN
5875,일,NNBC
5876,오전,NNG
5877,6,SN
5878,시,NNBC
5879,경,XSN
5880,에,JKB
5881,서울,NNP
5882,에서,JKB
5883,출발,NNG
5884,하,XSV
5885,려고,EC
5886,하,VV
5887,고요,EC
5888,부탁드려요,VV+EF
5889,경주,NNP
5890,여행,NNG
5891,일정,NNG
5892,과,JC
5893,형편,NNG
5894,에,JKB
5895,맞,VV
5896,게,EC
5897,아래,NNG
5898,코스,NNG
5899,에서,JKB
5900,조절,NNG
5901,하,XSV
5902,면,EC
5903,됩니다,VV+EF
5904,시내버스,NNG
5905,투어,NNG
5906,도보,NNG
5907,자전거,NNG
5908,역사,NNG
5909,에,JKB
5910,무지,MAG
5911,한,MM
5912,경주,NNG
5913,여행,NNG
5914,코스,NNG
5915,부탁,NNG
5916,드려요,VV+EC
5917,이번,NNG
5918,에,JKB
5919,여동생,NNG
5920,이랑,JC
5921,경주,NNP
5922,여행,NNG
5923,1,SN
5924,박,NNBC
5925,2,SN
5926,일,NNBC
5927,하,VV
5928,려고,EC
5929,하,VX
5930,는데요,EF
5931,부끄럽,VA
5932,지만,EC
5933,고등학생,NNG
5934,때,NNG
5935,역사,NNG
5936,넘,MAG
5937,싫,VA
5938,어,EC
5939,해서,VV+EC
5940,역사,NNG
5941,잘,MAG
5942,몰라요,VV+EC
5943,안내소,NNG
5944,책자,NNG
5945,나,JC
5946,경주,NNP
5947,여행,NNG
5948,사이트,NNG
5949,활용,NNG
5950,하,XSV
5951,시,EP
5952,면,EC
5953,됩니다,VV+EF
5954,책자,NNG
5955,가,JKS
5956,진짜,MAG
5957,잘,MAG
5958,나와,VV+EC
5959,있,VX
5960,어서,EC
5961,그리고,MAJ
5962,경주,NNP
5963,나,JC
5964,어디,NP
5965,여행,NNG
5966,가시,VV
5967,면,EC
5968,경주,NNP
5969,여행,NNG
5970,코스,NNG
5971,추천,NNG
5972,경주,NNG
5973,여행,NNG
5974,가,VV
5975,려고,EC
5976,합니다,VX+EC
5977,4,SN
5978,우러,VV+EC
5979,30,SN
5980,일,NNBC
5981,새벽,NNG
5982,에,JKB
5983,출발,MAG
5984,해서,VV+EC
5985,대명,NNG
5986,콘도,NNG
5987,에,JKB
5988,묵,VV
5989,을,ETM
5990,예정,NNG
5991,인데,VCP+EC
5992,1,SN
5993,박,NNBC
5994,2,SN
5995,일,NNBC
5996,동안,NNG
5997,있,VV
5998,을,ETM
5999,예정,NNG
6000,이,VCP
6001,고,EC
6002,기림사,NNG
6003,분황사,NNG
6004,부처,NNG
6005,골,NNG
6006,무열왕릉,NNG
6007,석굴암,NNG
6008,황룡,NNG
6009,사지,NNG
6010,오릉,NNG
6011,국립,NNG
6012,경주,NNP
6013,박물관,NNG
6014,참고,NNG
6015,하,XSV
6016,시,EP
6017,어,EC
6018,유쾌,XR
6019,한,XSA+ETM
6020,경주,NNP
6021,여행,NNG
6022,하,XSV
6023,시,EP
6024,기,ETN
6025,를,JKO
6026,경주,NNP
6027,여행,NNG
6028,날씨,NNG
6029,.,SF
6030,.,SY
6031,10,SN
6032,월,NNBC
6033,8,SN
6034,일,NNBC
6035,날,NNG
6036,경주,NNP
6037,여행,NNG
6038,가,VV
6039,려는데,EC
6040,날씨,NNG
6041,가,JKS
6042,어떤,MM
6043,가요,NNG
6044,10,SN
6045,월,NNBC
6046,8,SN
6047,일,NNBC
6048,경주,NNP
6049,날씨,NNG
6050,는,JX
6051,대체로,MAG
6052,흐릴,VV+ETM
6053,가능,NNG
6054,성,XSN
6055,이,JKS
6056,있,VV
6057,으며,EC
6058,낮,NNG
6059,기온,NNG
6060,은,JX
6061,18,SN
6062,22,SN
6063,C,SL
6064,정도,NNG
6065,로,JKB
6066,예상,NNG
6067,돼요,XSV+EC
6068,비,NNG
6069,가,JKS
6070,내릴,VV+ETM
6071,가능,NNG
6072,성,XSN
6073,은,JX
6074,낮,VA
6075,지만,EC
6076,흐린,VV+ETM
6077,날씨,NNG
6078,가,JKS
6079,이어질,VV+ETM
6080,수,NNB
6081,있,VV
6082,으니,EC
6083,여행,NNG
6084,계획,NNG
6085,에,JKB
6086,참고,NNG
6087,하,XSV
6088,시,EP
6089,면,EC
6090,좋,VA
6091,을,ETM
6092,것,NNB
6093,경주,NNP
6094,여행,NNG
6095,코스,NNG
6096,(,SSO
6097,2,SN
6098,박,NNBC
6099,3,SN
6100,일,NNBC
6101,),SSC
6102,5,SN
6103,월,NNBC
6104,23,SN
6105,일,NNBC
6106,5,SN
6107,월,NNBC
6108,25,SN
6109,일,NNBC
6110,경주,NNP
6111,여행,NNG
6112,코스,NNG
6113,추천,NNG
6114,해,XSV+EC
6115,주,VX
6116,세요,EP+EF
6117,1,SN
6118,대상,NNG
6119,어머니,NNG
6120,자녀,NNG
6121,9,SN
6122,세,NNBC
6123,본인,NNG
6124,경주,NNP
6125,여행,NNG
6126,코스,NNG
6127,2,SN
6128,박,NNBC
6129,3,SN
6130,일,NNBC
6131,답변,NNG
6132,드립니다,VV+EF
6133,안녕,IC
6134,하,VV
6135,세요,EP+EF
6136,여행,NNG
6137,전문,NNG
6138,블로거,NNP
6139,어머님,NNG
6140,을,JKO
6141,모시,VV
6142,고,EC
6143,떠나,VV
6144,는,ETM
6145,경주,NNP
6146,여행,NNG
6147,이,JKS
6148,즐거운,VA+ETM
6149,추억,NNG
6150,으로,JKB
6151,남,VV
6152,을,ETM
6153,수,NNB
6154,있,VV
6155,도록,EC
6156,제,NP
6157,가,JKS
6158,경험,NNG
6159,한,XSV+ETM
6160,경주,NNP
6161,여행,NNG
6162,가,VV
6163,려구요,EC
6164,경주,NNP
6165,여행,NNG
6166,가,VV
6167,려고,EC
6168,하,VV
6169,는,ETM
6170,데,NNB
6171,11,SN
6172,월,NNBC
6173,초,NNB
6174,에,JKB
6175,나,JX
6176,갈,VV+ETM
6177,것,NNB
6178,같,VA
6179,아요,EF
6180,그,NP
6181,쯤,XSN
6182,되,VV
6183,면,EC
6184,날씨,NNG
6185,가,JKS
6186,많이,MAG
6187,추울,VA+ETM
6188,것,NNB
6189,같,VA
6190,은데,EC
6191,그,MM
6192,시즌,NNG
6193,에,JKB
6194,다니,VV
6195,기,ETN
6196,가,JKS
6197,괜찮,VA
6198,을까요,EC
6199,11,SN
6200,월,NNBC
6201,이,VCP
6202,면,EC
6203,가을,NNG
6204,도,JX
6205,무르익,VV
6206,어,EC
6207,갈,VX+ETM
6208,무렵,NNB
6209,이,VCP
6210,고,EC
6211,그리,MAG
6212,춥,VA
6213,지,EC
6214,않,VX
6215,아서,EC
6216,경주,NNP
6217,여행,NNG
6218,코스,NNG
6219,",",SC
6220,신경주역,NNP
6221,경주역,NNP
6222,질문,NNG
6223,드려요,VV+EC
6224,안녕,NNG
6225,하,XSV
6226,세요,EP+EF
6227,20,SN
6228,대,NNBC
6229,여성,NNG
6230,이,JKS
6231,고요,NNG
6232,친구,NNG
6233,랑,JKB
6234,여행,NNG
6235,가,VV
6236,려고,EC
6237,계획,NNG
6238,짜,VV
6239,고,EC
6240,있,VX
6241,는데,EC
6242,경주,NNP
6243,여행,NNG
6244,은,JX
6245,처음,NNG
6246,이,VCP
6247,라,EC
6248,질문,NNG
6249,드려요,VV+EC
6250,2,SN
6251,박,NNBC
6252,3,SN
6253,일,NNBC
6254,어디,NP
6255,가,JKS
6256,이동,NNG
6257,하,XSV
6258,기,ETN
6259,좋,VA
6260,을까요,EC
6261,바다,NNG
6262,위주,NNG
6263,야경,NNG
6264,여행,NNG
6265,아직,MAG
6266,숙소,NNG
6267,도,JX
6268,잡,VV
6269,기,ETN
6270,전,NNG
6271,입니다,VCP+EF
6272,경주,NNP
6273,여행,NNG
6274,시,XSN
6275,가,VV
6276,볼,EC+VX+ETM
6277,만,NNB
6278,한,XSA+ETM
6279,곳,NNG
6280,1,SN
6281,박,NNBC
6282,2,SN
6283,일,NNBC
6284,경주,NNP
6285,여행,NNG
6286,일정,NNG
6287,짜,VV+EC
6288,주,VX
6289,세요,EP+EF
6290,1,SN
6291,박,NNBC
6292,2,SN
6293,일,NNBC
6294,경주,NNP
6295,여행,NNG
6296,일정,NNG
6297,짜,VV+EC
6298,주,VX
6299,세요,EP+EC
6300,질,VX+ETM
6301,문자,NNG
6302,님,XSN
6303,경주,NNP
6304,에서,JKB
6305,의,JKG
6306,1,SN
6307,박,NNBC
6308,2,SN
6309,일,NNBC
6310,여행,NNG
6311,을,JKO
6312,계획,NNG
6313,중,NNB
6314,이,VCP
6315,시,EP
6316,군요,EF
6317,특히,MAG
6318,소록,NNG
6319,스테이,NNG
6320,에서,NNG
6321,의,JKG
6322,아래,NNG
6323,에,JKB
6324,경주,NNP
6325,여행,NNG
6326,일정,NNG
6327,을,JKO
6328,간략히,MAG
6329,정리,NNG
6330,해,XSV+EC
6331,드릴게요,VX+EC
6332,1,SN
6333,박,NNBC
6334,2,SN
6335,일,NNBC
6336,경주,NNP
6337,여행,NNG
6338,일정,NNG
6339,Day,SL
6340,1,SN
6341,감성,NNG
6342,가득,MAG
6343,한,XSA+ETM
6344,경주,NNP
6345,탐방,MAG
6346,10,SN
6347,30,SN
6348,어머니,NNG
6349,랑,JKB
6350,1,SN
6351,박,NNBC
6352,2,SN
6353,일,NNBC
6354,경주,NNP
6355,여행,NNG
6356,이제,MAG
6357,5,SN
6358,월,NNBC
6359,달,NNG
6360,어버이날,NNP
6361,을,JKO
6362,위해,VV+EC
6363,어머니,NNG
6364,랑,JC
6365,경주,NNP
6366,여행,NNG
6367,을,JKO
6368,할려고,VV+EC
6369,합니다,VX+EF
6370,놀,VV
6371,러,EC
6372,갈,VX+ETM
6373,데,NNB
6374,는,JX
6375,다,MAG
6376,정했,VV+EP
6377,는데,EC
6378,펜션,NNG
6379,을,JKO
6380,안녕,NNG
6381,하,XSV
6382,세요,EP+EF
6383,어버이날,NNP
6384,을,JKO
6385,맞,VV
6386,아,EC
6387,어머니,NNG
6388,와,JKB
6389,함께,MAG
6390,경주,NNP
6391,여행,NNG
6392,을,JKO
6393,계획,NNG
6394,중,NNB
6395,이,VCP
6396,시,EP
6397,군요,EF
6398,특별,NNG
6399,한,XSA+ETM
6400,시간,NNG
6401,을,JKO
6402,보내,VV
6403,시,EP
6404,려는,ETM
6405,마음,NNG
6406,이,JKS
6407,느껴져서,VV+EC+VX+EC
6408,더욱,MAG
6409,경주,NNP
6410,여행,NNG
6411,5,SN
6412,월,NNBC
6413,6,SN
6414,7,SN
6415,8,SN
6416,일,NNBC
6417,경주,NNP
6418,여행,NNG
6419,을,JKO
6420,가,VV
6421,는데요,EC
6422,동궁,NNG
6423,과,JC
6424,월지,NNG
6425,와,JC
6426,월,NNG
6427,정교,NNG
6428,야경,NNG
6429,을,JKO
6430,보,VV
6431,고,EC
6432,싶,VX
6433,은데,EC
6434,7,SN
6435,일,NNBC
6436,에,JKB
6437,정상,NNG
6438,운영,NNG
6439,되,VV
6440,나요,EC
6441,휴무일,NNG
6442,이,JKS
6443,따로,MAG
6444,없,VA
6445,어서,EC
6446,관람,NNG
6447,에,JKB
6448,방해,NNG
6449,가,JKS
6450,될,VV+ETM
6451,정도,NNG
6452,로,JKB
6453,날씨,NNG
6454,가,JKS
6455,나쁜,VA+ETM
6456,상황,NNG
6457,이,JKS
6458,생겨서,VV+EC
6459,통제,NNG
6460,를,JKO
6461,하,VV
6462,는,ETM
6463,경우,NNG
6464,가,JKC
6465,아니,VCN
6466,라면,EC
6467,관람,NNG
6468,이,JKS
6469,가능,NNG
6470,하,XSA
6471,겠,EP
6472,습니다,EF
6473,경주,NNP
6474,여행,NNG
6475,30,SN
6476,만,NR
6477,원,NNBC
6478,경주,NNG
6479,여행,NNG
6480,2,SN
6481,박,NNBC
6482,3,SN
6483,일,NNBC
6484,남자,NNG
6485,친구,NNG
6486,랑,JKB
6487,가,VV
6488,는데,EC
6489,숙소,NNG
6490,랑,JKB
6491,ktx,SL
6492,비,NNG
6493,는,JX
6494,다,MAG
6495,냈,VV+EP
6496,고,EC
6497,제,NP+JKG
6498,개인,NNG
6499,적,XSN
6500,으로,JKB
6501,30,SN
6502,만,NR
6503,원,NNBC
6504,이,VCP
6505,면,EC
6506,부족,NNG
6507,할까요,XSV+EC
6508,30,SN
6509,만,NR
6510,원,NNBC
6511,으로,JKB
6512,경주,NNP
6513,여행,NNG
6514,을,JKO
6515,계획,NNG
6516,하,XSV
6517,고,EC
6518,계신다면,VX+EC
6519,예산,NNG
6520,이,JKS
6521,어떻게,MAG
6522,집행,NNG
6523,되,XSV
6524,느냐,EC
6525,에,JKB
6526,따라,VV+EC
6527,충분,XR
6528,할,XSA+ETM
6529,수,NNB
6530,도,JX
6531,부족,NNG
6532,할,XSV+ETM
6533,수,NNB
6534,도,JX
6535,있,VA
6536,습니다,EF
6537,경주,NNP
6538,여행,NNG
6539,맛집,NNG
6540,경주,NNP
6541,여행,NNG
6542,가,VV
6543,고,EC
6544,싶,VX
6545,은데,EC
6546,맛집,NNG
6547,추천,NNG
6548,부탁,NNG
6549,드,VV
6550,려뇨,EC
6551,경주,NNP
6552,여행,NNG
6553,가이드,NNG
6554,교통편,NNG
6555,맛집,NNG
6556,볼거리,NNG
6557,까지,JX
6558,모두,MAG
6559,알려,VV+EC
6560,줄,VX+ETM
6561,게,NNB+JKS
6562,요,JX
6563,경주,NNP
6564,는,JX
6565,한국,NNP
6566,의,JKG
6567,역사,NNG
6568,와,JC
6569,문화,NNG
6570,가,JKS
6571,살,VV
6572,아,EC
6573,숨,NNG
6574,쉬,VV
6575,는,ETM
6576,도시,NNG
6577,로,JKB
6578,여행,NNG
6579,하,XSV
6580,기,ETN
6581,좋,VA
6582,은,ETM
6583,명소,NNG
6584,가,JKS
6585,많,VA
6586,아요,EC
6587,2025,SN
6588,년,NNBC
6589,봄,NNG
6590,경주,NNP
6591,로,JKB
6592,떠나,VV
6593,고,EC
6594,경주,NNP
6595,여행,NNG
6596,을,JKO
6597,가,VV
6598,는,ETM
6599,데,NNB
6600,갈,VV+ETM
6601,만,NNB
6602,한,XSA+ETM
6603,곳,NNG
6604,추천,NNG
6605,좀,MAG
6606,경주,NNP
6607,여행,NNG
6608,을,JKO
6609,가,VV
6610,는,ETM
6611,데,NNB
6612,갈,VV+ETM
6613,만,NNB
6614,한,XSA+ETM
6615,곳,NNG
6616,추천,NNG
6617,좀,MAG
6618,해,VV+EC
6619,주,VX
6620,세요,EP+EF
6621,경주,NNP
6622,여행,NNG
6623,추천,NNG
6624,지,NNG
6625,입니다,VCP+EF
6626,경주,NNP
6627,월드,NNG
6628,국립,NNG
6629,경주,NNP
6630,박물관,NNG
6631,황리,NNG
6632,단,MM
6633,길,NNG
6634,첨성대,NNG
6635,불국사,NNP
6636,엑스포,NNG
6637,공원,NNG
6638,등등,NNB
6639,입니다,VCP+EC
6640,2,SN
6641,월,NNBC
6642,1,SN
6643,~,SY
6644,2,SN
6645,일,NNBC
6646,경주,NNP
6647,여행,NNG
6648,날씨,NNG
6649,2,SN
6650,월,NNBC
6651,1,SN
6652,2,SN
6653,일,NNBC
6654,로,JKB
6655,경주,NNP
6656,여행,NNG
6657,가,VV
6658,는데,EC
6659,현재,MAG
6660,날씨,NNG
6661,가,JKS
6662,어떤,MM
6663,가요,NNG
6664,눈,NNG
6665,쌓였,VV+EP
6666,나요,EF
6667,시외버스,NNG
6668,타,VV
6669,고,EC
6670,가,VX
6671,는데,EC
6672,빙판길,NNG
6673,일까봐,VCP+EC+VX+EC
6674,불안,NNG
6675,해요,XSA+EF
6676,경주,NNP
6677,는,JX
6678,눈,NNG
6679,그렇게,MAG
6680,많이,MAG
6681,오,VV
6682,지,EC
6683,않,VX
6684,고,EC
6685,날씨,NNG
6686,도,JX
6687,많이,MAG
6688,춥,VA
6689,지,EC
6690,는,JX
6691,않,VX
6692,아요,EF
6693,주말,NNG
6694,에,JKB
6695,춥,VA
6696,다고,EC
6697,는,JX
6698,해도,VV+EC
6699,그때,NNG
6700,예보,NNG
6701,를,JKO
6702,보,VV
6703,는,ETM
6704,게,NNB+JKS
6705,좋,VA
6706,겠,EP
6707,죠,EF
6708,경주,NNP
6709,여행,NNG
6710,중,NNB
6711,놓치,VV
6712,지,EC
6713,말,VX
6714,아야,EC
6715,할,VX+ETM
6716,맛집,NNG
6717,과,JC
6718,카페,NNG
6719,알려,VV+EC
6720,주,VX
6721,세요,EP+EF
6722,경주,NNP
6723,여행,NNG
6724,을,JKO
6725,계획,NNG
6726,중,NNB
6727,이,VCP
6728,며,EC
6729,맛집,NNG
6730,과,JC
6731,카페,NNG
6732,에서,JKB
6733,특별,NNG
6734,한,XSA+ETM
6735,경험,NNG
6736,을,JKO
6737,하,VV
6738,고,EC
6739,싶,VX
6740,습니다,EF
6741,예,NNG
6742,를,JKO
6743,들,VV
6744,어,EC
6745,독특,XR
6746,한,XSA+ETM
6747,메뉴,NNG
6748,나,JC
6749,특별,NNG
6750,한,XSA+ETM
6751,뷰,NNP
6752,를,JKO
6753,제공,NNG
6754,하,XSV
6755,는,ETM
6756,곳,NNB
6757,혹은,MAJ
6758,전통,NNG
6759,적,XSN
6760,인,VCP+ETM
6761,분위기,NNG
6762,와,JC
6763,현대,NNG
6764,적,XSN
6765,인,VCP+ETM
6766,요소,NNG
6767,가,JKS
6768,조화,NNG
6769,를,JKO
6770,이루,VV
6771,는,ETM
6772,장소,NNG
6773,에,JKB
6774,대해,VV+EC
6775,알,VV
6776,고,EC
6777,싶,VX
6778,습니다,EF
6779,경주,NNP
6780,에,JKB
6781,가,VV
6782,면,EC
6783,황남빵,NNP
6784,과,JC
6785,2,SN
6786,박,NNBC
6787,3,SN
6788,일,NNBC
6789,경주,NNP
6790,여행,NNG
6791,일정,NNG
6792,을,JKO
6793,어떻게,MAG
6794,짜,VV
6795,야,EC
6796,할지,VX+EC
6797,고민,NNG
6798,입니다,VCP+EF
6799,.,SF
6800,2,SN
6801,박,NNBC
6802,3,SN
6803,일,NNBC
6804,경주,NNP
6805,여행,NNG
6806,아빠,NNG
6807,엄마,NNG
6808,중,NNB
6809,1,SN
6810,아들,NNG
6811,초,NNB
6812,2,SN
6813,딸,NNG
6814,1,SN
6815,일,NNBC
6816,차,NNG
6817,ktx,SL
6818,타,VV
6819,고,EC
6820,경주,NNP
6821,역하,NNG
6822,차,NNG
6823,11,SN
6824,시,NNBC
6825,숙소,NNG
6826,는,JX
6827,황리,NNG
6828,단,MM
6829,길,NNG
6830,황남,NNG
6831,고택,NNG
6832,2,SN
6833,일,NNBC
6834,차,NNG
6835,제,NP
6836,가,JKS
6837,드린,VV+ETM
6838,답변,NNG
6839,이,JKS
6840,도움,NNG
6841,되,XSV
6842,셨,EP+EP
6843,길,ETN+JKO
6844,바래요,VV+EF
6845,말씀,NNG
6846,하,XSV
6847,신,EP+ETM
6848,질문,NNG
6849,2,SN
6850,박,NNBC
6851,3,SN
6852,일,NNBC
6853,경주,NNP
6854,여행,NNG
6855,아빠,NNG
6856,엄마,NNG
6857,중,NNB
6858,1,SN
6859,아들,NNG
6860,초,NNB
6861,2,SN
6862,딸,NNG
6863,1,SN
6864,일,NNBC
6865,차,NNG
6866,ktx,SL
6867,타,VV
6868,고,EC
6869,경주,NNP
6870,여행,NNG
6871,경주,NNG
6872,여행,NNG
6873,은,JX
6874,아래,NNG
6875,를,JKO
6876,참조,NNG
6877,하,XSV
6878,시,EP
6879,면,EC
6880,더,MAG
6881,도움,NNG
6882,될,XSV+ETM
6883,거,NNB
6884,에요,VCP+EF
6885,https,SL
6886,valina,SL
6887,8342,SN
6888,tistory,SL
6889,com,SL
6890,entry,SL
6891,EC,SL
6892,B,SL
6893,2,SN
6894,9,SN
6895,C,SL
6896,EB,SL
6897,85,SN
6898,84,SN
6899,EC,SL
6900,9,SN
6901,D,SL
6902,98,SN
6903,EC,SL
6904,97,SN
6905,AD,SL
6906,EC,SL
6907,82,SN
6908,AC,SL
6909,EC,SL
6910,99,SN
6911,80,SN
6912,EA,SL
6913,B,SL
6914,0,SN
6915,90,SN
6916,EC,SL
6917,84,SN
6918,B,SL
6919,1,SN
6920,EC,SL
6921,97,SN
6922,AC,SL
6923,ED,SL
6924,96,SN
6925,89,SN
6926,EA,SL
6927,B,SL
6928,2,SN
6929,BD,SL
6930,EC,SL
6931,A,SL
6932,3,SN
6933,BC,SL
6934,ED,SL
6935,95,SN
6936,84,SN
6937,EC,SL
6938,88,SN
6939,98,SN
6940,EC,SL
6941,BD,SL
6942,94,SN
6943,EC,SL
6944,8,SN
6945,A,SL
6946,A,SL
6947,4,SN
6948,EC,SL
6949,경주,NNP
6950,여행,NNG
6951,질문,NNG
6952,경주,NNG
6953,여행,NNG
6954,코스,NNG
6955,짜,VV+EC
6956,봤,VX+EP
6957,는데요,EF
6958,이렇게,MAG
6959,가,VV
6960,도,EC
6961,되,VV
6962,나요,EF
6963,그리고,MAJ
6964,2,SN
6965,일,NNBC
6966,차,NNG
6967,에,JKB
6968,경주,NNP
6969,시내,NNG
6970,권,XSN
6971,숙소,NNG
6972,인데,VCP+EC
6973,첨성대,NNG
6974,코스,NNG
6975,와,JC
6976,황리,NNG
6977,단,MM
6978,길,NNG
6979,은,JX
6980,도보이,NNP
6981,동,NNG
6982,가능,NNG
6983,한,XSA+ETM
6984,가요,NNG
6985,아니,VCN
6986,면,EC
6987,차,NNG
6988,타,VV
6989,고,EC
6990,가,VX
6991,야,EF
6992,하나,NR
6993,요,VCP+EC
6994,1,SN
6995,일,NNBC
6996,차,NNG
6997,불국사,NNG
6998,권,XSN
6999,숙소,NNG
7000,1,SN
7001,불국사,NNG
7002,2,SN
7003,석굴암,NNG
7004,바람,NNG
7005,의,JKG
7006,언덕,NNG
7007,3,SN
7008,숙소,NNG
7009,체크인,NNG
7010,4,SN
7011,경주,NNP
7012,여행,NNG
7013,2,SN
7014,월,NNBC
7015,에,JKB
7016,2,SN
7017,박,NNBC
7018,3,SN
7019,일,NNBC
7020,로,JKB
7021,경주,NNP
7022,여행,NNG
7023,가,VV
7024,려고,EC
7025,하,VV
7026,는데,EC
7027,펜션,NNG
7028,이나,JC
7029,호텔,NNG
7030,예약,NNG
7031,은,JX
7032,몇,MM
7033,달,NNBC
7034,전,NNG
7035,부터,JX
7036,하,VV
7037,는,ETM
7038,게,NNB+JKS
7039,좋,VA
7040,을까요,EC
7041,1,SN
7042,달,NNBC
7043,전,NNG
7044,이,JKS
7045,제일,MAG
7046,좋,VA
7047,습니다,EF
7048,만,JX
7049,가,VV
7050,는,ETM
7051,날짜,NNG
7052,들,XSN
7053,이,JKS
7054,성수기,NNG
7055,라면,VCP+EC
7056,2,SN
7057,달,NNBC
7058,전,NNG
7059,에,JKB
7060,하,VV
7061,는,ETM
7062,게,NNB+JKS
7063,좋,VA
7064,겠,EP
7065,죠,EF
7066,경주,NNP
7067,여행,NNG
7068,당일치기,NNG
7069,질문,NNG
7070,이,VCP
7071,요,EC
7072,뚜,MAG
7073,버,VV
7074,기,ETN
7075,인데,VCP+EC
7076,1,SN
7077,박,NNBC
7078,할지,VV+EC
7079,당일,NNG
7080,치,VV
7081,기,ETN
7082,로,JKB
7083,갔,VV+EP
7084,다,EC
7085,올지,VX+EC
7086,모르,VV
7087,겠,EP
7088,는데,EC
7089,우선,MAG
7090,당일,NNG
7091,로,JKB
7092,갈,VV+ETM
7093,거,NNB
7094,같,VA
7095,아요,EF
7096,오전,NNG
7097,11,SN
7098,시,NNBC
7099,쯤,NNB
7100,경주,NNP
7101,터미널,NNG
7102,도착,NNG
7103,오후,NNG
7104,9,SN
7105,시,NNBC
7106,경주,NNP
7107,터미널,NNG
7108,에서,JKB
7109,집,NNG
7110,가,VV
7111,는,ETM
7112,버스,NNG
7113,11,SN
7114,시,NNBC
7115,경주,NNP
7116,버스,NNG
7117,터미널,NNG
7118,에,JKB
7119,도착,NNG
7120,한다고,XSV+EC
7121,치,VV
7122,면,EC
7123,황리,NNG
7124,단,MM
7125,길,NNG
7126,대릉원,NNG
7127,첨성대,NNG
7128,월,NNG
7129,정교,NNG
7130,동궁,NNG
7131,과,JC
7132,월지,NNG
7133,경주,NNP
7134,여행,NNG
7135,가,VV
7136,볼까,EC+VX+EC
7137,하,VX
7138,는데요,EF
7139,?,SF
7140,다른,MM
7141,곳,NNG
7142,은,JX
7143,특별히,MAG
7144,안,MAG
7145,가,VV
7146,고,EC
7147,경주,NNP
7148,만,JX
7149,보,VV
7150,려고요,EC
7151,저,NP
7152,도,JX
7153,경주,NNP
7154,여행,NNG
7155,준비,NNG
7156,하,XSV
7157,면서,EC
7158,진짜,MAG
7159,헤맸,VV+EP
7160,는데요,EF
7161,시티투어,NNP
7162,탈까,VV+EC
7163,그냥,MAG
7164,블로그,NNG
7165,한,MM
7166,번,NNBC
7167,보,VV
7168,고,EC
7169,시작,NNG
7170,해,XSV+EC
7171,보,VX
7172,세요,EP+EF
7173,경주,NNP
7174,여행,NNG
7175,헛,XPN
7176,걸음,NNG
7177,없이,MAG
7178,딱,MAG
7179,맞,VV
7180,게,EC
7181,즐기,VV
7182,고,EC
7183,싶,VX
7184,다면,EC
7185,여기,NP
7186,부터,JX
7187,보,VV
7188,시,EP
7189,는,ETM
7190,거,NNB
7191,추천,NNG
7192,드립니다,VV+EC
7193,경주,NNP
7194,여행,NNG
7195,어때요,VA+EF
7196,?,SF
7197,고등학생,NNG
7198,시절,NNG
7199,추억,NNG
7200,만들,VV
7201,까,EC
7202,해요,VX+EF
7203,ㅠ,UNKNOWN
7204,.,SF
7205,..,SY
7206,경주,NNP
7207,여행,NNG
7208,어때요,VA+EF
7209,고등학생,NNG
7210,시절,NNG
7211,추억,NNG
7212,만들,VV
7213,까,EC
7214,해요,VX+EF
7215,로또,NNP
7216,되,VV
7217,는,ETM
7218,꿈,NNG
7219,꿨,VV+EP
7220,는데,EC
7221,해몽,NNG
7222,해줘요,XSV+EC+VX+EC
7223,컴퓨터,NNG
7224,조립식,NNG
7225,은,JX
7226,얼마,NNG
7227,죠,VCP+EF
7228,경주,NNP
7229,여행,NNG
7230,은,JX
7231,고등학생,NNG
7232,시절,NNG
7233,의,JKG
7234,추억,NNG
7235,을,JKO
7236,만들,VV
7237,기,ETN
7238,에,JKB
7239,아주,MAG
7240,좋,VA
7241,은,ETM
7242,선택,NNG
7243,입니다,VCP+EF
7244,경주,NNP
7245,는,JX
7246,한국,NNP
7247,의,JKG
7248,역사,NNG
7249,와,JC
7250,문화,NNG
7251,를,JKO
7252,느낄,VV+ETM
7253,수,NNB
7254,있,VV
7255,는,ETM
7256,도시,NNG
7257,로,JKB
7258,남자,NNG
7259,혼자,NNG
7260,경주,NNP
7261,여행,NNG
7262,4,SN
7263,박,NNBC
7264,5,SN
7265,일,NNBC
7266,일정,NNG
7267,및,MAJ
7268,숙소,NNG
7269,예약,NNG
7270,문,NNG
7271,의,JKG
7272,혼자,NNG
7273,경주,NNP
7274,여행,NNG
7275,멋지,VA
7276,게,EC
7277,계획,NNG
7278,중,NNB
7279,이,VCP
7280,시,EP
7281,네요,EC
7282,4,SN
7283,박,NNBC
7284,5,SN
7285,일,NNBC
7286,이,VCP
7287,면,EC
7288,여유,NNG
7289,있,VV
7290,게,EC
7291,경주,NNG
7292,를,JKO
7293,제대로,MAG
7294,느낄,VV+ETM
7295,수,NNB
7296,있,VV
7297,는,ETM
7298,일정,NNG
7299,이,VCP
7300,에요,EF
7301,가성,NNG
7302,비,XPN
7303,숙소,NNG
7304,경주역,NNP
7305,근처,NNG
7306,게스트,NNP
7307,하우스,NNP
7308,나,JC
7309,황리,NNG
7310,단,MM
7311,길,NNG
7312,쪽,NNB
7313,한옥,NNP
7314,게스트,NNP
7315,하우스,NNP
7316,가,JKS
7317,가격,NNG
7318,도,JX
7319,좋,VA
7320,고,EC
7321,접근성,NNG
7322,도,JX
7323,좋,VA
7324,아요,EF
7325,바닷가,NNG
7326,이동,NNG
7327,경주,NNP
7328,여행,NNG
7329,루트,NNG
7330,천마총,NNG
7331,경주,NNP
7332,중앙,NNG
7333,시장,NNG
7334,경주,NNP
7335,여행,NNG
7336,일정,NNG
7337,을,JKO
7338,천마총,NNG
7339,갔,VV+EP
7340,다가,EC
7341,중앙,NNG
7342,시장,NNG
7343,가,VV
7344,려고,EC
7345,하,VV
7346,는데,EC
7347,네이버,NNP
7348,지도,NNG
7349,에,JKB
7350,검색,NNG
7351,해,XSV+EC
7352,보,VX
7353,니까,EC
7354,다시,MAG
7355,밑,NNG
7356,으로,JKB
7357,내려갔,VV+EP
7358,다가,EC
7359,올라가,VV
7360,라고,EC
7361,하,VV
7362,네요,EC
7363,동선,NNG
7364,낭비,NNG
7365,너무,MAG
7366,심한,VA+ETM
7367,데,NNB
7368,지도,NNG
7369,에,JKB
7370,나온,VV+ETM
7371,거,NNB
7372,처럼,JKB
7373,삥,MAG
7374,돌아가,VV
7375,야,EF
7376,하나,NR
7377,요,VCP+EC
7378,중간,NNG
7379,에,JKB
7380,나가,VV
7381,는,ETM
7382,문,NNG
7383,없,VA
7384,나요,EC
7385,천마총,NNG
7386,20,SN
7387,대,NNBC
7388,중반,NNG
7389,여성,NNG
7390,경주,NNP
7391,여행,NNG
7392,식당,NNG
7393,및,MAJ
7394,술집,NNG
7395,추천,NNG
7396,해,XSV+EC
7397,주,VX
7398,세요,EP+EF
7399,7,SN
7400,월,NNBC
7401,에,JKB
7402,친구,NNG
7403,들,XSN
7404,이랑,JC
7405,경주,NNP
7406,여행,NNG
7407,을,JKO
7408,가,VV
7409,는데,EC
7410,경주,NNP
7411,에,JKB
7412,대해서,VV+EC
7413,마땅히,MAG
7414,잘,MAG
7415,알,VV
7416,지,EC
7417,못해서,VX+EC
7418,막막,XR
7419,하,XSA
7420,네요,EC
7421,20,SN
7422,대,NNBC
7423,여자,NNG
7424,이,VCP
7425,며,EC
7426,술,NNG
7427,을,JKO
7428,좋아합니다,VV+EC
7429,황리,NNG
7430,단,MM
7431,길,NNG
7432,이랑,JC
7433,보문,NNG
7434,단지,MAG
7435,핫,NNG
7436,플,NNG
7437,추천,NNG
7438,해,XSV+EC
7439,주,VX
7440,세요,EP+EF
7441,그리고,MAJ
7442,맛있,VA
7443,는,ETM
7444,식당,NNG
7445,도,JX
7446,추천,NNG
7447,부탁,NNG
7448,드립니다,VV+EC
7449,하루,NNG
7450,는,JX
7451,시내,NNG
7452,권,XSN
7453,경주,NNP
7454,여행,NNG
7455,1,SN
7456,박,NNBC
7457,2,SN
7458,일,NNBC
7459,경주,NNP
7460,여행,NNG
7461,1,SN
7462,박,NNBC
7463,2,SN
7464,일,NNBC
7465,경비,NNG
7466,어느,MM
7467,정도,NNG
7468,나올까요,VV+EF
7469,숙소,NNG
7470,랑,JKB
7471,교통비,NNG
7472,빼,VV
7473,고요,EC
7474,쓰,VV
7475,기,ETN
7476,나름,NNB
7477,이,VCP
7478,지만,EC
7479,식대,NNG
7480,입장료,NNG
7481,간식,NNG
7482,정도,NNG
7483,이,VCP
7484,면,EC
7485,큰,VA+ETM
7486,돈,NNG
7487,은,JX
7488,들,VV
7489,지,EC
7490,않,VX
7491,겠,EP
7492,조,NR
7493,본인,NNG
7494,의,JKG
7495,주머니,NNG
7496,만큼,NNB
7497,생각,NNG
7498,해서,XSV+EC
7499,조절,NNG
7500,하,XSV
7501,여,EC
7502,쓰,VV
7503,는,ETM
7504,게,NNB+JKS
7505,좋,VA
7506,겠,EP
7507,네요,EF
7508,여유,NNG
7509,가,JKS
7510,있,VA
7511,다면,EC
7512,맛있,VA
7513,는,ETM
7514,것,NNB
7515,도,JX
7516,먹,VV
7517,고,EC
7518,해도,VV+EC
7519,좋,VA
7520,겠,EP
7521,죠,EF
7522,경주,NNP
7523,여행지,NNG
7524,2,SN
7525,박,NNBC
7526,3,SN
7527,일,NNBC
7528,추천,NNG
7529,이번,NNG
7530,에,JKB
7531,남자,NNG
7532,친구,NNG
7533,전역,NNG
7534,직전,NNG
7535,으로,JKB
7536,경주,NNP
7537,여행,NNG
7538,을,JKO
7539,가,VV
7540,기,ETN
7541,로,JKB
7542,했,VV+EP
7543,는데요,EF
7544,둘,NR
7545,다,MAG
7546,황리,NNG
7547,단,MM
7548,길,NNG
7549,외,NNB
7550,엔,JKB+JX
7551,아,VV
7552,는,ETM
7553,게,NNB+JKS
7554,없,VA
7555,어서요,EC
7556,차,NNG
7557,가,JKS
7558,있,VA
7559,어서,EC
7560,경주,NNP
7561,여행,NNG
7562,을,JKO
7563,계획,NNG
7564,하,XSV
7565,고,EC
7566,계시,VX
7567,는군요,EC
7568,별,MM
7569,다섯,NR
7570,개,NNBC
7571,경주,NNP
7572,2,SN
7573,박,NNBC
7574,3,SN
7575,일,NNBC
7576,여행,NNG
7577,코스,NNG
7578,를,JKO
7579,공유,NNG
7580,하,XSV
7581,니,EC
7582,내용,NNG
7583,참고,NNG
7584,하,XSV
7585,시,EP
7586,면,EC
7587,좋,VA
7588,을,ETM
7589,것,NNB
7590,같,VA
7591,습니다,EF
7592,아이,NNG
7593,랑,JC
7594,일,NR
7595,박,NNBC
7596,이,NR
7597,일,NNBC
7598,경주,NNP
7599,여행,NNG
7600,코스,NNG
7601,다섯,NR
7602,살,NNBC
7603,아이,NNG
7604,와,JKB
7605,함께,MAG
7606,경주,NNP
7607,로,JKB
7608,가족,NNG
7609,여행,NNG
7610,을,JKO
7611,갑니다,VV+EC
7612,첫날,NNG
7613,점심,NNG
7614,쯤,XSN
7615,경주역,NNP
7616,도착,NNG
7617,예정,NNG
7618,이,VCP
7619,고,EC
7620,숙소,NNG
7621,는,JX
7622,보문관광단지,NNP
7623,근처,NNG
7624,입니다,VCP+EF
7625,둘째,NR
7626,날,NNG
7627,은,JX
7628,경주,NNP
7629,월드,NNG
7630,를,JKO
7631,다녀오,VV
7632,고,EC
7633,오후,NNG
7634,4,SN
7635,시,NNBC
7636,쯤,XSN
7637,경주,NNP
7638,를,JKO
7639,떠날,VV+ETM
7640,계획,NNG
7641,입니다,VCP+EF
7642,직접,MAG
7643,운전,NNG
7644,할,XSV+ETM
7645,예정,NNG
7646,인데,VCP+EC
7647,코스,NNG
7648,를,JKO
7649,어떻게,MAG
7650,짜,VV
7651,야,EC
7652,경주,NNP
7653,여행,NNG
7654,추천,NNG
7655,안녕,NNG
7656,하,XSA
7657,세영,NNP
7658,경주,NNP
7659,여행,NNG
7660,할려고,VV+EC
7661,하,VV
7662,는,ETM
7663,10,SN
7664,대,NNBC
7665,인데,VCP+EC
7666,여,NNG
7667,황리,NNG
7668,단,MM
7669,길,NNG
7670,근처,NNG
7671,어둑,XR
7672,한,XSA+ETM
7673,분위기,NNG
7674,좋,VA
7675,겟,EP
7676,어요,EF
7677,경주,NNP
7678,여행,NNG
7679,가이드,NNG
7680,교통편,NNG
7681,맛집,NNG
7682,볼거리,NNG
7683,까지,JX
7684,모두,MAG
7685,알려,VV+EC
7686,줄,VX+ETM
7687,게,NNB+JKS
7688,요,JX
7689,경주,NNP
7690,여행,NNG
7691,가이드,NNG
7692,교통편,NNG
7693,맛집,NNG
7694,볼거리,NNG
7695,까지,JX
7696,모두,MAG
7697,알려,VV+EC
7698,줄,VX+ETM
7699,게요,NNB+VCP+EC
7700,경주,NNP
7701,여행,NNG
7702,동선,NNG
7703,부탁,NNG
7704,드려요,VV+EC
7705,1,SN
7706,박,NNBC
7707,으로,JKB
7708,어린애,NNG
7709,들,XSN
7710,데리,VV
7711,고,EC
7712,경주,NNP
7713,여행,NNG
7714,할,XSV+ETM
7715,거,NNB
7716,에요,VCP+EF
7717,숙소,NNG
7718,는,JX
7719,보문,NNG
7720,단지,NNG
7721,이,VCP
7722,구요,EF
7723,우선,MAG
7724,정도,NNG
7725,경주,NNP
7726,여행,NNG
7727,을,JKO
7728,다녀온,VV+ETM
7729,것,NNB
7730,같,VA
7731,은데요,EC
7732,아이,NNG
7733,랑,JC
7734,경주,NNP
7735,여행,NNG
7736,하,XSV
7737,면서,EC
7738,체험,NNG
7739,코스,NNG
7740,맛집,NNG
7741,경주,NNP
7742,여행,NNG
7743,TIP,SL
7744,1,SN
7745,경주,NNP
7746,여행,NNG
7747,코스,NNG
7748,는,JX
7749,크,VA
7750,게,EC
7751,시내,NNG
7752,권,XSN
7753,보문관광단지,NNP
7754,토함산,NNP
7755,남산,NNG
7756,경주,NNP
7757,여행,NNG
7758,3,SN
7759,박,NNBC
7760,4,SN
7761,일,NNBC
7762,갈려고,VV+EC
7763,하,VV
7764,는,ETM
7765,데,NNB
7766,24,SN
7767,만,NR
7768,원,NNBC
7769,괜찮,VA
7770,을까요,EC
7771,애인,NNG
7772,이랑,JC
7773,3,SN
7774,박,NNBC
7775,4,SN
7776,일,NNBC
7777,경주,NNP
7778,여행,NNG
7779,갈려고,VV+EC
7780,하,VV
7781,는데,EC
7782,돈,NNG
7783,을,JKO
7784,제,NP
7785,가,JKS
7786,다,MAG
7787,쓸려고,VV+EC
7788,맘먹,VV
7789,었,EP
7790,는데,EC
7791,24,SN
7792,만,NR
7793,원,NNBC
7794,이,VCP
7795,면,EC
7796,충분,XR
7797,할까요,XSA+EC
7798,경주,NNP
7799,여행,NNG
7800,3,SN
7801,박,NNBC
7802,4,SN
7803,일,NNBC
7804,갈려고,VV+EC
7805,하,VV
7806,는,ETM
7807,데,NNB
7808,245000,SN
7809,원,NNBC
7810,괜찮,VA
7811,을까,EC
7812,애인,NNG
7813,이랑,JC
7814,3,SN
7815,박,NNBC
7816,4,SN
7817,일,NNBC
7818,경주,NNP
7819,여행,NNG
7820,갈려고,VV+EC
7821,하,VV
7822,는데,EC
7823,돈,NNG
7824,을,JKO
7825,제,NP
7826,가,JKS
7827,다,MAG
7828,쓸려고,VV+EC
7829,맘먹,VV
7830,었,EP
7831,는데,EC
7832,24,SN
7833,만,NR
7834,원,NNBC
7835,이,VCP
7836,면,EC
7837,경주,NNP
7838,여행,NNG
7839,코스,NNG
7840,좀,MAG
7841,경주,NNP
7842,여행,NNG
7843,코스,NNG
7844,좀,MAG
7845,경주,NNP
7846,여행,NNG
7847,을,JKO
7848,계획,NNG
7849,하,XSV
7850,고,EC
7851,계신,VX+ETM
7852,다니,VCP+EC
7853,정말,MAG
7854,흥미,NNG
7855,로운,XSA+ETM
7856,여행,NNG
7857,이,JKS
7858,될,VV+ETM
7859,것,NNB
7860,같,VA
7861,습니다,EF
7862,경주,NNP
7863,는,JX
7864,신라,NNP
7865,의,JKG
7866,역사,NNG
7867,와,JC
7868,문화,NNG
7869,아름다운,VA+ETM
7870,자연,NNG
7871,경관,NNG
7872,을,JKO
7873,느낄,VV+ETM
7874,수,NNB
7875,있,VV
7876,는,ETM
7877,대한민국,NNP
7878,의,JKG
7879,대표,NNG
7880,적,XSN
7881,인,VCP+ETM
7882,관광,NNG
7883,도시,NNG
7884,입니다,VCP+EC
7885,1,SN
7886,박,NNBC
7887,2,SN
7888,일,NNBC
7889,동안,NNG
7890,방문,NNG
7891,할,XSV+ETM
7892,수,NNB
7893,있,VV
7894,는,ETM
7895,추천,NNG
7896,여행,NNG
7897,경주,NNP
7898,여행,NNG
7899,실내,NNG
7900,관광,NNG
7901,경주,NNG
7902,여행,NNG
7903,가,VV
7904,는데,EC
7905,비,NNG
7906,가,JKS
7907,많이,MAG
7908,오,VV
7909,더라고요,EC
7910,실내,NNG
7911,로,JKB
7912,가,VV
7913,는,ETM
7914,곳,NNG
7915,추천,NNG
7916,좀,MAG
7917,해,VV+EC
7918,주,VX
7919,세요,EP+EF
7920,검색,NNG
7921,을,JKO
7922,기반,NNG
7923,삼,VV
7924,아,EC
7925,경주,NNP
7926,에서,JKB
7927,비,NNG
7928,가,JKS
7929,오,VV
7930,는,ETM
7931,실제,NNG
7932,방문,NNG
7933,하,XSV
7934,시,EP
7935,는,ETM
7936,날씨,NNG
7937,와,JC
7938,여행,NNG
7939,일정,NNG
7940,에,JKB
7941,따라,VV+EC
7942,운영,NNG
7943,시간,NNG
7944,을,JKO
7945,확인,NNG
7946,해,XSV+EC
7947,보,VX
7948,시,EP
7949,고,EC
7950,즐거운,VA+ETM
7951,경주,NNP
7952,여행,NNG
7953,되,XSV
7954,시,EP
7955,길,ETN+JKO
7956,바랍니다,VV+EF
7957,채택,NNG
7958,해,XSV+EC
7959,경주,NNP
7960,여행,NNG
7961,운전,NNG
7962,평상시,NNG
7963,에,JKB
7964,는,JX
7965,운전,NNG
7966,을,JKO
7967,안,MAG
7968,하,VV
7969,고,EC
7970,제주,NNP
7971,여행,NNG
7972,갈,VV+ETM
7973,때,NNG
7974,몇,MM
7975,번,NNBC
7976,해,VV+EC
7977,본,VX+ETM
7978,게,NNB+JKS
7979,다,MAG
7980,입니다,VCP+EF
7981,경주,NNP
7982,케,IC
7983,텍스,NNG
7984,타,VV
7985,고,EC
7986,가,VX
7987,서,EC
7988,렌트,NNG
7989,할,VV+ETM
7990,거,NNB
7991,같,VA
7992,은데,EC
7993,초보,NNG
7994,운전,NNG
7995,도,JX
7996,돌아다니,VV
7997,기,ETN
7998,어렵,VA
7999,지,EC
8000,않,VX
8001,을까요,EC
8002,경주,NNP
8003,는,JX
8004,그렇게,MAG
8005,복잡,XR
8006,하,XSA
8007,지,EC
8008,는,JX
8009,않,VX
8010,은,ETM
8011,곳,NNG
8012,이,VCP
8013,지만,EC
8014,운전,NNG
8015,에,JKB
8016,자신,NNG
8017,이,JKS
8018,없,VA
8019,다면,EC
8020,조심,NNG
8021,운전,NNG
8022,을,JKO
8023,하,VV
8024,면,EC
8025,경주,NNP
8026,여행,NNG
8027,질문,NNG
8028,이,VCP
8029,요,EC
8030,사,VV
8031,시,EP
8032,거나,EC
8033,경주,NNP
8034,여행,NNG
8035,가,VV+EC
8036,보,VX
8037,신,EP+ETM
8038,분,NNB
8039,들,XSN
8040,의,JKG
8041,의견,NNG
8042,부탁,NNG
8043,드립니다,VV+EC
8044,경주,NNP
8045,한,MM
8046,바퀴,NNBC
8047,돌,VV
8048,아,EC
8049,주,VX
8050,는,ETM
8051,버스,NNG
8052,타,VV
8053,시,EP
8054,거나,EC
8055,택시,NNG
8056,타,VV
8057,세용,EP+EF
8058,걸어서,VV+EC
8059,경주,NNP
8060,여행,NNG
8061,해,XSV+EC
8062,보,VX
8063,면,EC
8064,알,VV+ETM
8065,거,NNB
8066,에요,VCP+EF
8067,택시,NNG
8068,잡,VV
8069,기,ETN
8070,힘들,VA
8071,어요,EF
8072,첨,NNG
8073,부터,JX
8074,택시,NNG
8075,많,VA
8076,은,ETM
8077,관광지,NNG
8078,에서,JKB
8079,택시,NNG
8080,잡,VV
8081,거나,EC
8082,카카오,NNP
8083,택시,NNG
8084,경주,NNP
8085,여행,NNG
8086,식당,NNG
8087,추천,NNG
8088,부탁,NNG
8089,드립니다,VV+EC
8090,한,MM
8091,시간,NNG
8092,뒤,VV
8093,면,EC
8094,경주,NNP
8095,도착,NNG
8096,하,XSV
8097,는데,EC
8098,경주,NNP
8099,여행가,NNG
8100,서,JKB
8101,여기,NP
8102,는,JX
8103,꼭,MAG
8104,가,VV+EC
8105,봐야,VX+EC
8106,한다,VX+EC
8107,하,VV
8108,는,ETM
8109,식당,NNG
8110,이,JKS
8111,경주,NNP
8112,여행,NNG
8113,에서,JKB
8114,특별,NNG
8115,한,XSA+ETM
8116,대접,NNG
8117,을,JKO
8118,받,VV
8119,을,ETM
8120,수,NNB
8121,있,VV
8122,는,ETM
8123,식당,NNG
8124,을,JKO
8125,추천,NNG
8126,해,XSV+EC
8127,드리,VX
8128,겠,EP
8129,습니다,EF
8130,위,IC
8131,두,MM
8132,식당,NNG
8133,중,NNB
8134,하나,NR
8135,를,JKO
8136,선택,NNG
8137,하,XSV
8138,시,EP
8139,면,EC
8140,경주,NNP
8141,여행,NNG
8142,에서,JKB
8143,특별,NNG
8144,한,XSA+ETM
8145,대접,NNG
8146,을,JKO
8147,받,VV
8148,을,ETM
8149,수,NNB
8150,있,VV
8151,을,ETM
8152,3,SN
8153,월,NNBC
8154,1,SN
8155,일,NNBC
8156,경주,NNP
8157,여행,NNG
8158,코스,NNG
8159,(,SSO
8160,당일치기,NNG
8161,),SSC
8162,학생,NNG
8163,4,SN
8164,명,NNBC
8165,이,VCP
8166,고,EC
8167,3,SN
8168,1,SN
8169,경주,NNP
8170,여행,NNG
8171,코스,NNG
8172,좀,MAG
8173,알려,VV+EC
8174,주,VX
8175,세요,EP+EF
8176,첨성대,NNG
8177,근처,NNG
8178,한복,NNG
8179,나드리,NNG
8180,에서,JKB
8181,질문,NNG
8182,하,XSV
8183,신,EP+ETM
8184,경주,NNP
8185,여행,NNG
8186,일정,NNG
8187,관련,NNG
8188,답변,NNG
8189,드리,VV
8190,도록,EC
8191,하,VX
8192,겠,EP
8193,습니다,EF
8194,황리,NNG
8195,단,MM
8196,길,NNG
8197,과,JC
8198,맞춤,NNG
8199,형,XSN
8200,경주,NNG
8201,여행,NNG
8202,일정,NNG
8203,을,JKO
8204,준비,NNG
8205,했,XSV+EP
8206,어요,EF
8207,아래,NNG
8208,첨부,NNG
8209,된,XSV+ETM
8210,일정,NNG
8211,을,JKO
8212,참고,NNG
8213,해,XSV+EC
8214,보,VX
8215,시,EP
8216,고,EC
8217,여행,NNG
8218,에,JKB
8219,경주,NNP
8220,여행,NNG
8221,경주,NNG
8222,여행,NNG
8223,은,JX
8224,역사,NNG
8225,여행,NNG
8226,에,JKB
8227,의미,NNG
8228,를,JKO
8229,두,VV
8230,고,EC
8231,다녀왔,VV+EP
8232,는데요,EF
8233,생각,NNG
8234,보다,JKB
8235,는,JX
8236,재미,NNG
8237,가,JKS
8238,없,VA
8239,었,EP
8240,어요,EF
8241,너무,MAG
8242,진지,XR
8243,하,XSA
8244,게,EC
8245,공부,NNG
8246,하,XSV
8247,는,ETM
8248,느낌,NNG
8249,으로,JKB
8250,질문,NNG
8251,하,XSV
8252,신,EP+ETM
8253,경주,NNP
8254,여행지,NNG
8255,관련,NNG
8256,답변,NNG
8257,드리,VV
8258,도록,EC
8259,하,VX
8260,겠,EP
8261,습니다,EF
8262,가,VV
8263,볼,EC+VX+ETM
8264,만,NNB
8265,한,XSA+ETM
8266,경주,NNP
8267,여행지,NNG
8268,중,NNB
8269,에서,JKB
8270,는,JX
8271,동궁,NNG
8272,과,JC
8273,월지,NNG
8274,2,SN
8275,박,NNBC
8276,3,SN
8277,일,NNBC
8278,경주,NNP
8279,여행,NNG
8280,코스,NNG
8281,추천,NNG
8282,뚜벅,MAG
8283,이,JKC
8284,위한,VV+ETM
8285,경주,NNP
8286,여행,NNG
8287,코스,NNG
8288,추천,NNG
8289,부탁,NNG
8290,드려요,VV+EC
8291,세,MM
8292,분,NNBC
8293,이,JKS
8294,오붓,XR
8295,하,XSA
8296,게,EC
8297,경주,NNP
8298,여행,NNG
8299,계획,NNG
8300,하,XSV
8301,고,EC
8302,계시,VX
8303,는군요,EC
8304,대중교통,NNG
8305,을,JKO
8306,이용,NNG
8307,해서,XSV+EC
8308,돌아볼,VV+ETM
8309,생각,NNG
8310,이,VCP
8311,시,EP
8312,라면,EC
8313,가볍,VA
8314,게,EC
8315,코스,NNG
8316,를,JKO
8317,짜,VV+EC
8318,보,VX
8319,시,EP
8320,는,ETM
8321,것,NNB
8322,도,JX
8323,좋,VA
8324,을,ETM
8325,거,NNB
8326,같,VA
8327,습니다,EF
8328,1,SN
8329,경주,NNP
8330,여행,NNG
8331,코스,NNG
8332,추천,NNG
8333,경주,NNG
8334,여행,NNG
8335,코스,NNG
8336,추천,NNG
8337,가족,NNG
8338,안녕,NNG
8339,하,XSV
8340,세요,EP+EF
8341,무,XPN
8342,계획,NNG
8343,이,MM
8344,루트,NNG
8345,로,JKB
8346,실행,NNG
8347,하,XSV
8348,면,EC
8349,실패,NNG
8350,없,VA
8351,는,ETM
8352,경주,NNP
8353,여행지,NNG
8354,를,JKO
8355,소개,NNG
8356,해,XSV+EC
8357,드릴까,VX+EC
8358,합니다,VX+EF
8359,한번,MAG
8360,보,VV
8361,시,EP
8362,고,EC
8363,마음,NNG
8364,에,JKB
8365,드신,VV+EP+ETM
8366,다면,NNG
8367,채택,NNG
8368,부탁,NNG
8369,드립니다,VV+EC
8370,경주,NNP
8371,여행,NNG
8372,중,NNB
8373,꼭,MAG
8374,가,VV+EC
8375,봐야,VX+EC
8376,할,VX+ETM
8377,맛집,NNG
8378,리스트,NNG
8379,는,JX
8380,무엇,NP
8381,인가요,VCP+EF
8382,?,SF
8383,경주,NNP
8384,여행,NNG
8385,을,JKO
8386,계획,NNG
8387,중,NNB
8388,이,VCP
8389,며,EC
8390,필수,NNG
8391,방문,NNG
8392,맛집,NNG
8393,과,JC
8394,핫,NNG
8395,플레이스,NNG
8396,를,JKO
8397,알,VV
8398,고,EC
8399,싶,VX
8400,습니다,EF
8401,현지인,NNG
8402,들,XSN
8403,이,JKS
8404,추천,NNG
8405,하,XSV
8406,는,ETM
8407,숨,NNG
8408,은,JX
8409,명소,NNG
8410,나,JC
8411,경주,NNP
8412,여행,NNG
8413,시,NNB
8414,꼭,MAG
8415,가,VV+EC
8416,봐야,VX+EC
8417,할,VX+ETM
8418,맛집,NNG
8419,은,JX
8420,황남빵,NNP
8421,경주,NNP
8422,식당,NNG
8423,잔치국수,NNP
8424,교동,NNP
8425,법주,NNP
8426,신라,NNP
8427,밀면,NNP
8428,이,VCP
8429,에요,EF
8430,핫,IC
8431,플레이스,NNG
8432,는,JX
8433,경주,NNP
8434,불국사,NNP
8435,와,JKB
8436,경주,NNP
8437,여행,NNG
8438,일정,NNG
8439,도와,VV+EC
8440,주,VX
8441,세요,EP+EF
8442,!,SF
8443,!,SY
8444,그냥,MAG
8445,최소한,NNG
8446,의,JKG
8447,움직임,NNG
8448,으로,JKB
8449,이틀,NNG
8450,동안,NNG
8451,다녀올,VV+ETM
8452,수,NNB
8453,있,VV
8454,는,ETM
8455,경주,NNP
8456,여행,NNG
8457,코스,NNG
8458,좀,MAG
8459,알려,VV+EC
8460,주,VX
8461,세요,EP+EF
8462,예쁜,VA+ETM
8463,카페,NNP
8464,도,JX
8465,추천,NNG
8466,질문,NNG
8467,하,XSV
8468,신,EP+ETM
8469,경주,NNP
8470,여행,NNG
8471,일정,NNG
8472,관련,NNG
8473,답변,NNG
8474,드리,VV
8475,도록,EC
8476,하,VX
8477,겠,EP
8478,습니다,EF
8479,질,NNG
8480,문자,NNG
8481,님,XSN
8482,께서,JKS
8483,원,NNG
8484,하,XSV
8485,신,EP+ETM
8486,대로,NNB
8487,최대한,NNG
8488,여유,NNG
8489,로운,XSA+ETM
8490,경주,NNP
8491,여행,NNG
8492,일정,NNG
8493,을,JKO
8494,준비,NNG
8495,해,XSV+EC
8496,경주,NNP
8497,여행,NNG
8498,가,VV
8499,려는데,EC
8500,추천,NNG
8501,좀,MAG
8502,요,JX
8503,!,SF
8504,!,SY
8505,엄마,NNG
8506,혼자,NNG
8507,초,XPN
8508,4,SN
8509,초,NNBC
8510,2,SN
8511,아들,NNG
8512,둘,NR
8513,데리,VV
8514,고,EC
8515,주,VX
8516,중,NNB
8517,에,JKB
8518,경주,NNP
8519,여행,NNG
8520,정도,NNG
8521,경주,NNP
8522,여행,NNG
8523,을,JKO
8524,다녀온,VV+ETM
8525,것,NNB
8526,같,VA
8527,은데요,EC
8528,구체,NNG
8529,적,XSN
8530,인,VCP+ETM
8531,일정,NNG
8532,이,JKS
8533,없,VA
8534,어서,EC
8535,주,VX
8536,요,EC
8537,경주,NNP
8538,여행,NNG
8539,코스,NNG
8540,맛집,NNG
8541,숙소,NNG
8542,에,JKB
8543,대한,VV+ETM
8544,제,MM
8545,경험담,NNG
8546,을,JKO
8547,묶,VV
8548,어서,EC
8549,소개,NNG
8550,할게요,XSV+EC
8551,경주,NNP
8552,여행,NNG
8553,TIP,SL
8554,1,SN
8555,경주,NNP
8556,여행,NNG
8557,코스,NNG
8558,는,JX
8559,경주,NNP
8560,여행,NNG
8561,추천,NNG
8562,경주,NNP
8563,여행지,NNG
8564,좀,MAG
8565,추천,NNG
8566,해,XSV+EC
8567,주,VX
8568,세요,EP+EF
8569,문,NNG
8570,의,JKG
8571,주신,NNG
8572,경주,NNP
8573,여행지,NNG
8574,추천,NNG
8575,드릴게요,VV+EC
8576,즐거운,VA+ETM
8577,경주,NNP
8578,여행,NNG
8579,되,XSV
8580,셨,EP+EP
8581,으면,EC
8582,좋,VA
8583,겠,EP
8584,어요,EF
8585,경북,NNP
8586,경주,NNP
8587,가,VV
8588,볼,EC+VX+ETM
8589,만,NNB
8590,한,XSA+ETM
8591,곳,NNG
8592,1,SN
8593,황성,NNG
8594,공원,NNG
8595,2,SN
8596,양남,NNG
8597,주상,NNG
8598,절리,NNG
8599,3,SN
8600,동궁,NNG
8601,과,JC
8602,월지,NNG
8603,4,SN
8604,동,NNBC
8605,궁원,NNG
8606,5,SN
8607,황리,NNG
8608,단,MM
8609,길,NNG
8610,6,SN
8611,첨성대,NNG
8612,7,SN
8613,경주,NNP
8614,여행,NNG
8615,코스,NNG
8616,질문,NNG
8617,경주,NNG
8618,여행,NNG
8619,을,JKO
8620,가,VV
8621,는데,EC
8622,예전,NNG
8623,에,JKB
8624,가본적,NNG
8625,이,JKS
8626,있,VV
8627,어서,EC
8628,대충,MAG
8629,지리,NNG
8630,적,XSN
8631,인,VCP+ETM
8632,건,NNB+JX
8633,아,VV
8634,는데,EC
8635,질문,NNG
8636,하,XSV
8637,신,EP+ETM
8638,경주,NNP
8639,여행,NNG
8640,코스,NNG
8641,관련,NNG
8642,답변,NNG
8643,드리,VV
8644,겠,EP
8645,습니다,EF
8646,경주로,NNG
8647,의,JKG
8648,1,SN
8649,박,NNBC
8650,2,SN
8651,일,NNBC
8652,여행,NNG
8653,을,JKO
8654,2,SN
8655,일,NNBC
8656,경주,NNP
8657,여행,NNG
8658,일정,NNG
8659,을,JKO
8660,준비,NNG
8661,했,XSV+EP
8662,어요,EF
8663,아래,NNG
8664,첨부,NNG
8665,된,XSV+ETM
8666,일정,NNG
8667,을,JKO
8668,참고,NNG
8669,해,XSV+EC
8670,보,VX
8671,시,EP
8672,고,EC
8673,즐거운,VA+ETM
8674,경주,NNP
8675,여행,NNG
8676,가,VV
8677,는데,EC
8678,여행,NNG
8679,코스,NNG
8680,추천,NNG
8681,이,VCP
8682,요,EC
8683,제,NP
8684,가,JKS
8685,중,NNG
8686,3,SN
8687,인데,VCP+EC
8688,중,NNB
8689,3,SN
8690,이,JKS
8691,좋,VA
8692,아,EC
8693,할,VX+ETM
8694,만,NNB
8695,한,XSA+ETM
8696,경주,NNP
8697,여행,NNG
8698,코스,NNG
8699,추천,NNG
8700,이,VCP
8701,요,EC
8702,문,NNG
8703,의,JKG
8704,주신,NNG
8705,경주,NNP
8706,여행,NNG
8707,코스,NNG
8708,추천,NNG
8709,드릴게요,VV+EC
8710,재밌,VA
8711,게,EC
8712,놀,VV
8713,다,EC
8714,오,VX
8715,셨,EP+EP
8716,으면,EC
8717,좋,VA
8718,겠,EP
8719,어요,EF
8720,경북,NNP
8721,경주,NNP
8722,가,VV
8723,볼,EC+VX+ETM
8724,만,NNB
8725,한,XSA+ETM
8726,곳,NNG
8727,1,SN
8728,황성,NNG
8729,공원,NNG
8730,2,SN
8731,양남,NNG
8732,주상,NNG
8733,절리,NNG
8734,3,SN
8735,동궁,NNG
8736,과,JC
8737,월지,NNG
8738,4,SN
8739,동,NNBC
8740,궁원,NNG
8741,5,SN
8742,엄마,NNG
8743,와,JC
8744,경주,NNP
8745,여행,NNG
8746,엄마,NNG
8747,와,JC
8748,경주,NNP
8749,여행,NNG
8750,평일,NNG
8751,에,JKB
8752,대중교통,NNG
8753,타,VV
8754,고,EC
8755,가,VX
8756,려고,EC
8757,하,VX
8758,는데요,EF
8759,일단,MAG
8760,불국사,NNG
8761,가,VV
8762,고,EC
8763,도보,NNG
8764,대중교통,NNG
8765,이용,NNG
8766,의,JKG
8767,경주,NNG
8768,여행,NNG
8769,코스,NNG
8770,의견,NNG
8771,드려,VV+EC
8772,볼께요,VX+EF
8773,먼저,MAG
8774,평일,NNG
8775,어머니,NNG
8776,와,JC
8777,어머니,NNG
8778,와,JC
8779,행복,NNG
8780,한,XSA+ETM
8781,경주,NNP
8782,여행,NNG
8783,되,XSV
8784,세요,EP+EF
8785,경주,NNP
8786,주요,NNG
8787,관광지,NNG
8788,의,JKG
8789,교통편,NNG
8790,도보,NNG
8791,포함,NNG
8792,뚜벅,MAG
8793,이,MM
8794,경주,NNP
8795,여행,NNG
8796,1,SN
8797,박,NNBC
8798,코스,NNG
8799,추천,NNG
8800,좀,MAG
8801,요,JX
8802,여자,NNG
8803,친구,NNG
8804,랑,JC
8805,경주,NNP
8806,여행,NNG
8807,을,JKO
8808,가,VV
8809,려고,EC
8810,하,VV
8811,는데,EC
8812,뚜벅,MAG
8813,이,XSN
8814,로,JKB
8815,돌아다닐,VV+ETM
8816,코스,NNG
8817,좀,MAG
8818,추천,NNG
8819,해,XSV+EC
8820,주,VX
8821,세요,EP+EF
8822,경주,NNP
8823,월드,NNG
8824,는,JX
8825,제외,NNG
8826,하,XSV
8827,고요,EC
8828,그,MM
8829,여자,NNG
8830,친구,NNG
8831,와,JKB
8832,가,VV
8833,볼,EC+VX+ETM
8834,만,NNB
8835,한,XSA+ETM
8836,경주,NNP
8837,여행,NNG
8838,코스,NNG
8839,추천,NNG
8840,드릴게요,VV+EC
8841,좋,VA
8842,은,ETM
8843,하루,NNG
8844,되,VV
8845,세요,EP+EF
8846,경주,NNP
8847,가,VV
8848,볼,EC+VX+ETM
8849,만,NNB
8850,한,XSA+ETM
8851,곳,NNG
8852,1,SN
8853,경주,NNG
8854,경주,NNP
8855,여행,NNG
8856,HELP,SL
8857,!,SY
8858,2,SN
8859,월,NNBC
8860,18,SN
8861,일,NNBC
8862,부터,JX
8863,2,SN
8864,월,NNBC
8865,20,SN
8866,일,NNBC
8867,까지,JX
8868,2,SN
8869,박,NNBC
8870,3,SN
8871,일,NNBC
8872,로,JKB
8873,가족,NNG
8874,들,XSN
8875,이랑,JC
8876,경주,NNP
8877,여행,NNG
8878,가,VV
8879,려고,EC
8880,하,VV
8881,는데,EC
8882,어딜,NP+JKO
8883,가,VV
8884,야,EC
8885,할지,VX+EC
8886,모르,VV
8887,겠,EP
8888,어요,EF
8889,도와,VV+EC
8890,주,VX
8891,세요,EP+EF
8892,중,NNB
8893,1,SN
8894,경주,NNP
8895,여행,NNG
8896,추천,NNG
8897,지,NNG
8898,입니다,VCP+EF
8899,경주,NNP
8900,월드,NNG
8901,테마파크,NNG
8902,경주,NNP
8903,엑스포,NNG
8904,대공원,NNG
8905,경주,NNP
8906,국립,NNG
8907,박물관,NNG
8908,경주,NNP
8909,대,XPN
8910,원릉,NNG
8911,동굴,NNG
8912,과,JC
8913,월지,NNG
8914,뚜벅,MAG
8915,이,MM
8916,경주,NNP
8917,여행,NNG
8918,다음,NNG
8919,주,NNG
8920,평일,NNG
8921,에,JKB
8922,화,NNG
8923,수,NNG
8924,중,NNB
8925,경주,NNP
8926,여행,NNG
8927,가,VV
8928,려고,EC
8929,했,VX+EP
8930,는데,EC
8931,시기,NNG
8932,상,XSN
8933,뷰,NNP
8934,가,JKS
8935,별로,MAG
8936,일,VV+ETM
8937,거,NNB
8938,같,VA
8939,아서,EC
8940,고민,NNG
8941,입니다,VCP+EF
8942,혼자,NNG
8943,뚜벅,MAG
8944,이,MM
8945,꽃,NNG
8946,피,VV
8947,고,EC
8948,봄바람,NNG
8949,살랑살랑,MAG
8950,부,NNG
8951,는,JX
8952,4,SN
8953,월,NNBC
8954,달,NNG
8955,경주,NNP
8956,여행,NNG
8957,오푸스,NNG
8958,에서,JKB
8959,즐겨,VV+EC
8960,보,VX
8961,세요,EP+EF
8962,전,MM
8963,객실,NNG
8964,개별,NNG
8965,바베큐,NNG
8966,장,NNG
8967,으로,JKB
8968,경주,NNP
8969,여행,NNG
8970,추천,NNG
8971,50,SN
8972,대,NNBC
8973,부부,NNG
8974,10,SN
8975,월,NNBC
8976,여행,NNG
8977,경주,NNG
8978,여행,NNG
8979,1,SN
8980,박,NNBC
8981,2,SN
8982,일,NNBC
8983,코스,NNG
8984,밤,NNG
8985,야경,NNG
8986,과,JC
8987,숙소,NNG
8988,및,MAJ
8989,먹거리,NNG
8990,추천,NNG
8991,부탁,NNG
8992,합니다,XSV+EF
8993,경주,NNP
8994,여행,NNG
8995,을,JKO
8996,계획,NNG
8997,중,NNB
8998,이,VCP
8999,시,EP
9000,군요,EF
9001,그럼,MAJ
9002,경주,NNP
9003,에서,JKB
9004,가,VV
9005,볼,EC+VX+ETM
9006,만,NNB
9007,한,XSA+ETM
9008,곳,NNG
9009,들,XSN
9010,추천,NNG
9011,해,XSV+EC
9012,드리,VX
9013,겠,EP
9014,습니다,EF
9015,첨성대,NNG
9016,동궁,NNG
9017,과,JC
9018,월지,NNG
9019,대릉원,NNG
9020,경주,NNP
9021,여행,NNG
9022,코스,NNG
9023,부탁,NNG
9024,드려요,VV+EC
9025,출발,NNG
9026,합니다,XSV+EF
9027,경주,NNP
9028,여행,NNG
9029,코스,NNG
9030,부탁,NNG
9031,드립니다,VV+EC
9032,숙소,NNG
9033,는,JX
9034,아직,MAG
9035,예약,NNG
9036,안,MAG
9037,했,VV+EP
9038,어요,EF
9039,코스,NNG
9040,보고,JKB
9041,근처,NNG
9042,게스트,NNP
9043,하우스,NNP
9044,로,JKB
9045,잡,VV
9046,으려고요,EF
9047,안녕,IC
9048,하,VV
9049,세요,EP+EF
9050,무,XPN
9051,계획,NNG
9052,없이,MAG
9053,이,MM
9054,루트,NNG
9055,로,JKB
9056,가,VV
9057,면,EC
9058,실패,NNG
9059,없,VA
9060,는,ETM
9061,경주,NNP
9062,여행,NNG
9063,아이,NNG
9064,와,JC
9065,경주,NNP
9066,여행,NNG
9067,코스,NNG
9068,짜,VV
9069,려고,EC
9070,하,VV
9071,는데,EC
9072,동선,NNG
9073,ㅠㅠㅠ어렵네요,UNKNOWN
9074,가족,NNG
9075,들,XSN
9076,과,JC
9077,경주,NNP
9078,여행,NNG
9079,계획,NNG
9080,중,NNB
9081,입니다,VCP+EF
9082,구성원,NNG
9083,은,JX
9084,남편,NNG
9085,저,MM
9086,4,SN
9087,세,NNBC
9088,7,SN
9089,세,NNBC
9090,아이,NNG
9091,와,JKB
9092,함께,MAG
9093,합니다,VV+EF
9094,첫째,NR
9095,날,NNG
9096,강동,MAG
9097,워터,NNG
9098,파크,NNG
9099,6,SN
9100,시,NNBC
9101,까지,JX
9102,보낼,VV+ETM
9103,아이,NNG
9104,와,JKB
9105,함께,MAG
9106,하,VV
9107,는,ETM
9108,경주,NNP
9109,여행,NNG
9110,정말,MAG
9111,좋,VA
9112,을,ETM
9113,것,NNB
9114,같,VA
9115,습니다,EF
9116,여행,NNG
9117,하,XSV
9118,는,ETM
9119,동안,NNG
9120,필요,NNG
9121,한,XSA+ETM
9122,정보,NNG
9123,를,JKO
9124,확인,NNG
9125,하,XSV
9126,실,EP+ETM
9127,수,NNB
9128,있,VV
9129,는,ETM
9130,정보,NNG
9131,를,JKO
9132,경주,NNP
9133,여행,NNG
9134,코스,NNG
9135,(,SSO
9136,2,SN
9137,박,NNBC
9138,3,SN
9139,일,NNBC
9140,),SSC
9141,질문,NNG
9142,이,JKS
9143,있,VA
9144,어요,EF
9145,5,SN
9146,월,NNBC
9147,23,SN
9148,일,NNBC
9149,5,SN
9150,월,NNBC
9151,25,SN
9152,일,NNBC
9153,경주,NNP
9154,여행,NNG
9155,코스,NNG
9156,추천,NNG
9157,해,XSV+EC
9158,주,VX
9159,세요,EP+EF
9160,1,SN
9161,대상,NNG
9162,어머니,NNG
9163,경주,NNP
9164,여행,NNG
9165,코스,NNG
9166,2,SN
9167,박,NNBC
9168,3,SN
9169,일,NNBC
9170,답변,NNG
9171,드릴게요,VV+EC
9172,경주,NNP
9173,여행,NNG
9174,코스,NNG
9175,2,SN
9176,박,NNBC
9177,3,SN
9178,일,NNBC
9179,답변,NNG
9180,드립니다,VV+EC
9181,어머님,NNG
9182,을,JKO
9183,모시,VV
9184,고,EC
9185,떠나,VV
9186,는,ETM
9187,경주,NNP
9188,여행,NNG
9189,이,JKS
9190,즐거운,VA+ETM
9191,추억,NNG
9192,으로,JKB
9193,남,VV
9194,을,ETM
9195,수,NNB
9196,있,VV
9197,도록,EC
9198,제,NP
9199,가,JKS
9200,2,SN
9201,박,NNBC
9202,3,SN
9203,일,NNBC
9204,경주,NNP
9205,여행,NNG
9206,10,SN
9207,월,NNBC
9208,2,SN
9209,박,NNBC
9210,3,SN
9211,일,NNBC
9212,경주,NNP
9213,여행,NNG
9214,코스,NNG
9215,및,MAJ
9216,식당,NNG
9217,추천,NNG
9218,부탁,NNG
9219,드립니다,VV+EC
9220,1,SN
9221,인,NNG
9222,여행,NNG
9223,숙소,NNG
9224,는,JX
9225,경주,NNP
9226,여행,NNG
9227,가실,NNG
9228,때,NNG
9229,방문,NNG
9230,하,XSV
9231,시,EP
9232,기,ETN
9233,좋,VA
9234,은,ETM
9235,뷰,NNP
9236,예쁜,VA+ETM
9237,카페,NNG
9238,입니다,VCP+EF
9239,포토,NNG
9240,존,NNP
9241,도,JX
9242,많,VA
9243,고,EC
9244,다양,XR
9245,한,XSA+ETM
9246,작품,NNG
9247,도,JX
9248,함께,MAG
9249,감상,NNG
9250,할,XSV+ETM
9251,수,NNB
9252,있,VV
9253,는,ETM
9254,카페,NNG
9255,라서,VCP+EC
9256,경주,NNP
9257,여행,NNG
9258,에,JKB
9259,참고,NNG
9260,해,XSV+EC
9261,수면,NNG
9262,좋,VA
9263,을,ETM
9264,거,NNB
9265,같,VA
9266,아요,EC
9267,경주,NNP
9268,여행,NNG
9269,질문,NNG
9270,안녕,NNG
9271,하,XSV
9272,세요,EP+EF
9273,경주,NNP
9274,여행,NNG
9275,을,JKO
9276,가,VV+EC
9277,본,VX+ETM
9278,적,NNB
9279,이,JKS
9280,없,VA
9281,는데,EC
9282,이번,NNG
9283,에,JKB
9284,가,VV+EC
9285,보,VX
9286,려고,EC
9287,하,VX
9288,거든요,EF
9289,1,SN
9290,일,NNBC
9291,정도,NNG
9292,돌아다닐,VV+ETM
9293,거,NNB
9294,같,VA
9295,은데,EC
9296,버스,NNG
9297,와,JC
9298,렌트카,NNG
9299,반갑,VA
9300,습니다,EF
9301,살,VV
9302,아,EC
9303,있,VX
9304,는,ETM
9305,문화,NNG
9306,유산,NNG
9307,의,JKG
9308,도시,NNG
9309,경주,NNP
9310,여행,NNG
9311,을,JKO
9312,1,SN
9313,인,NNG
9314,당일,NNG
9315,로,JKB
9316,준비,NNG
9317,중,NNB
9318,이,VCP
9319,시,EP
9320,네요,EF
9321,경주,NNP
9322,방문,NNG
9323,이,JKS
9324,처음,NNG
9325,이,VCP
9326,시,EP
9327,라면,EC
9328,경주,NNP
9329,여행,NNG
9330,코스,NNG
9331,어디,NP
9332,가,JKS
9333,★,SY
9334,가족,NNG
9335,들,XSN
9336,이랑,JC
9337,경주,NNP
9338,여행,NNG
9339,을,JKO
9340,가,VV
9341,려고,EC
9342,하,VV
9343,는데,EC
9344,경주,NNP
9345,여행,NNG
9346,코스,NNG
9347,를,JKO
9348,어떻게,MAG
9349,해야,VV+EC
9350,할지,VX+EC
9351,모르,VV
9352,겟,EP
9353,네요,EF
9354,경주,NNP
9355,여행,NNG
9356,코스,NNG
9357,어디,NP
9358,가,JKS
9359,좋,VA
9360,을까요,EF
9361,사실,MAG
9362,중학교,NNG
9363,때,NNG
9364,가,VV+EC
9365,보,VX
9366,고,EC
9367,안,MAG
9368,가,VV+EC
9369,봤,VX+EP
9370,어요,EF
9371,경주,NNP
9372,여행,NNG
9373,코스,NNG
9374,가장,MAG
9375,핫,NNG
9376,플레이스,NNG
9377,만,JX
9378,가,VV+EC
9379,보,VX
9380,고,EC
9381,싶,VX
9382,어요,EF
9383,혹시,MAG
9384,경주,NNP
9385,여행,NNG
9386,코스,NNG
9387,다,MAG
9388,들,XSN
9389,6,SN
9390,월,NNBC
9391,경주,NNP
9392,여행,NNG
9393,제,NP
9394,가,JKS
9395,6,SN
9396,월,NNBC
9397,달,NNG
9398,에,JKB
9399,엄마,NNG
9400,아빠,NNG
9401,랑,JKB
9402,언니,NNG
9403,랑,JC
9404,경주,NNP
9405,여행,NNG
9406,을,JKO
9407,가,VV
9408,는데요,EC
9409,갈,VX+ETM
9410,곳,NNG
9411,추천,NNG
9412,해,XSV+EC
9413,주,VX
9414,세요,EP+EF
9415,너무,MAG
9416,유명,XR
9417,한,XSA+ETM
9418,곳,NNG
9419,은,JX
9420,아니,VCN
9421,였,EP
9422,음,ETN
9423,하,VV
9424,네요,EF
9425,예,IC
9426,경주,NNP
9427,여행,NNG
9428,을,JKO
9429,계획,NNG
9430,하,XSV
9431,시,EP
9432,는,ETM
9433,것,NNB
9434,같,VA
9435,네요,EF
9436,저,NP
9437,도,JX
9438,여러분,NP
9439,들,XSN
9440,이,JKS
9441,즐길,VV+ETM
9442,수,NNB
9443,있,VV
9444,는,ETM
9445,장소,NNG
9446,와,JC
9447,활동,NNG
9448,을,JKO
9449,추천,NNG
9450,해,XSV+EC
9451,드릴게요,VX+EC
9452,1,SN
9453,경주,NNP
9454,월드컵,NNG
9455,경주,NNP
9456,여행지,NNG
9457,추천,NNG
9458,해,XSV+EC
9459,주,VX
9460,세요,EP+EF
9461,4,SN
9462,월,NNBC
9463,에,JKB
9464,경주,NNP
9465,여행,NNG
9466,계획,NNG
9467,이,JKS
9468,있,VA
9469,어요,EF
9470,3,SN
9471,박,NNBC
9472,일정,NNG
9473,으로,JKB
9474,가,VV
9475,려고,EC
9476,해요,VX+EF
9477,질문,NNG
9478,하,XSV
9479,신,EP+ETM
9480,경주,NNP
9481,여행지,NNG
9482,관련,NNG
9483,답변,NNG
9484,드리,VV
9485,도록,EC
9486,하,VX
9487,겠,EP
9488,습니다,EF
9489,4,SN
9490,월,NNBC
9491,에,JKB
9492,경주,NNP
9493,여행,NNG
9494,을,JKO
9495,가시,VV
9496,나,EC
9497,보,VX
9498,군요,EC
9499,경주,NNP
9500,는,JX
9501,대부분,NNG
9502,평지,NNG
9503,라,VCP+EC
9504,많,VA
9505,으니,EC
9506,경주,NNP
9507,여행지,NNG
9508,알아보,VV
9509,실,EP+ETM
9510,때,NNG
9511,조금,NNG
9512,이,VCP
9513,라도,EC
9514,참고,NNG
9515,되,XSV
9516,셨,EP+EP
9517,으면,EC
9518,경주,NNP
9519,여행,NNG
9520,추천,NNG
9521,좀,MAG
9522,해,VV+EC
9523,주,VX
9524,세요,EP+EF
9525,가,VV
9526,야,EC
9527,하,VV
9528,는,ETM
9529,경주,NNP
9530,여행지,NNG
9531,도,JX
9532,추천,NNG
9533,부탁,NNG
9534,합니다,XSV+EF
9535,경주,NNP
9536,보문,NNG
9537,단지,NNG
9538,내,NNB
9539,에,JKB
9540,위치,NNG
9541,한,XSA+ETM
9542,우양,NNG
9543,미술관,NNG
9544,은,JX
9545,국내,NNG
9546,최초,NNG
9547,경주,NNP
9548,여행,NNG
9549,에서,JKB
9550,꼭,MAG
9551,추천,NNG
9552,드리,VV
9553,고,EC
9554,싶,VX
9555,은,ETM
9556,장소,NNG
9557,는,JX
9558,동궁,NNG
9559,과,JC
9560,월지,NNG
9561,인데요,VCP+EF
9562,신라,NNP
9563,시대,NNG
9564,의,JKG
9565,별,MM
9566,궁터,NNG
9567,였었,VCP+EP
9568,고,EC
9569,왕자,NNG
9570,가,JKS
9571,생활,NNG
9572,하,XSV
9573,는,ETM
9574,장소,NNG
9575,였,VCP+EP
9576,다고,EC
9577,합니다,VX+EC
9578,경주,NNP
9579,여행,NNG
9580,코스,NNG
9581,(,SSO
9582,지도,NNG
9583,),SSC
9584,",",SC
9585,숙소,NNG
9586,2,SN
9587,주,NNBC
9588,후,NNG
9589,에,JKB
9590,여자,NNG
9591,친구,NNG
9592,와,JKB
9593,같이,MAG
9594,경주,NNP
9595,여행,NNG
9596,을,JKO
9597,하,VV
9598,기,ETN
9599,로,JKB
9600,했,VV+EP
9601,어요,EF
9602,차,NNG
9603,를,JKO
9604,가지,VV
9605,고,EC
9606,갈,VX+ETM
9607,예정,NNG
9608,인데요,VCP+EF
9609,경주,NNP
9610,여행,NNG
9611,어떤,MM
9612,식,NNB
9613,으로,JKB
9614,코스,NNG
9615,를,JKO
9616,잡,VV
9617,고,EC
9618,가,VX
9619,는,ETM
9620,것,NNB
9621,이,JKS
9622,좋,VA
9623,을까요,EF
9624,그리고,MAJ
9625,경주,NNP
9626,여행,NNG
9627,코스,NNG
9628,지도,NNG
9629,를,JKO
9630,알아보,VV
9631,고,EC
9632,외,NNB
9633,경주,NNP
9634,여행,NNG
9635,하,XSV
9636,면서,EC
9637,갈,VX+ETM
9638,만,NNB
9639,한,XSA+ETM
9640,곳,NNG
9641,몇,MM
9642,군데,NNBC
9643,도,JX
9644,알려,VV+EC
9645,주,VX
9646,세요,EP+EF
9647,경주,NNP
9648,경주,NNP
9649,여행,NNG
9650,2,SN
9651,박,NNBC
9652,3,SN
9653,일,NNBC
9654,코스,NNG
9655,조언,NNG
9656,부탁,NNG
9657,드립니다,VV+EF
9658,.,SF
9659,저희,NP
9660,가족,NNG
9661,과,JC
9662,저희,NP
9663,부모,NNG
9664,님,XSN
9665,을,JKO
9666,모시,VV
9667,고,EC
9668,경주,NNP
9669,여행,NNG
9670,을,JKO
9671,2,SN
9672,박,NNBC
9673,3,SN
9674,일,NNBC
9675,질문,NNG
9676,하,XSV
9677,신,EP+ETM
9678,경주,NNP
9679,여행,NNG
9680,코스,NNG
9681,관련,NNG
9682,답변,NNG
9683,드리,VV
9684,겠,EP
9685,습니다,EF
9686,가족,NNG
9687,분,NNB
9688,들,XSN
9689,과,JKB
9690,함께,MAG
9691,경주,NNP
9692,여행,NNG
9693,을,JKO
9694,계획,NNG
9695,하,XSV
9696,고,EC
9697,계시,VX
9698,는군요,EC
9699,가족,NNG
9700,3,SN
9701,일,NNBC
9702,경주,NNP
9703,여행,NNG
9704,일정,NNG
9705,을,JKO
9706,준비,NNG
9707,했,XSV+EP
9708,어요,EF
9709,아래,NNG
9710,첨부,NNG
9711,된,XSV+ETM
9712,일정,NNG
9713,을,JKO
9714,참고,NNG
9715,해,XSV+EC
9716,친정,NNG
9717,엄마,NNG
9718,와,JC
9719,2,SN
9720,박,NNBC
9721,3,SN
9722,일,NNBC
9723,경주,NNP
9724,여행,NNG
9725,코스,NNG
9726,요,VCP+EC
9727,7,SN
9728,월,NNBC
9729,10,SN
9730,일,NNBC
9731,70,SN
9732,대,NNBC
9733,초반,NNG
9734,아주,MAG
9735,건강,NNG
9736,한,XSA+ETM
9737,친정,NNG
9738,엄마,NNG
9739,와,JC
9740,둘,NR
9741,이,JKS
9742,경주,NNP
9743,여행,NNG
9744,질문,NNG
9745,하,XSV
9746,신,EP+ETM
9747,경주,NNP
9748,여행,NNG
9749,코스,NNG
9750,관련,NNG
9751,답변,NNG
9752,드리,VV
9753,겠,EP
9754,습니다,EF
9755,부모,NNG
9756,님,XSN
9757,과,JKB
9758,함께,MAG
9759,하,VV
9760,는,ETM
9761,경주,NNP
9762,여행,NNG
9763,을,JKO
9764,계획,NNG
9765,중,NNB
9766,이,VCP
9767,시,EP
9768,군요,EF
9769,숙소,NNG
9770,의,JKG
9771,맞춤,NNG
9772,형,XSN
9773,경주,NNG
9774,여행,NNG
9775,일정,NNG
9776,을,JKO
9777,준비,NNG
9778,했,XSV+EP
9779,어요,EF
9780,아래,NNG
9781,첨부,NNG
9782,된,XSV+ETM
9783,일정,NNG
9784,을,JKO
9785,경주,NNP
9786,여행,NNG
9787,!,SF
9788,!,SY
9789,황리,NNG
9790,단,MM
9791,길,NNG
9792,맛집,NNG
9793,추천,NNG
9794,이번,NNG
9795,주,NNG
9796,에,JKB
9797,경주,NNP
9798,여행,NNG
9799,가,VV
9800,는데,EC
9801,황리,NNG
9802,단,MM
9803,길,NNG
9804,근처,NNG
9805,로,JKB
9806,맛집,NNG
9807,많이,MAG
9808,추천,NNG
9809,해,XSV+EC
9810,주,VX
9811,세요,EP+EF
9812,뚜벅,MAG
9813,이,VCP
9814,라,EC
9815,거리,NNG
9816,멀,VA
9817,면,EC
9818,힘들,VA
9819,어요,EF
9820,경주,NNP
9821,여행,NNG
9822,을,JKO
9823,위한,VV+ETM
9824,황리,NNG
9825,단,MM
9826,길,NNG
9827,맛집,NNG
9828,추천,NNG
9829,과,JC
9830,황리,NNG
9831,단,MM
9832,맛집,NNG
9833,과,JC
9834,경주,NNP
9835,맛집,NNG
9836,은,JX
9837,매일,MAG
9838,많,VA
9839,은,ETM
9840,분,NNB
9841,들,XSN
9842,이,JKS
9843,줄,NNG
9844,을,JKO
9845,오랫동안,NNG
9846,서,VV
9847,서,EC
9848,기다려,VV+EC
9849,먹,VV
9850,는,ETM
9851,곳,NNG
9852,과,JC
9853,배달,NNG
9854,경주,NNP
9855,여행,NNG
9856,(,SSO
9857,숙소,NNG
9858,추천,NNG
9859,),SSC
9860,안녕,NNG
9861,하,XSV
9862,세요,EP+EF
9863,경기도,NNP
9864,권,XSN
9865,에,JKB
9866,사,VV
9867,는,ETM
9868,사람,NNG
9869,입니다,VCP+EF
9870,내년,NNG
9871,1,SN
9872,월,NNBC
9873,중순,NNG
9874,쯤,XSN
9875,경주,NNP
9876,여행,NNG
9877,을,JKO
9878,갈,VV+ETM
9879,예정,NNG
9880,입니다,VCP+EF
9881,인원,NNG
9882,은,JX
9883,엄마,NNG
9884,3,SN
9885,명,NNBC
9886,과,JC
9887,초등,NNG
9888,5,SN
9889,명,NNBC
9890,총,MM
9891,8,SN
9892,명,NNBC
9893,근데,MAJ
9894,추운,VA+ETM
9895,겨울,NNG
9896,걷,VV
9897,는,ETM
9898,건,NNB+JX
9899,비추,NNG
9900,입니다,VCP+EF
9901,가까운,VA+ETM
9902,거리,NNG
9903,도,JX
9904,택시,NNG
9905,타,VV
9906,고,EC
9907,다니,VV
9908,세요,EP+EF
9909,즐거운,VA+ETM
9910,경주,NNP
9911,여행,NNG
9912,되,XSV
9913,시,EP
9914,기,ETN
9915,경주,NNP
9916,여행지,NNG
9917,여자,NNG
9918,친구,NNG
9919,랑,JC
9920,경주,NNP
9921,여행,NNG
9922,갈려고,VV+EC
9923,하,VX
9924,는데요,EF
9925,혹시,MAG
9926,가,VV
9927,볼,EC+VX+ETM
9928,만,NNB
9929,한,XSA+ETM
9930,곳,NNG
9931,이나,JC
9932,경치,NNG
9933,좋,VA
9934,은,ETM
9935,곳,NNB
9936,있,VV
9937,을까요,EC
9938,차,NNG
9939,타,VV
9940,구,EC
9941,이동,NNG
9942,할,XSV+ETM
9943,꺼,NNB+VCP
9944,구요,EF
9945,해,VV+EC
9946,주,VX
9947,셍,NNP
9948,경주,NNP
9949,여행,NNG
9950,을,JKO
9951,계획,NNG
9952,하,XSV
9953,고,EC
9954,계시,VX
9955,는군요,EF
9956,요즘,MAG
9957,경주,NNP
9958,로,JKB
9959,여행,NNG
9960,가시,VV
9961,는,ETM
9962,분,NNB
9963,들,XSN
9964,이,JKS
9965,정말,MAG
9966,많,VA
9967,은데,EC
9968,요,JX
9969,그만큼,MAG
9970,경주,NNP
9971,여행,NNG
9972,감성,NNG
9973,독,NNG
9974,채,MAG
9975,자,IC
9976,쿠지,NNP
9977,숙소,NNG
9978,추천,NNG
9979,부탁,NNG
9980,드립니다,VV+EF
9981,.,SF
9982,3,SN
9983,월,NNBC
9984,마지막,NNG
9985,주,NNG
9986,에,JKB
9987,경주,NNP
9988,여행,NNG
9989,을,JKO
9990,계획,NNG
9991,하,XSV
9992,고,EC
9993,있,VX
9994,습니다,EF
9995,어른,NNG
9996,5,SN
9997,명,NNBC
9998,4,SN
9999,세,NNBC
10000,아이,NNG
10001,가능,NNG
10002,한,XSA+ETM
10003,독채,NNG
10004,자,NNG
10005,쿠지,NNP
10006,숙소,NNG
10007,괜찮,VA
10008,은,ETM
10009,곳,NNB
10010,있,VV
10011,으면,EC
10012,추천,NNG
10013,휴식,NNG
10014,을,JKO
10015,취하,VV
10016,고자,EC
10017,하,VV
10018,는,ETM
10019,분,NNB
10020,들,XSN
10021,께,JKB
10022,최적,NNG
10023,의,JKG
10024,선택,NNG
10025,입니다,VCP+EF
10026,즐거운,VA+ETM
10027,경주,NNP
10028,여행,NNG
10029,되,XSV
10030,시,EP
10031,길,ETN+JKO
10032,바랍니다,VV+EF
10033,http,SL
10034,itta,SL
10035,stay,SL
10036,kr,SL
10037,html,SL
10038,index,SL
10039,html,SL
10040,11,SN
10041,월,NNBC
10042,말,NNB
10043,경주,NNP
10044,여행,NNG
10045,11,SN
10046,월,NNBC
10047,말,NNB
10048,에,JKB
10049,1,SN
10050,박,NNBC
10051,2,SN
10052,일,NNBC
10053,로,JKB
10054,4,SN
10055,명,NNBC
10056,경주,NNP
10057,여행,NNG
10058,갈,VV+ETM
10059,건데,NNB+VCP+EC
10060,코스,NNG
10061,추천,NNG
10062,부탁,NNG
10063,드립니다,VV+EC
10064,경주,NNP
10065,에,JKB
10066,놀,VV
10067,러,EC
10068,오,VX
10069,시,EP
10070,는,ETM
10071,군요,NNG
10072,1,SN
10073,박,NNBC
10074,2,SN
10075,일,NNBC
10076,코스,NNG
10077,에다가,JKB
10078,11,SN
10079,월,NNBC
10080,그래도,MAJ
10081,패딩,NNG
10082,느낌,NNG
10083,은,JX
10084,아니,VCN
10085,고,EC
10086,두꺼운,VA+ETM
10087,코트,NNG
10088,나,JC
10089,경량,NNG
10090,패딩,NNG
10091,정도,NNG
10092,입,VV
10093,고,EC
10094,오,VX
10095,시,EP
10096,기,ETN
10097,를,JKO
10098,추천,NNG
10099,드려요,VV+EC
10100,즐거운,VA+ETM
10101,경주,NNP
10102,여행,NNG
10103,되,XSV
10104,세요,EP+EF
10105,경주,NNP
10106,여행,NNG
10107,추천,NNG
10108,부탁,NNG
10109,드려요,VV+EC
10110,~^^,SY
10111,경주,NNP
10112,여행,NNG
10113,을,JKO
10114,다녀오,VV
10115,고,EC
10116,싶,VX
10117,은데,EC
10118,기본,NNG
10119,적,XSN
10120,으로,JKB
10121,가,VV
10122,볼,EC+VX+ETM
10123,만,NNB
10124,한,XSA+ETM
10125,곳,NNG
10126,들,XSN
10127,말,VV
10128,고,EC
10129,특별히,MAG
10130,가,VV+EC
10131,보,VX
10132,면,EC
10133,좋,VA
10134,을,ETM
10135,곳,NNG
10136,이,JKS
10137,있,VV
10138,을까요,EC
10139,맛집,NNG
10140,이나,JC
10141,문,NNG
10142,의,JKG
10143,주신,NNG
10144,경주,NNP
10145,가,VV
10146,볼,EC+VX+ETM
10147,만,NNB
10148,한,XSA+ETM
10149,곳,NNG
10150,추천,NNG
10151,드릴게요,VV+EC
10152,즐거운,VA+ETM
10153,경주,NNP
10154,여행,NNG
10155,되,XSV
10156,셨,EP+EP
10157,으면,EC
10158,좋,VA
10159,겠,EP
10160,어요,EF
10161,경북,NNP
10162,경주,NNP
10163,가,VV
10164,볼,EC+VX+ETM
10165,만,NNB
10166,한,XSA+ETM
10167,곳,NNG
10168,1,SN
10169,2,SN
10170,박,NNBC
10171,3,SN
10172,일,NNBC
10173,경주,NNP
10174,여행,NNG
10175,코스,NNG
10176,추천,NNG
10177,이,VCP
10178,요,EF
10179,!,SF
10180,요번,NNG
10181,에,JKB
10182,는,JX
10183,색다른,VA+ETM
10184,주제,NNG
10185,로,JKB
10186,경주,NNP
10187,여행,NNG
10188,을,JKO
10189,하,VV
10190,고,EC
10191,싶,VX
10192,어요,EF
10193,문화재,NNG
10194,위주,NNG
10195,가,JKC
10196,아닌,VCN+ETM
10197,다른,MM
10198,위주,NNG
10199,로,JKB
10200,갈만,NNG
10201,한,XSA+ETM
10202,곳,NNG
10203,추천,NNG
10204,해,XSV+EC
10205,주,VX
10206,세요,EP+EF
10207,야경,NNG
10208,2,SN
10209,박,NNBC
10210,3,SN
10211,일,NNBC
10212,경주,NNP
10213,여행,NNG
10214,코스,NNG
10215,추천,NNG
10216,이,VCP
10217,요,EC
10218,답변,NNG
10219,드릴게요,VV+EC
10220,안녕,NNG
10221,하,XSV
10222,세요,EP+EF
10223,저,NP
10224,도,JX
10225,저번,NNG
10226,주,NNG
10227,에,JKB
10228,경주,NNP
10229,여행,NNG
10230,갔,VV+EP
10231,던,ETM
10232,사람,NNG
10233,입니다,VCP+EF
10234,경주,NNP
10235,여행,NNG
10236,이,JKS
10237,[,SSO
10238,추천,NNG
10239,해,XSV+EC
10240,주,VX
10241,세요,EP+EF+VCP
10242,],SSC
10243,경주,NNP
10244,여행,NNG
10245,추천,NNG
10246,해,XSV+EC
10247,주,VX
10248,세요,EP+EF
10249,경주,NNP
10250,여행,NNG
10251,안녕,NNG
10252,하,XSV
10253,세요,EP+EF
10254,무,XPN
10255,계획,NNG
10256,이,MM
10257,루트,NNG
10258,로,JKB
10259,이,MM
10260,용시,NNG
10261,실패,NNG
10262,없,VA
10263,는,ETM
10264,경주,NNP
10265,여행,NNG
10266,소개,NNG
10267,해,XSV+EC
10268,드릴까,VX+EC
10269,합니다,VX+EF
10270,한번,MAG
10271,보,VV
10272,시,EP
10273,고,EC
10274,마음,NNG
10275,에,JKB
10276,드신,VV+EP+ETM
10277,다면,NNG
10278,채택,NNG
10279,부탁,NNG
10280,드립니다,VV+EC
10281,캐리,NNP
10282,어사이즈,NNP
10283,추천,NNP
10284,(,SSO
10285,경주,NNP
10286,여행,NNG
10287,),SSC
10288,이번,NNG
10289,에,JKB
10290,아버지,NNG
10291,랑,JKB
10292,2,SN
10293,박,NNBC
10294,3,SN
10295,일,NNBC
10296,로,JKB
10297,경주,NNP
10298,여행,NNG
10299,을,JKO
10300,가,VV
10301,기,ETN
10302,로,JKB
10303,했,VV+EP
10304,습니다,EF
10305,캐리어,NNG
10306,가,JKS
10307,없,VA
10308,어,EC
10309,이,MM
10310,참,NNB
10311,에,JKB
10312,겸사겸사,MAG
10313,로,JKB
10314,하나,NR
10315,살까,VV+EC
10316,합니다,VX+EF
10317,캐리,NNP
10318,어사이즈,NNP
10319,추천,NNG
10320,부탁,NNG
10321,드립니다,VV+EC
10322,경주,NNP
10323,여행,NNG
10324,에,JKB
10325,20,SN
10326,인치,NNBC
10327,캐리어,NNG
10328,를,JKO
10329,추천,NNG
10330,합니다,XSV+EF
10331,매일,NNG
10332,이,JKS
10333,즐거우,VV
10334,셨,EP+EP
10335,으면,EC
10336,좋,VA
10337,겠,EP
10338,습니당,EF
10339,경주,NNP
10340,여행,NNG
10341,!,SF
10342,!,SY
10343,경주,NNP
10344,여행,NNG
10345,을,JKO
10346,가,VV
10347,려고,EC
10348,하,VV
10349,는데,EC
10350,혹시,MAG
10351,경주,NNP
10352,에,JKB
10353,폴라로이드,NNG
10354,카메라,NNG
10355,대여,NNG
10356,할,XSV+ETM
10357,수,NNB
10358,있,VV
10359,는,ETM
10360,곳,NNG
10361,이나,JX
10362,싸,VA
10363,게,EC
10364,구매,NNG
10365,하,XSV
10366,는,ETM
10367,할,VV+ETM
10368,수,NNB
10369,있,VV
10370,는,ETM
10371,곳,NNB
10372,그리고,MAJ
10373,경주,NNP
10374,여행,NNG
10375,온다고,VV+EC
10376,하,VX
10377,시,EP
10378,니,EC
10379,숙소,NNG
10380,가,JKS
10381,제일,MAG
10382,중요,NNG
10383,하,XSV
10384,잖아요,EC+VX+EF
10385,그래서,MAJ
10386,저희,NP
10387,오푸스,NNG
10388,11,SN
10389,풀,NNG
10390,빌라,NNG
10391,펜션,NNG
10392,을,JKO
10393,추천,NNG
10394,해,XSV+EC
10395,드리,VX
10396,려고,EC
10397,경주,NNP
10398,여행,NNG
10399,렌터카,NNG
10400,문,NNG
10401,의,JKG
10402,경주,NNG
10403,여행,NNG
10404,을,JKO
10405,가,VV
10406,려고,EC
10407,합니다,VX+EF
10408,우선,MAG
10409,숙소,NNG
10410,는,JX
10411,터미널,NNG
10412,주요,NNG
10413,관광지,NNG
10414,를,JKO
10415,도보,NNG
10416,5,SN
10417,10,SN
10418,분,NNBC
10419,경주,NNP
10420,여행,NNG
10421,관광지,NNG
10422,추천,NNG
10423,해,XSV+EC
10424,드리,VX
10425,겠,EP
10426,습니다,EF
10427,말씀,NNG
10428,하,XSV
10429,신,EP+ETM
10430,터미널,NNG
10431,에서,JKB
10432,주요,NNG
10433,관광지,NNG
10434,는,JX
10435,경주,NNP
10436,여행,NNG
10437,은,JX
10438,황리,NNG
10439,단,MM
10440,길,NNG
10441,에서,JKB
10442,시작,NNG
10443,한다고,XSV+EC
10444,보,VX
10445,시,EP
10446,면,EC
10447,됩니다,VV+EF
10448,황리,NNG
10449,단,MM
10450,길,NNG
10451,을,JKO
10452,시작,NNG
10453,으로,JKB
10454,2,SN
10455,박,NNBC
10456,3,SN
10457,일,NNBC
10458,경주,NNP
10459,여행,NNG
10460,코스,NNG
10461,추천,NNG
10462,이,VCP
10463,요,EF
10464,!,SF
10465,요번,NNG
10466,에,JKB
10467,는,JX
10468,색다른,VA+ETM
10469,주제,NNG
10470,로,JKB
10471,경주,NNP
10472,여행,NNG
10473,을,JKO
10474,하,VV
10475,고,EC
10476,싶,VX
10477,어요,EF
10478,2,SN
10479,박,NNBC
10480,3,SN
10481,일,NNBC
10482,경주,NNP
10483,여행,NNG
10484,코스,NNG
10485,추천,NNG
10486,입니다,VCP+EF
10487,안녕,IC
10488,하,VV
10489,세요,EP+EF
10490,2,SN
10491,코스,NNG
10492,경주,NNP
10493,남산,NNP
10494,정복,NNG
10495,하,XSV
10496,기,ETN
10497,경주,NNG
10498,여행,NNG
10499,코스,NNG
10500,중,NNB
10501,에서,JKB
10502,많,VA
10503,은,ETM
10504,4,SN
10505,코스,NNG
10506,불국사,NNG
10507,와,JC
10508,석굴암,NNG
10509,관람,NNG
10510,하,XSV
10511,기,ETN
10512,경주,NNG
10513,여행,NNG
10514,의,JKG
10515,랜드마크,NNP
10516,죠,VCP+EC
10517,경주,NNP
10518,여행,NNG
10519,(,SSO
10520,내공,NNP
10521,100,SN
10522,),SSC
10523,경주,NNP
10524,여행,NNG
10525,당일치기,NNG
10526,로,JKB
10527,일찍,MAG
10528,아침,NNG
10529,에,JKB
10530,거,VV
10531,고,EC
10532,저녁,NNG
10533,늦,VA
10534,은,ETM
10535,시간,NNG
10536,에,JKB
10537,갈려는,VV+ETM
10538,데,NNB
10539,꼭,MAG
10540,가,VV
10541,야,EC
10542,되,VV
10543,는,ETM
10544,곳,NNG
10545,이랑,JC
10546,반려,NNG
10547,건,VCP+EC
10548,동반,NNG
10549,입장,NNG
10550,이,JKS
10551,되,VV
10552,는지,EC
10553,궁금,XR
10554,합니다,XSA+EF
10555,반려,NNG
10556,견,NNG
10557,동반,NNG
10558,경주,NNP
10559,여행지,NNG
10560,추천,NNG
10561,해,XSV+EC
10562,드려요,VV+EC
10563,경주,NNP
10564,여행,NNG
10565,렌트,NNG
10566,렌트,NNG
10567,해서,XSV+EC
10568,경주,NNP
10569,여행,NNG
10570,할려,XSV+EC
10571,하,VV
10572,는데,EC
10573,경주,NNP
10574,도,JX
10575,부산,NNP
10576,처럼,JKB
10577,운전,NNG
10578,하,XSV
10579,는,ETM
10580,거,NNB
10581,많이,MAG
10582,빡센,VA+ETM
10583,가여,NNG
10584,부산,NNP
10585,에,JKB
10586,살,VV
10587,고,EC
10588,있,VX
10589,다,EC
10590,보,VX
10591,니,EC
10592,종종,MAG
10593,경주,NNP
10594,여행,NNG
10595,을,JKO
10596,가,VV
10597,는데,EC
10598,일단,MAG
10599,차,NNG
10600,가,JKS
10601,많이,MAG
10602,몰리,VV
10603,는,ETM
10604,곳,NNG
10605,은,JX
10606,황리,NNG
10607,단,MM
10608,길,NNG
10609,첨성대,NNG
10610,인근,NNG
10611,대릉원,NNG
10612,인근,NNG
10613,경주,NNP
10614,시내,NNG
10615,정도,NNG
10616,입니다,VCP+EF
10617,여기,NP
10618,외,NNB
10619,에,JKB
10620,는,JX
10621,운전,NNG
10622,하,XSV
10623,는데,EC
10624,주말,NNG
10625,1,SN
10626,박,NNBC
10627,2,SN
10628,일,NNBC
10629,경주,NNP
10630,여행,NNG
10631,코스,NNG
10632,문,NNG
10633,의,JKG
10634,드립니다,VV+EF
10635,.,SF
10636,엄마,NNG
10637,아빠,NNG
10638,랑,JKB
10639,같이,MAG
10640,갈,VV+ETM
10641,건데요,NNB+VCP+EF
10642,전,MM
10643,경주로,NNG
10644,수학여행,NNG
10645,다녀온,VV+ETM
10646,지,NNB
10647,너무,MAG
10648,오래,MAG
10649,됐,VV+EP
10650,고,EC
10651,엄마,NNG
10652,아빠,NNG
10653,는,JX
10654,경주,NNP
10655,여행,NNG
10656,이,JKS
10657,처음,NNG
10658,이,VCP
10659,라서요,EF
10660,그리고,MAJ
10661,경주,NNP
10662,맛집,NNG
10663,있,VV
10664,으면,EC
10665,추도,NNG
10666,부탁,NNG
10667,드려,VV+EF
10668,용,XSN
10669,주말,NNG
10670,1,SN
10671,박,NNBC
10672,2,SN
10673,일,NNBC
10674,경주,NNP
10675,여행,NNG
10676,코스,NNG
10677,문,NNG
10678,의,JKG
10679,드립니다,VV+EC
10680,답변,NNG
10681,드릴게요,VV+EC
10682,경주,NNP
10683,는,JX
10684,경주,NNP
10685,여행,NNG
10686,숙소,NNG
10687,11,SN
10688,월,NNBC
10689,20,SN
10690,일,NNBC
10691,토요일,NNG
10692,경주,NNP
10693,여행,NNG
10694,을,JKO
10695,가,VV
10696,려고,EC
10697,하,VV
10698,는데,EC
10699,숙소,NNG
10700,정하,VV
10701,기,ETN
10702,가,JKS
10703,힘드,VA
10704,네요,EC
10705,5,SN
10706,인,NNG
10707,2021,SN
10708,낭,NNG
10709,만,JX
10710,있,VX
10711,는,ETM
10712,가을,NNG
10713,에,JKB
10714,경주,NNP
10715,여행,NNG
10716,즐기,VV
10717,고,EC
10718,싶,VX
10719,다면,EC
10720,경주,NNP
10721,신상,NNG
10722,풀,NNG
10723,빌,VV
10724,라,EC
10725,오,VX
10726,세요,EP+EF
10727,수,NNB
10728,있,VV
10729,어요,EF
10730,경주,NNP
10731,펜션,NNG
10732,경주,NNP
10733,풀,NNG
10734,빌라,NNP
10735,경주,NNP
10736,숙소,NNG
10737,경주,NNP
10738,신축,NNG
10739,펜션,NNG
10740,경주,NNP
10741,가,JKS
10742,볼,VV+ETM
10743,만,NNB
10744,한,XSA+ETM
10745,곳,NNB
10746,경주,NNP
10747,여행,NNG
10748,경주,NNP
10749,여행,NNG
10750,택시,NNG
10751,투어,NNG
10752,와,JC
10753,렌트카,NNG
10754,이용,NNG
10755,12,SN
10756,월,NNBC
10757,에,JKB
10758,1,SN
10759,박,NNBC
10760,2,SN
10761,일,NNBC
10762,지인,NNG
10763,들,XSN
10764,과,JC
10765,경주,NNP
10766,여행,NNG
10767,가,VV
10768,기,ETN
10769,로,JKB
10770,했,VV+EP
10771,는데,EC
10772,질문,NNG
10773,하,XSV
10774,신,EP+ETM
10775,경주,NNP
10776,여행,NNG
10777,택시,NNG
10778,투어,NNG
10779,와,JC
10780,관련,NNG
10781,하,XSA
10782,여,EC
10783,답변,NNG
10784,드리,VV
10785,겠,EP
10786,습니다,EF
10787,음,IC
10788,경주,NNP
10789,택시,NNG
10790,투어,NNG
10791,도,JX
10792,경주,NNP
10793,여행,NNG
10794,시,NNB
10795,편안,NNG
10796,하,XSA
10797,게,EC
10798,최근,NNG
10799,들,XSN
10800,어,IC
10801,경주,NNP
10802,여행,NNG
10803,시,NNB
10804,많,VA
10805,은,ETM
10806,분,NNB
10807,들,XSN
10808,이,JKS
10809,택시,NNG
10810,투어,NNG
10811,를,JKO
10812,이용,NNG
10813,하,XSV
10814,시,EP
10815,는데요,EC
10816,1,SN
10817,박,NNBC
10818,2,SN
10819,일,NNBC
10820,로,JKB
10821,경주,NNP
10822,여행,NNG
10823,을,JKO
10824,갑니다,VV+EC
10825,1,SN
10826,박,NNBC
10827,2,SN
10828,일,NNBC
10829,로,JKB
10830,경주,NNP
10831,여행,NNG
10832,을,JKO
10833,갑니다,VV+EC
10834,천군동,NNP
10835,에,JKB
10836,위치,NNG
10837,한,XSA+ETM
10838,풀,NNG
10839,빌라,NNG
10840,3,SN
10841,시,NNBC
10842,입실,NNG
10843,인데,VCP+EC
10844,경주,NNP
10845,12,SN
10846,시,NNBC
10847,도착,NNG
10848,예정,NNG
10849,이,VCP
10850,라서,EC
10851,그동안,NNG
10852,안녕,NNG
10853,하,XSV
10854,세요,EP+EF
10855,무,XPN
10856,계획,NNG
10857,없이,MAG
10858,이,MM
10859,루트,NNG
10860,로,JKB
10861,가,VV
10862,면,EC
10863,실패,NNG
10864,가,JKS
10865,없,VA
10866,는,ETM
10867,경주,NNP
10868,여행,NNG
10869,소개,NNG
10870,해,XSV+EC
10871,볼까,VX+EC
10872,합니다,VX+EF
10873,한번,MAG
10874,보,VV
10875,시,EP
10876,고,EC
10877,마음,NNG
10878,에,JKB
10879,드,VV
10880,신다면,EP+EC
10881,경주,NNP
10882,여행,NNG
10883,에,JKB
10884,빠질,VV+ETM
10885,수,NNB
10886,없,VA
10887,는,ETM
10888,빵집,NNG
10889,?,SF
10890,경주,NNP
10891,여행,NNG
10892,에,JKB
10893,빠질,VV+ETM
10894,수,NNB
10895,없,VA
10896,는,ETM
10897,빵집,NNG
10898,알려,VV+EC
10899,주,VX
10900,세요,EP+EF
10901,주말,NNG
10902,에,JKB
10903,남편,NNG
10904,과,JC
10905,경주,NNP
10906,여행,NNG
10907,갑니다,VV+EC
10908,제,NP
10909,가,JKS
10910,빵,NNG
10911,을,JKO
10912,너무,MAG
10913,좋,VA
10914,아,EC
10915,하,VV
10916,는데,EC
10917,경주,NNP
10918,여행,NNG
10919,에서,NNG
10920,만,JX
10921,먹,VV
10922,을,ETM
10923,수,NNB
10924,있,VV
10925,는,ETM
10926,빵집,NNG
10927,어딘가요,NP+VCP+EF
10928,경주,NNP
10929,여행,NNG
10930,하,XSV
10931,기,ETN
10932,좋,VA
10933,은,ETM
10934,계절,NNG
10935,입니다,VCP+EF
10936,저,NP
10937,도,JX
10938,늘,MAG
10939,이맘때,NNG
10940,아이,NNG
10941,들,XSN
10942,과,JC
10943,경주,NNP
10944,에,JKB
10945,가,VV
10946,거든요,EF
10947,경주,NNP
10948,여행,NNG
10949,코스,NNG
10950,동선,NNG
10951,어떻게,MAG
10952,짜,VV
10953,야,EC
10954,될까요,VV+EF
10955,?,SF
10956,자차,NNG
10957,이용,NNG
10958,해서,XSV+EC
10959,1,SN
10960,박,NNBC
10961,2,SN
10962,일,NNBC
10963,로,JKB
10964,경주,NNP
10965,여행,NNG
10966,을,JKO
10967,가,VV
10968,려고,EC
10969,합니다,VX+EF
10970,경주,NNP
10971,여행,NNG
10972,코스,NNG
10973,동선,NNG
10974,어떻게,MAG
10975,짜,VV
10976,야,EC
10977,될까요,VV+EC
10978,이,MM
10979,문제,NNG
10980,에,JKB
10981,대한,VV+ETM
10982,해결책,NNG
10983,을,JKO
10984,제시,NNG
10985,해,XSV+EC
10986,드리,VX
10987,도록,EC
10988,하,VX
10989,겠,EP
10990,습니다,EF
10991,Step,SL
10992,1,SN
10993,경주,NNP
10994,여행,NNG
10995,이처럼,MAG
10996,경주,NNP
10997,여행,NNG
10998,코스,NNG
10999,동선,NNG
11000,을,JKO
11001,메인,VV+ETM
11002,으로,JKB
11003,잡,VV
11004,은,ETM
11005,장소,NNG
11006,와,JC
11007,그,NP
11008,와,JKB
11009,경주,NNP
11010,여행,NNG
11011,추천,NNG
11012,중학,NNG
11013,생,XSN
11014,이,VCP
11015,고,EC
11016,친구,NNG
11017,랑,JKB
11018,당일치기,NNG
11019,로,JKB
11020,경주,NNP
11021,여행,NNG
11022,을,JKO
11023,할려고,VV+EC
11024,하,VV
11025,는데,EC
11026,가,VX
11027,볼,EC+VX+ETM
11028,만,NNB
11029,한,XSA+ETM
11030,곳,NNB
11031,제,NP
11032,가,JKS
11033,저번,NNG
11034,에,JKB
11035,다녀온,VV+ETM
11036,경주,NNP
11037,여행,NNG
11038,코스,NNG
11039,를,JKO
11040,같이,MAG
11041,추천,NNG
11042,드릴,VV+ETM
11043,테,NNB+VCP
11044,니,EC
11045,참고,NNG
11046,용,XSN
11047,으로,JKB
11048,tistory,SL
11049,com,SL
11050,46,SN
11051,제,NP+JKG
11052,글,NNG
11053,이,JKS
11054,도움,NNG
11055,이,JKS
11056,되,VV
11057,서,EC
11058,즐거운,VA+ETM
11059,경주,NNP
11060,여행,NNG
11061,보내,VV
11062,시,EP
11063,면,EC
11064,좋,VA
11065,겠,EP
11066,네요,EC
11067,1,SN
11068,박,NNBC
11069,2,SN
11070,일,NNBC
11071,어르신,NNG
11072,들,XSN
11073,과,JKB
11074,함께,MAG
11075,경주,NNP
11076,여행,NNG
11077,~,SY
11078,숙소,NNG
11079,와,JC
11080,.,SF
11081,..,SY
11082,1,SN
11083,박,NNBC
11084,2,SN
11085,일,NNBC
11086,어르신,NNG
11087,들,XSN
11088,경주,NNP
11089,여행,NNG
11090,추천,NNG
11091,해,XSV+EC
11092,주,VX
11093,세요,EP+EF
11094,인원,NNG
11095,20,SN
11096,25,SN
11097,명,NNBC
11098,숙소,NNG
11099,는,JX
11100,식사,NNG
11101,가,JKS
11102,함께,MAG
11103,경주,NNP
11104,여행,NNG
11105,추천,NNG
11106,안녕,NNG
11107,하,XSV
11108,세요,EP+EF
11109,경주,NNP
11110,여행,NNG
11111,에,JKB
11112,관심,NNG
11113,이,JKS
11114,있,VV
11115,으신,EP+ETM
11116,것,NNB
11117,같,VA
11118,아서,EC
11119,저희,NP
11120,가,JKS
11121,함께,MAG
11122,하,VV
11123,는,ETM
11124,경주,NNP
11125,여행,NNG
11126,에서,JKB
11127,는,JX
11128,역사,NNG
11129,와,JC
11130,문화,NNG
11131,를,JKO
11132,경험,NNG
11133,할,XSV+ETM
11134,수,NNB
11135,있,VV
11136,는,ETM
11137,명소,NNG
11138,를,JKO
11139,추천,NNG
11140,합니다,XSV+EC
11141,경주,NNP
11142,여행,NNG
11143,용,XSN
11144,황,NNG
11145,이,JKS
11146,무엇,NP
11147,인가요,VCP+EF
11148,?,SF
11149,안녕,IC
11150,하,VV
11151,세요,EP+EF
11152,경주,NNP
11153,여행,NNG
11154,하,XSV
11155,려고,EC
11156,알아보,VV
11157,고,EC
11158,있,VX
11159,습니다,EF
11160,알아보,VV
11161,던,ETM
11162,중,NNB
11163,황리,NNG
11164,단,MM
11165,길,NNG
11166,과,JC
11167,용,NNG
11168,황동,NNG
11169,용,XSN
11170,황지,NNG
11171,구,VCP+EC
11172,이렇게,MAG
11173,알,VV
11174,게,EC
11175,되,VV
11176,었,EP
11177,는데,EC
11178,지역민,NNG
11179,은,JX
11180,용,NNG
11181,황,NNG
11182,쪽,NNB
11183,에서,JKB
11184,자주,MAG
11185,놀,VV
11186,고,EC
11187,관광객,NNG
11188,들,XSN
11189,은,JX
11190,황리,NNG
11191,단,MM
11192,길,NNG
11193,에서,JKB
11194,논다는,VV+ETM
11195,말,NNG
11196,이,JKS
11197,있,VV
11198,더라고요,EC
11199,용,NNG
11200,황동,NNG
11201,이,VCP
11202,라는,ETM
11203,곳,NNG
11204,은,JX
11205,아예,MAG
11206,없,VA
11207,던데,EC
11208,경주,NNP
11209,여행,NNG
11210,돌아볼,VV+ETM
11211,곳,NNB
11212,경주,NNP
11213,여행,NNG
11214,코스,NNG
11215,알아보,VV
11216,고,EC
11217,있,VX
11218,는데,EC
11219,마땅히,MAG
11220,갈만,NNG
11221,한,XSA+ETM
11222,곳,NNB
11223,있,VA
11224,을까,EF
11225,영,MAG
11226,안녕,NNG
11227,하,XSV
11228,세요,EP+EF
11229,취향,NNG
11230,대로,JKB
11231,머물,VV
11232,다,EC
11233,여기,VV
11234,어,EC
11235,때,NNG
11236,입니다,VCP+EF
11237,질문,NNG
11238,하,XSV
11239,신,EP+ETM
11240,경주,NNP
11241,여행,NNG
11242,관련,NNG
11243,답변,NNG
11244,드리,VV
11245,도록,EC
11246,하,VX
11247,겠,EP
11248,습니다,EF
11249,경주,NNP
11250,여행,NNG
11251,을,JKO
11252,하,VV
11253,시,EP
11254,나,EC
11255,봅니다,VX+EC
11256,갈,VX+ETM
11257,만,NNB
11258,한,XSA+ETM
11259,곳,NNG
11260,몇,MM
11261,가지,NNBC
11262,알려,VV+EC
11263,드리,VX
11264,도록,EC
11265,할머니,NNG
11266,랑,JKB
11267,12,SN
11268,월,NNBC
11269,경주,NNP
11270,여행,NNG
11271,할머니,NNG
11272,랑,JKB
11273,1,SN
11274,박,NNBC
11275,2,SN
11276,일,NNBC
11277,로,JKB
11278,경주,NNP
11279,여행,NNG
11280,갈려고,VV+EC
11281,하,VV
11282,는데,EC
11283,코스,NNG
11284,를,JKO
11285,어떻게,MAG
11286,짜,VV
11287,면,EC
11288,좋,VA
11289,을까요,EC
11290,질문,NNG
11291,하,XSV
11292,신,EP+ETM
11293,경주,NNP
11294,여행,NNG
11295,과,JC
11296,관련,NNG
11297,하,XSA
11298,여,EC
11299,답변,NNG
11300,드리,VV
11301,겠,EP
11302,습니다,EF
11303,할머니,NNG
11304,랑,JKB
11305,여행,NNG
11306,을,JKO
11307,요즘,NNG
11308,에,JKB
11309,는,JX
11310,경주,NNP
11311,택시,NNG
11312,투어,NNG
11313,를,JKO
11314,통해,VV+EC
11315,보다,MAG
11316,편안,NNG
11317,하,XSA
11318,게,EC
11319,경주,NNP
11320,여행,NNG
11321,을,JKO
11322,즐겨,VV+EC
11323,보,VX
11324,실,EP+ETM
11325,수,NNB
11326,경주,NNP
11327,여행,NNG
11328,1,SN
11329,박,NNBC
11330,2,SN
11331,일,NNBC
11332,알찬,VA+ETM
11333,코스,NNG
11334,로,JKB
11335,추천,NNG
11336,해,XSV+EC
11337,주,VX
11338,세요,EP+EF
11339,^^,SY
11340,경주,NNP
11341,여행,NNG
11342,1,SN
11343,박,NNBC
11344,2,SN
11345,일,NNBC
11346,알찬,VA+ETM
11347,코스,NNG
11348,로,JKB
11349,추천,NNG
11350,해,XSV+EC
11351,주,VX
11352,세요,EP+EF
11353,1,SN
11354,박,NNBC
11355,이,VCP
11356,라,EC
11357,짧,VA
11358,지만,EC
11359,질문,NNG
11360,하,XSV
11361,신,EP+ETM
11362,경주,NNP
11363,여행,NNG
11364,관련,NNG
11365,답변,NNG
11366,드리,VV
11367,도록,EC
11368,하,VX
11369,겠,EP
11370,습니다,EF
11371,1,SN
11372,박,NNBC
11373,2,SN
11374,일,NNBC
11375,경주,NNP
11376,여행,NNG
11377,을,JKO
11378,다녀오,VV
11379,실,EP+ETM
11380,예정,NNG
11381,이,VCP
11382,시,EP
11383,군요,EC
11384,가,VX
11385,볼,EC+VX+ETM
11386,만,NNB
11387,한,XSA+ETM
11388,곳,NNG
11389,들,XSN
11390,좋,VA
11391,으니,EC
11392,경주,NNP
11393,여행,NNG
11394,하,XSV
11395,시,EP
11396,는데,EC
11397,참고,NNG
11398,하,XSV
11399,시,EP
11400,기,ETN
11401,바랍니다,VV+EF
11402,도움,NNG
11403,이,JKS
11404,사월,NNG
11405,말,NNG
11406,에,JKB
11407,가족,NNG
11408,들,XSN
11409,과,JC
11410,경주,NNP
11411,여행,NNG
11412,계획,NNG
11413,중,NNB
11414,인데,VCP+EC
11415,사월,NNG
11416,말,NNG
11417,에,JKB
11418,가족,NNG
11419,들,XSN
11420,과,JC
11421,경주,NNP
11422,여행,NNG
11423,계획,NNG
11424,중,NNB
11425,인데,VCP+EC
11426,경주,NNP
11427,는,JX
11428,처음,MAG
11429,가,VV
11430,는,ETM
11431,곳,NNG
11432,이,JKS
11433,업,VV
11434,네요,EC
11435,가족,NNG
11436,들,XSN
11437,과,JKB
11438,가,VV
11439,볼,EC+VX+ETM
11440,만,NNB
11441,한,XSA+ETM
11442,곳,NNB
11443,즘,MAJ
11444,소개,NNG
11445,해,XSV+EC
11446,주,VX
11447,세요,EP+EF
11448,경경,NNG
11449,주,VV
11450,는,ETM
11451,가족,NNG
11452,과,JKB
11453,함께,MAG
11454,경주,NNP
11455,여행,NNG
11456,계획,NNG
11457,하,XSV
11458,고,EC
11459,계시,VX
11460,군요,EC
11461,한화,NNG
11462,리조트,NNG
11463,경주,NNP
11464,내,NNB
11465,에서,JKB
11466,도,JX
11467,즐거운,VA+ETM
11468,경주,NNP
11469,여행,NNG
11470,의,JKG
11471,추억,NNG
11472,을,JKO
11473,만드실,VV+EP+ETM
11474,수,NNB
11475,경주,NNP
11476,여행,NNG
11477,지금,MAG
11478,경주,NNP
11479,여행,NNG
11480,3,SN
11481,가지,NNBC
11482,만,JX
11483,답,NNG
11484,해,XSV+EC
11485,주,VX
11486,세요,EP+EF
11487,1,SN
11488,지금,MAG
11489,경주,NNP
11490,여행,NNG
11491,가,VV
11492,면,EC
11493,많이,MAG
11494,더,MAG
11495,울,VV
11496,까요,EF
11497,2,SN
11498,쪄죽,VV
11499,을,ETM
11500,정도,NNG
11501,로,JKB
11502,못,MAG
11503,돌아다니,VV
11504,나요,EC
11505,3,SN
11506,고속버스,NNG
11507,타,VV
11508,고,EC
11509,1,SN
11510,지금,MAG
11511,경주,NNP
11512,여행,NNG
11513,가,VV
11514,면,EC
11515,많이,MAG
11516,더,MAG
11517,울,VV
11518,까요,EF
11519,가장,MAG
11520,더운,VA+ETM
11521,시기,NNG
11522,입니다,VCP+EF
11523,낮,NNG
11524,에,JKB
11525,30,SN
11526,도,NNBC
11527,가,JKC
11528,넘,VV
11529,고,EC
11530,34,SN
11531,도,NNBC
11532,까지,JX
11533,갈,VV+ETM
11534,수,NNB
11535,도,JX
11536,있,VA
11537,습니다,EF
11538,2,SN
11539,경주,NNP
11540,여행,NNG
11541,3,SN
11542,박,NNBC
11543,4,SN
11544,일,NNBC
11545,가족,NNG
11546,여행,NNG
11547,코스,NNG
11548,추천,NNG
11549,부탁드려요,VV+EF
11550,!,SF
11551,경주,NNP
11552,여행,NNG
11553,3,SN
11554,박,NNBC
11555,4,SN
11556,일,NNBC
11557,코스,NNG
11558,로,JKB
11559,추천,NNG
11560,부탁,NNG
11561,드려요,VV+EC
11562,이번,NNG
11563,추석,NNG
11564,기간,NNG
11565,에,JKB
11566,4,SN
11567,인,NNG
11568,가족,NNG
11569,아이,NNG
11570,들,XSN
11571,은,JX
11572,없,VA
11573,어요,EF
11574,이,MM
11575,함께,MAG
11576,여행,NNG
11577,을,JKO
11578,가,VV
11579,고자,EC
11580,경주,NNP
11581,여행,NNG
11582,3,SN
11583,박,NNBC
11584,4,SN
11585,일,NNBC
11586,가족,NNG
11587,여행,NNG
11588,코스,NNG
11589,추천,NNG
11590,해,XSV+EC
11591,드릴게요,VX+EF
11592,제,NP
11593,가,JKS
11594,여러분,NP
11595,을,JKO
11596,위해,VV+EC
11597,직접,MAG
11598,조사,NNG
11599,한,XSA+ETM
11600,결과,NNG
11601,를,JKO
11602,바탕,NNG
11603,으로,JKB
11604,최적,NNG
11605,의,JKG
11606,코스,NNG
11607,를,JKO
11608,제안,NNG
11609,해,XSV+EC
11610,초등학생,NNG
11611,경주,NNP
11612,여행,NNG
11613,전남,NNP
11614,에서,JKB
11615,2,SN
11616,박,NNBC
11617,3,SN
11618,일,NNBC
11619,로,JKB
11620,초등학생,NNG
11621,데리,VV
11622,고,EC
11623,경주,NNP
11624,여행,NNG
11625,을,JKO
11626,가져,VV+EC
11627,고하,VV
11628,는데요,EF
11629,아,IC
11630,코스,NNG
11631,짜,VV
11632,기,ETN
11633,가,JKS
11634,쉽,VA
11635,지,EC
11636,않,VX
11637,네요,EF
11638,숙소,NNG
11639,는,JX
11640,질문,NNG
11641,하,XSV
11642,신,EP+ETM
11643,경주,NNP
11644,여행지,NNG
11645,관련,NNG
11646,답변,NNG
11647,드리,VV
11648,도록,EC
11649,하,VX
11650,겠,EP
11651,습니다,EF
11652,2,SN
11653,박,NNBC
11654,3,SN
11655,일,NNBC
11656,간,NNG
11657,다녀올,VV+ETM
11658,만,NNB
11659,한,XSA+ETM
11660,곳,NNG
11661,으로,JKB
11662,경주,NNP
11663,여행지,NNG
11664,를,JKO
11665,찾,VV
11666,고,EC
11667,계시,VX
11668,나,EC
11669,봅니다,VX+EC
11670,경주,NNP
11671,에,JKB
11672,경주,NNP
11673,여행,NNG
11674,코스,NNG
11675,동선,NNG
11676,별,XSN
11677,로,JKB
11678,추천,NNG
11679,해,XSV+EC
11680,주,VX
11681,세요,EP+EF
11682,.,SF
11683,경주,NNP
11684,여행,NNG
11685,코스,NNG
11686,동선,NNG
11687,일,NNG
11688,이,JKS
11689,있,VV
11690,어서,EC
11691,경주,NNP
11692,가,VV
11693,는,ETM
11694,김,NNB
11695,에,JKB
11696,다음,NNG
11697,주,NNG
11698,에,JKB
11699,하루,NNG
11700,정도,NNG
11701,만,JX
11702,보,VV
11703,려고,EC
11704,하,VV
11705,는데,EC
11706,일단,MAG
11707,석굴암,NNG
11708,불국사,NNP
11709,는,JX
11710,질문,NNG
11711,하,XSV
11712,신,EP+ETM
11713,경주,NNP
11714,여행,NNG
11715,일정,NNG
11716,관련,NNG
11717,답변,NNG
11718,드리,VV
11719,도록,EC
11720,하,VX
11721,겠,EP
11722,습니다,EF
11723,비록,MAG
11724,1,SN
11725,박,NNBC
11726,2,SN
11727,일,NNBC
11728,이,VCP
11729,지만,EC
11730,사실상,MAG
11731,당일치기,NNG
11732,인,VCP+ETM
11733,경주,NNP
11734,여행,NNG
11735,을,JKO
11736,준비,NNG
11737,1,SN
11738,박,NNBC
11739,2,SN
11740,일,NNBC
11741,초보,NNG
11742,운전,NNG
11743,경주,NNG
11744,여행,NNG
11745,코스,NNG
11746,1,SN
11747,박,NNBC
11748,2,SN
11749,일,NNBC
11750,로,JKB
11751,경주,NNP
11752,여행,NNG
11753,코스,NNG
11754,좀,MAG
11755,짜,VV+EC
11756,주,VX
11757,세요,EP+EF
11758,아무래도,MAG
11759,가,VV
11760,는,ETM
11761,데,NNB
11762,는,JX
11763,어려움,NNG
11764,이,JKS
11765,없,VA
11766,을,ETM
11767,것,NNB
11768,4,SN
11769,월,NNBC
11770,1,SN
11771,2,SN
11772,일,NNBC
11773,에,JKB
11774,경주,NNP
11775,여행,NNG
11776,하,XSV
11777,기,ETN
11778,에,JKB
11779,좋,VA
11780,은,ETM
11781,날,NNG
11782,일,VCP+ETM
11783,것,NNB
11784,같,VA
11785,아요,EF
11786,벚꽃,NNG
11787,들,XSN
11788,이,JKS
11789,서서히,MAG
11790,개화,NNG
11791,를,JKO
11792,참고,NNG
11793,로,JKB
11794,쭈니,NNP
11795,아빠,NNG
11796,블로그,NNG
11797,를,JKO
11798,방문,NNG
11799,하,XSV
11800,시,EP
11801,면,EC
11802,경주,NNP
11803,여행,NNG
11804,카테고리,NNG
11805,가,JKS
11806,있,VA
11807,습니다,EF
11808,아들,NNG
11809,과,JC
11810,(,SSO
11811,초,XPN
11812,4,SN
11813,년,NNBC
11814,),SSC
11815,경주,NNP
11816,여행,NNG
11817,일정,NNG
11818,!,SY
11819,아들,NNG
11820,과,JC
11821,경주,NNP
11822,여행,NNG
11823,을,JKO
11824,가려,VV+EC
11825,합니다,VX+EF
11826,선배,NNG
11827,님,XSN
11828,들,XSN
11829,의,JKG
11830,조언,NNG
11831,을,JKO
11832,경주,NNG
11833,여행,NNG
11834,코스,NNG
11835,추천,NNG
11836,드립니다,VV+EF
11837,안녕,IC
11838,하,VV
11839,세요,EP+EF
11840,여행,NNG
11841,전문,NNG
11842,블로거,NNP
11843,초등,NNG
11844,학교,NNG
11845,4,SN
11846,학년,NNG
11847,아들,NNG
11848,과,JKB
11849,함께,MAG
11850,가,VV
11851,는,ETM
11852,경주,NNP
11853,여행,NNG
11854,이,VCP
11855,라면,EC
11856,역사,NNG
11857,와,JC
11858,하루,NNG
11859,코스,NNG
11860,경주,NNP
11861,남산,NNP
11862,정복,NNG
11863,하,XSV
11864,기,ETN
11865,경주,NNG
11866,여행,NNG
11867,코스,NNG
11868,중,NNB
11869,에서,JKB
11870,경주,NNP
11871,여행,NNG
11872,을,JKO
11873,가,VV
11874,려고,EC
11875,함,VX+ETN
11876,니다,VCP+EF
11877,",",SC
11878,",!",SY
11879,저희,NP
11880,가족,NNG
11881,이,JKS
11882,2,SN
11883,박,NNBC
11884,3,SN
11885,일,NNBC
11886,로,JKB
11887,경주,NNP
11888,여행,NNG
11889,을,JKO
11890,가,VV
11891,려고,EC
11892,합니다,VX+EF
11893,가족,NNG
11894,은,JX
11895,4,SN
11896,인,NNG
11897,가족,NNG
11898,3,SN
11899,학년,NNG
11900,5,SN
11901,학년,NNG
11902,이,VCP
11903,구요,EF
11904,경주,NNP
11905,에,JKB
11906,있,VV
11907,는,ETM
11908,문화재,NNG
11909,를,JKO
11910,보,VV
11911,고,EC
11912,작년,NNG
11913,여름,NNG
11914,방학,NNG
11915,때,NNG
11916,저,NP
11917,도,JX
11918,경주,NNP
11919,여행,NNG
11920,한,MM
11921,번,NNBC
11922,했었,VV+EP
11923,죠,EF
11924,저,NP
11925,는,JX
11926,2,SN
11927,박,NNBC
11928,3,SN
11929,일,NNBC
11930,로,JKB
11931,갔다온,VV+ETM
11932,게,NNB+JKC
11933,아니,VCN
11934,라,EC
11935,당일,NNG
11936,로,JKB
11937,갔다왔,VV+EP
11938,습니다,EF
11939,성심껏,MAG
11940,답변,NNG
11941,포항,NNP
11942,에서,JKB
11943,경주,NNP
11944,가,VV
11945,는,ETM
11946,기차,NNG
11947,와,JC
11948,요금,NNG
11949,그리고,MAJ
11950,경주,NNP
11951,여행,NNG
11952,시,NNB
11953,.,SF
11954,..,SY
11955,포항,NNP
11956,에서,JKB
11957,경주,NNP
11958,가,VV
11959,는,ETM
11960,기차,NNG
11961,와,JC
11962,요금,NNG
11963,그리고,MAJ
11964,경주,NNP
11965,여행,NNG
11966,시,NNG
11967,중,NNB
11968,3,SN
11969,과,NNG
11970,경주,NNP
11971,여행,NNG
11972,시,XSN
11973,가,VV+EC
11974,보,VX
11975,아야,EC
11976,할,VX+ETM
11977,코스,NNG
11978,그리고,MAJ
11979,경주,NNP
11980,맛집,NNG
11981,그리고,MAJ
11982,경주,NNP
11983,여행,NNG
11984,시,XSN
11985,가,VV+EC
11986,보,VX
11987,아야,EC
11988,할,VX+ETM
11989,곳,NNG
11990,답변,NNG
11991,드릴게요,VV+EC
11992,포항,NNP
11993,에서,JKB
11994,경주,NNP
11995,가시,NNG
11996,는,JX
11997,열차,NNG
11998,시간,NNG
11999,가격,NNG
12000,경주,NNP
12001,여행,NNG
12002,시,XSN
12003,가,VV+EC
12004,보,VX
12005,아야,EC
12006,할,VX+ETM
12007,경주,NNP
12008,여행,NNG
12009,갈만,NNG
12010,한,XSA+ETM
12011,곳,NNB
12012,알려,VV+EC
12013,주,VX
12014,세요,EP+EF
12015,!,SF
12016,!,SY
12017,경주,NNP
12018,여행,NNG
12019,을,JKO
12020,가,VV
12021,려고,EC
12022,합니다,VX+EC
12023,2,SN
12024,박,NNBC
12025,3,SN
12026,일,NNBC
12027,경주,NNP
12028,를,JKO
12029,관광,NNG
12030,하,XSV
12031,며,EC
12032,옛,MM
12033,문화,NNG
12034,와,JC
12035,정서,NNG
12036,를,JKO
12037,배워,VV+EC
12038,보,VX
12039,고,EC
12040,체험,NNG
12041,하,XSV
12042,고자,EC
12043,경주,NNP
12044,여행,NNG
12045,계획,NNG
12046,을,JKO
12047,세우,VV
12048,고,EC
12049,있,VX
12050,는데요,EC
12051,1,SN
12052,일,NNBC
12053,차,NNG
12054,2,SN
12055,일,NNBC
12056,차,NNG
12057,3,SN
12058,일,NNBC
12059,차,NNG
12060,어떤,MM
12061,식,NNB
12062,으로,JKB
12063,경주,NNP
12064,여행,NNG
12065,계획,NNG
12066,을,JKO
12067,세워야할지,VV+EC+VX+EC
12068,궁금,XR
12069,합니다,XSA+EF
12070,가족,NNG
12071,들,XSN
12072,과,JKB
12073,함께,MAG
12074,하,VV
12075,는,ETM
12076,경주,NNP
12077,여행,NNG
12078,경주,NNP
12079,여행,NNG
12080,질문,NNG
12081,이,VCP
12082,요,EC
12083,안녕,NNG
12084,하,XSV
12085,세요,EP+EF
12086,경주,NNP
12087,여행,NNG
12088,을,JKO
12089,준비,NNG
12090,중,NNB
12091,인데요,VCP+EF
12092,출발지,NNG
12093,는,JX
12094,서울,NNP
12095,이,VCP
12096,구요,EF
12097,3,SN
12098,월,NNBC
12099,22,SN
12100,일,NNBC
12101,오전,NNG
12102,6,SN
12103,시,NNBC
12104,경,XSN
12105,에,JKB
12106,서울,NNP
12107,에서,JKB
12108,출발,NNG
12109,하,XSV
12110,려고,EC
12111,하,VV
12112,고요,EC
12113,부탁드려요,VV+EF
12114,경주,NNP
12115,여행,NNG
12116,일정,NNG
12117,과,JC
12118,형편,NNG
12119,에,JKB
12120,맞,VV
12121,게,EC
12122,아래,NNG
12123,코스,NNG
12124,에서,JKB
12125,조절,NNG
12126,하,XSV
12127,면,EC
12128,됩니다,VV+EF
12129,시내버스,NNG
12130,투어,NNG
12131,도보,NNG
12132,자전거,NNG
12133,역사,NNG
12134,에,JKB
12135,무지,MAG
12136,한,MM
12137,경주,NNG
12138,여행,NNG
12139,코스,NNG
12140,부탁,NNG
12141,드려요,VV+EC
12142,이번,NNG
12143,에,JKB
12144,여동생,NNG
12145,이랑,JC
12146,경주,NNP
12147,여행,NNG
12148,1,SN
12149,박,NNBC
12150,2,SN
12151,일,NNBC
12152,하,VV
12153,려고,EC
12154,하,VX
12155,는데요,EF
12156,부끄럽,VA
12157,지만,EC
12158,고등학생,NNG
12159,때,NNG
12160,역사,NNG
12161,넘,MAG
12162,싫,VA
12163,어,EC
12164,해서,VV+EC
12165,역사,NNG
12166,잘,MAG
12167,몰라요,VV+EC
12168,안내소,NNG
12169,책자,NNG
12170,나,JC
12171,경주,NNP
12172,여행,NNG
12173,사이트,NNG
12174,활용,NNG
12175,하,XSV
12176,시,EP
12177,면,EC
12178,됩니다,VV+EF
12179,책자,NNG
12180,가,JKS
12181,진짜,MAG
12182,잘,MAG
12183,나와,VV+EC
12184,있,VX
12185,어서,EC
12186,그리고,MAJ
12187,경주,NNP
12188,나,JC
12189,어디,NP
12190,여행,NNG
12191,가시,VV
12192,면,EC
12193,경주,NNP
12194,여행,NNG
12195,코스,NNG
12196,추천,NNG
12197,경주,NNG
12198,여행,NNG
12199,가,VV
12200,려고,EC
12201,합니다,VX+EC
12202,4,SN
12203,우러,VV+EC
12204,30,SN
12205,일,NNBC
12206,새벽,NNG
12207,에,JKB
12208,출발,MAG
12209,해서,VV+EC
12210,대명,NNG
12211,콘도,NNG
12212,에,JKB
12213,묵,VV
12214,을,ETM
12215,예정,NNG
12216,인데,VCP+EC
12217,1,SN
12218,박,NNBC
12219,2,SN
12220,일,NNBC
12221,동안,NNG
12222,있,VV
12223,을,ETM
12224,예정,NNG
12225,이,VCP
12226,고,EC
12227,기림사,NNG
12228,분황사,NNG
12229,부처,NNG
12230,골,NNG
12231,무열왕릉,NNG
12232,석굴암,NNG
12233,황룡,NNG
12234,사지,NNG
12235,오릉,NNG
12236,국립,NNG
12237,경주,NNP
12238,박물관,NNG
12239,참고,NNG
12240,하,XSV
12241,시,EP
12242,어,EC
12243,유쾌,XR
12244,한,XSA+ETM
12245,경주,NNP
12246,여행,NNG
12247,하,XSV
12248,시,EP
12249,기,ETN
12250,를,JKO
12251,경주,NNP
12252,여행,NNG
12253,날씨,NNG
12254,.,SF
12255,.,SY
12256,10,SN
12257,월,NNBC
12258,8,SN
12259,일,NNBC
12260,날,NNG
12261,경주,NNP
12262,여행,NNG
12263,가,VV
12264,려는데,EC
12265,날씨,NNG
12266,가,JKS
12267,어떤,MM
12268,가요,NNG
12269,10,SN
12270,월,NNBC
12271,8,SN
12272,일,NNBC
12273,경주,NNP
12274,날씨,NNG
12275,는,JX
12276,대체로,MAG
12277,흐릴,VV+ETM
12278,가능,NNG
12279,성,XSN
12280,이,JKS
12281,있,VV
12282,으며,EC
12283,낮,NNG
12284,기온,NNG
12285,은,JX
12286,18,SN
12287,22,SN
12288,C,SL
12289,정도,NNG
12290,로,JKB
12291,예상,NNG
12292,돼요,XSV+EC
12293,비,NNG
12294,가,JKS
12295,내릴,VV+ETM
12296,가능,NNG
12297,성,XSN
12298,은,JX
12299,낮,VA
12300,지만,EC
12301,흐린,VV+ETM
12302,날씨,NNG
12303,가,JKS
12304,이어질,VV+ETM
12305,수,NNB
12306,있,VV
12307,으니,EC
12308,여행,NNG
12309,계획,NNG
12310,에,JKB
12311,참고,NNG
12312,하,XSV
12313,시,EP
12314,면,EC
12315,좋,VA
12316,을,ETM
12317,것,NNB
12318,경주,NNP
12319,여행,NNG
12320,코스,NNG
12321,(,SSO
12322,2,SN
12323,박,NNBC
12324,3,SN
12325,일,NNBC
12326,),SSC
12327,5,SN
12328,월,NNBC
12329,23,SN
12330,일,NNBC
12331,5,SN
12332,월,NNBC
12333,25,SN
12334,일,NNBC
12335,경주,NNP
12336,여행,NNG
12337,코스,NNG
12338,추천,NNG
12339,해,XSV+EC
12340,주,VX
12341,세요,EP+EF
12342,1,SN
12343,대상,NNG
12344,어머니,NNG
12345,자녀,NNG
12346,9,SN
12347,세,NNBC
12348,본인,NNG
12349,경주,NNP
12350,여행,NNG
12351,코스,NNG
12352,2,SN
12353,박,NNBC
12354,3,SN
12355,일,NNBC
12356,답변,NNG
12357,드립니다,VV+EF
12358,안녕,IC
12359,하,VV
12360,세요,EP+EF
12361,여행,NNG
12362,전문,NNG
12363,블로거,NNP
12364,어머님,NNG
12365,을,JKO
12366,모시,VV
12367,고,EC
12368,떠나,VV
12369,는,ETM
12370,경주,NNP
12371,여행,NNG
12372,이,JKS
12373,즐거운,VA+ETM
12374,추억,NNG
12375,으로,JKB
12376,남,VV
12377,을,ETM
12378,수,NNB
12379,있,VV
12380,도록,EC
12381,제,NP
12382,가,JKS
12383,경험,NNG
12384,한,XSV+ETM
12385,경주,NNP
12386,여행,NNG
12387,가,VV
12388,려구요,EC
12389,경주,NNP
12390,여행,NNG
12391,가,VV
12392,려고,EC
12393,하,VV
12394,는,ETM
12395,데,NNB
12396,11,SN
12397,월,NNBC
12398,초,NNB
12399,에,JKB
12400,나,JX
12401,갈,VV+ETM
12402,것,NNB
12403,같,VA
12404,아요,EF
12405,그,NP
12406,쯤,XSN
12407,되,VV
12408,면,EC
12409,날씨,NNG
12410,가,JKS
12411,많이,MAG
12412,추울,VA+ETM
12413,것,NNB
12414,같,VA
12415,은데,EC
12416,그,MM
12417,시즌,NNG
12418,에,JKB
12419,다니,VV
12420,기,ETN
12421,가,JKS
12422,괜찮,VA
12423,을까요,EC
12424,11,SN
12425,월,NNBC
12426,이,VCP
12427,면,EC
12428,가을,NNG
12429,도,JX
12430,무르익,VV
12431,어,EC
12432,갈,VX+ETM
12433,무렵,NNB
12434,이,VCP
12435,고,EC
12436,그리,MAG
12437,춥,VA
12438,지,EC
12439,않,VX
12440,아서,EC
12441,경주,NNP
12442,여행,NNG
12443,코스,NNG
12444,",",SC
12445,신경주역,NNP
12446,경주역,NNP
12447,질문,NNG
12448,드려요,VV+EC
12449,안녕,NNG
12450,하,XSV
12451,세요,EP+EF
12452,20,SN
12453,대,NNBC
12454,여성,NNG
12455,이,JKS
12456,고요,NNG
12457,친구,NNG
12458,랑,JKB
12459,여행,NNG
12460,가,VV
12461,려고,EC
12462,계획,NNG
12463,짜,VV
12464,고,EC
12465,있,VX
12466,는데,EC
12467,경주,NNP
12468,여행,NNG
12469,은,JX
12470,처음,NNG
12471,이,VCP
12472,라,EC
12473,질문,NNG
12474,드려요,VV+EC
12475,2,SN
12476,박,NNBC
12477,3,SN
12478,일,NNBC
12479,어디,NP
12480,가,JKS
12481,이동,NNG
12482,하,XSV
12483,기,ETN
12484,좋,VA
12485,을까요,EC
12486,바다,NNG
12487,위주,NNG
12488,야경,NNG
12489,여행,NNG
12490,아직,MAG
12491,숙소,NNG
12492,도,JX
12493,잡,VV
12494,기,ETN
12495,전,NNG
12496,입니다,VCP+EF
12497,경주,NNP
12498,여행,NNG
12499,시,XSN
12500,가,VV
12501,볼,EC+VX+ETM
12502,만,NNB
12503,한,XSA+ETM
12504,곳,NNG
12505,7,SN
12506,월,NNBC
12507,말,NNB
12508,에,JKB
12509,경주,NNP
12510,여행,NNG
12511,을,JKO
12512,계획,NNG
12513,했,XSV+EP
12514,는데,EF
12515,.,SF
12516,.,SY
12517,비피,NNG
12518,해,XSV+EC
12519,어떤,MM
12520,가요,NNG
12521,?,SF
12522,?,SY
12523,7,SN
12524,월,NNBC
12525,말,NNB
12526,에,JKB
12527,경주,NNP
12528,여행,NNG
12529,을,JKO
12530,계획,NNG
12531,했,XSV+EP
12532,는데,EC
12533,뉴스,NNG
12534,보,VV
12535,니,EC
12536,비,NNG
12537,가,JKS
12538,계속,MAG
12539,많이,MAG
12540,오,VV
12541,더라구요,EF
12542,여행,NNG
12543,을,JKO
12544,미뤄야,VV+EC
12545,하나,NR
12546,고민,NNG
12547,입니다,VCP+EF
12548,경주,NNP
12549,에,JKB
12550,기상,NNG
12551,예보,NNG
12552,확인,NNG
12553,하,XSV
12554,기,ETN
12555,경주,NNG
12556,여행,NNG
12557,을,JKO
12558,하,VV
12559,기,ETN
12560,전,NNG
12561,에,JKB
12562,기상,NNG
12563,예보,NNG
12564,를,JKO
12565,확인,NNG
12566,하,XSV
12567,는,ETM
12568,것,NNB
12569,이,JKS
12570,중요,NNG
12571,합니다,XSV+EF
12572,기상청,NNG
12573,이나,JC
12574,날씨,NNG
12575,앱,NNG
12576,을,JKO
12577,통해,VV+EC
12578,어머니,NNG
12579,랑,JKB
12580,1,SN
12581,박,NNBC
12582,2,SN
12583,일,NNBC
12584,경주,NNP
12585,여행,NNG
12586,이제,MAG
12587,5,SN
12588,월,NNBC
12589,달,NNG
12590,어버이날,NNP
12591,을,JKO
12592,위해,VV+EC
12593,어머니,NNG
12594,랑,JC
12595,경주,NNP
12596,여행,NNG
12597,을,JKO
12598,할려고,VV+EC
12599,합니다,VX+EF
12600,놀,VV
12601,러,EC
12602,갈,VX+ETM
12603,데,NNB
12604,는,JX
12605,다,MAG
12606,정했,VV+EP
12607,는데,EC
12608,펜션,NNG
12609,을,JKO
12610,안녕,NNG
12611,하,XSV
12612,세요,EP+EF
12613,어버이날,NNP
12614,을,JKO
12615,맞,VV
12616,아,EC
12617,어머니,NNG
12618,와,JKB
12619,함께,MAG
12620,경주,NNP
12621,여행,NNG
12622,을,JKO
12623,계획,NNG
12624,중,NNB
12625,이,VCP
12626,시,EP
12627,군요,EF
12628,특별,NNG
12629,한,XSA+ETM
12630,시간,NNG
12631,을,JKO
12632,보내,VV
12633,시,EP
12634,려는,ETM
12635,마음,NNG
12636,이,JKS
12637,느껴져서,VV+EC+VX+EC
12638,더욱,MAG
12639,경주,NNP
12640,여행,NNG
12641,5,SN
12642,월,NNBC
12643,6,SN
12644,7,SN
12645,8,SN
12646,일,NNBC
12647,경주,NNP
12648,여행,NNG
12649,을,JKO
12650,가,VV
12651,는데요,EC
12652,동궁,NNG
12653,과,JC
12654,월지,NNG
12655,와,JC
12656,월,NNG
12657,정교,NNG
12658,야경,NNG
12659,을,JKO
12660,보,VV
12661,고,EC
12662,싶,VX
12663,은데,EC
12664,7,SN
12665,일,NNBC
12666,에,JKB
12667,정상,NNG
12668,운영,NNG
12669,되,VV
12670,나요,EC
12671,휴무일,NNG
12672,이,JKS
12673,따로,MAG
12674,없,VA
12675,어서,EC
12676,관람,NNG
12677,에,JKB
12678,방해,NNG
12679,가,JKS
12680,될,VV+ETM
12681,정도,NNG
12682,로,JKB
12683,날씨,NNG
12684,가,JKS
12685,나쁜,VA+ETM
12686,상황,NNG
12687,이,JKS
12688,생겨서,VV+EC
12689,통제,NNG
12690,를,JKO
12691,하,VV
12692,는,ETM
12693,경우,NNG
12694,가,JKC
12695,아니,VCN
12696,라면,EC
12697,관람,NNG
12698,이,JKS
12699,가능,NNG
12700,하,XSA
12701,겠,EP
12702,습니다,EF
12703,경주,NNP
12704,여행,NNG
12705,30,SN
12706,만,NR
12707,원,NNBC
12708,경주,NNG
12709,여행,NNG
12710,2,SN
12711,박,NNBC
12712,3,SN
12713,일,NNBC
12714,남자,NNG
12715,친구,NNG
12716,랑,JKB
12717,가,VV
12718,는데,EC
12719,숙소,NNG
12720,랑,JKB
12721,ktx,SL
12722,비,NNG
12723,는,JX
12724,다,MAG
12725,냈,VV+EP
12726,고,EC
12727,제,NP+JKG
12728,개인,NNG
12729,적,XSN
12730,으로,JKB
12731,30,SN
12732,만,NR
12733,원,NNBC
12734,이,VCP
12735,면,EC
12736,부족,NNG
12737,할까요,XSV+EC
12738,30,SN
12739,만,NR
12740,원,NNBC
12741,으로,JKB
12742,경주,NNP
12743,여행,NNG
12744,을,JKO
12745,계획,NNG
12746,하,XSV
12747,고,EC
12748,계신다면,VX+EC
12749,예산,NNG
12750,이,JKS
12751,어떻게,MAG
12752,집행,NNG
12753,되,XSV
12754,느냐,EC
12755,에,JKB
12756,따라,VV+EC
12757,충분,XR
12758,할,XSA+ETM
12759,수,NNB
12760,도,JX
12761,부족,NNG
12762,할,XSV+ETM
12763,수,NNB
12764,도,JX
12765,있,VA
12766,습니다,EF
12767,경주,NNP
12768,여행,NNG
12769,맛집,NNG
12770,경주,NNP
12771,여행,NNG
12772,가,VV
12773,고,EC
12774,싶,VX
12775,은데,EC
12776,맛집,NNG
12777,추천,NNG
12778,부탁,NNG
12779,드,VV
12780,려뇨,EC
12781,경주,NNP
12782,여행,NNG
12783,가이드,NNG
12784,교통편,NNG
12785,맛집,NNG
12786,볼거리,NNG
12787,까지,JX
12788,모두,MAG
12789,알려,VV+EC
12790,줄,VX+ETM
12791,게,NNB+JKS
12792,요,JX
12793,경주,NNP
12794,는,JX
12795,한국,NNP
12796,의,JKG
12797,역사,NNG
12798,와,JC
12799,문화,NNG
12800,가,JKS
12801,살,VV
12802,아,EC
12803,숨,NNG
12804,쉬,VV
12805,는,ETM
12806,도시,NNG
12807,로,JKB
12808,여행,NNG
12809,하,XSV
12810,기,ETN
12811,좋,VA
12812,은,ETM
12813,명소,NNG
12814,가,JKS
12815,많,VA
12816,아요,EC
12817,2025,SN
12818,년,NNBC
12819,봄,NNG
12820,경주,NNP
12821,로,JKB
12822,떠나,VV
12823,고,EC
12824,경주,NNP
12825,여행,NNG
12826,을,JKO
12827,가,VV
12828,는,ETM
12829,데,NNB
12830,갈,VV+ETM
12831,만,NNB
12832,한,XSA+ETM
12833,곳,NNG
12834,추천,NNG
12835,좀,MAG
12836,경주,NNP
12837,여행,NNG
12838,을,JKO
12839,가,VV
12840,는,ETM
12841,데,NNB
12842,갈,VV+ETM
12843,만,NNB
12844,한,XSA+ETM
12845,곳,NNG
12846,추천,NNG
12847,좀,MAG
12848,해,VV+EC
12849,주,VX
12850,세요,EP+EF
12851,경주,NNP
12852,여행,NNG
12853,추천,NNG
12854,지,NNG
12855,입니다,VCP+EF
12856,경주,NNP
12857,월드,NNG
12858,국립,NNG
12859,경주,NNP
12860,박물관,NNG
12861,황리,NNG
12862,단,MM
12863,길,NNG
12864,첨성대,NNG
12865,불국사,NNP
12866,엑스포,NNG
12867,공원,NNG
12868,등등,NNB
12869,입니다,VCP+EC
12870,2,SN
12871,월,NNBC
12872,1,SN
12873,~,SY
12874,2,SN
12875,일,NNBC
12876,경주,NNP
12877,여행,NNG
12878,날씨,NNG
12879,2,SN
12880,월,NNBC
12881,1,SN
12882,2,SN
12883,일,NNBC
12884,로,JKB
12885,경주,NNP
12886,여행,NNG
12887,가,VV
12888,는데,EC
12889,현재,MAG
12890,날씨,NNG
12891,가,JKS
12892,어떤,MM
12893,가요,NNG
12894,눈,NNG
12895,쌓였,VV+EP
12896,나요,EF
12897,시외버스,NNG
12898,타,VV
12899,고,EC
12900,가,VX
12901,는데,EC
12902,빙판길,NNG
12903,일까봐,VCP+EC+VX+EC
12904,불안,NNG
12905,해요,XSA+EF
12906,경주,NNP
12907,는,JX
12908,눈,NNG
12909,그렇게,MAG
12910,많이,MAG
12911,오,VV
12912,지,EC
12913,않,VX
12914,고,EC
12915,날씨,NNG
12916,도,JX
12917,많이,MAG
12918,춥,VA
12919,지,EC
12920,는,JX
12921,않,VX
12922,아요,EF
12923,주말,NNG
12924,에,JKB
12925,춥,VA
12926,다고,EC
12927,는,JX
12928,해도,VV+EC
12929,그때,NNG
12930,예보,NNG
12931,를,JKO
12932,보,VV
12933,는,ETM
12934,게,NNB+JKS
12935,좋,VA
12936,겠,EP
12937,죠,EF
12938,경주,NNP
12939,여행,NNG
12940,중,NNB
12941,놓치,VV
12942,지,EC
12943,말,VX
12944,아야,EC
12945,할,VX+ETM
12946,맛집,NNG
12947,과,JC
12948,카페,NNG
12949,알려,VV+EC
12950,주,VX
12951,세요,EP+EF
12952,경주,NNP
12953,여행,NNG
12954,을,JKO
12955,계획,NNG
12956,중,NNB
12957,이,VCP
12958,며,EC
12959,맛집,NNG
12960,과,JC
12961,카페,NNG
12962,에서,JKB
12963,특별,NNG
12964,한,XSA+ETM
12965,경험,NNG
12966,을,JKO
12967,하,VV
12968,고,EC
12969,싶,VX
12970,습니다,EF
12971,예,NNG
12972,를,JKO
12973,들,VV
12974,어,EC
12975,독특,XR
12976,한,XSA+ETM
12977,메뉴,NNG
12978,나,JC
12979,특별,NNG
12980,한,XSA+ETM
12981,뷰,NNP
12982,를,JKO
12983,제공,NNG
12984,하,XSV
12985,는,ETM
12986,곳,NNB
12987,혹은,MAJ
12988,전통,NNG
12989,적,XSN
12990,인,VCP+ETM
12991,분위기,NNG
12992,와,JC
12993,현대,NNG
12994,적,XSN
12995,인,VCP+ETM
12996,요소,NNG
12997,가,JKS
12998,조화,NNG
12999,를,JKO
13000,이루,VV
13001,는,ETM
13002,장소,NNG
13003,에,JKB
13004,대해,VV+EC
13005,알,VV
13006,고,EC
13007,싶,VX
13008,습니다,EF
13009,경주,NNP
13010,에,JKB
13011,가,VV
13012,면,EC
13013,황남빵,NNP
13014,과,JC
13015,2,SN
13016,박,NNBC
13017,3,SN
13018,일,NNBC
13019,경주,NNP
13020,여행,NNG
13021,일정,NNG
13022,을,JKO
13023,어떻게,MAG
13024,짜,VV
13025,야,EC
13026,할지,VX+EC
13027,고민,NNG
13028,입니다,VCP+EF
13029,.,SF
13030,2,SN
13031,박,NNBC
13032,3,SN
13033,일,NNBC
13034,경주,NNP
13035,여행,NNG
13036,아빠,NNG
13037,엄마,NNG
13038,중,NNB
13039,1,SN
13040,아들,NNG
13041,초,NNB
13042,2,SN
13043,딸,NNG
13044,1,SN
13045,일,NNBC
13046,차,NNG
13047,ktx,SL
13048,타,VV
13049,고,EC
13050,경주,NNP
13051,역하,NNG
13052,차,NNG
13053,11,SN
13054,시,NNBC
13055,숙소,NNG
13056,는,JX
13057,황리,NNG
13058,단,MM
13059,길,NNG
13060,황남,NNG
13061,고택,NNG
13062,2,SN
13063,일,NNBC
13064,차,NNG
13065,제,NP
13066,가,JKS
13067,드린,VV+ETM
13068,답변,NNG
13069,이,JKS
13070,도움,NNG
13071,되,XSV
13072,셨,EP+EP
13073,길,ETN+JKO
13074,바래요,VV+EF
13075,말씀,NNG
13076,하,XSV
13077,신,EP+ETM
13078,질문,NNG
13079,2,SN
13080,박,NNBC
13081,3,SN
13082,일,NNBC
13083,경주,NNP
13084,여행,NNG
13085,아빠,NNG
13086,엄마,NNG
13087,중,NNB
13088,1,SN
13089,아들,NNG
13090,초,NNB
13091,2,SN
13092,딸,NNG
13093,1,SN
13094,일,NNBC
13095,차,NNG
13096,ktx,SL
13097,타,VV
13098,고,EC
13099,경주,NNP
13100,여행,NNG
13101,경주,NNG
13102,여행,NNG
13103,은,JX
13104,아래,NNG
13105,를,JKO
13106,참조,NNG
13107,하,XSV
13108,시,EP
13109,면,EC
13110,더,MAG
13111,도움,NNG
13112,될,XSV+ETM
13113,거,NNB
13114,에요,VCP+EF
13115,https,SL
13116,valina,SL
13117,8342,SN
13118,tistory,SL
13119,com,SL
13120,entry,SL
13121,EC,SL
13122,B,SL
13123,2,SN
13124,9,SN
13125,C,SL
13126,EB,SL
13127,85,SN
13128,84,SN
13129,EC,SL
13130,9,SN
13131,D,SL
13132,98,SN
13133,EC,SL
13134,97,SN
13135,AD,SL
13136,EC,SL
13137,82,SN
13138,AC,SL
13139,EC,SL
13140,99,SN
13141,80,SN
13142,EA,SL
13143,B,SL
13144,0,SN
13145,90,SN
13146,EC,SL
13147,84,SN
13148,B,SL
13149,1,SN
13150,EC,SL
13151,97,SN
13152,AC,SL
13153,ED,SL
13154,96,SN
13155,89,SN
13156,EA,SL
13157,B,SL
13158,2,SN
13159,BD,SL
13160,EC,SL
13161,A,SL
13162,3,SN
13163,BC,SL
13164,ED,SL
13165,95,SN
13166,84,SN
13167,EC,SL
13168,88,SN
13169,98,SN
13170,EC,SL
13171,BD,SL
13172,94,SN
13173,EC,SL
13174,8,SN
13175,A,SL
13176,A,SL
13177,4,SN
13178,EC,SL
13179,경주,NNP
13180,여행,NNG
13181,질문,NNG
13182,경주,NNG
13183,여행,NNG
13184,코스,NNG
13185,짜,VV+EC
13186,봤,VX+EP
13187,는데요,EF
13188,이렇게,MAG
13189,가,VV
13190,도,EC
13191,되,VV
13192,나요,EF
13193,그리고,MAJ
13194,2,SN
13195,일,NNBC
13196,차,NNG
13197,에,JKB
13198,경주,NNP
13199,시내,NNG
13200,권,XSN
13201,숙소,NNG
13202,인데,VCP+EC
13203,첨성대,NNG
13204,코스,NNG
13205,와,JC
13206,황리,NNG
13207,단,MM
13208,길,NNG
13209,은,JX
13210,도보이,NNP
13211,동,NNG
13212,가능,NNG
13213,한,XSA+ETM
13214,가요,NNG
13215,아니,VCN
13216,면,EC
13217,차,NNG
13218,타,VV
13219,고,EC
13220,가,VX
13221,야,EF
13222,하나,NR
13223,요,VCP+EC
13224,1,SN
13225,일,NNBC
13226,차,NNG
13227,불국사,NNG
13228,권,XSN
13229,숙소,NNG
13230,1,SN
13231,불국사,NNG
13232,2,SN
13233,석굴암,NNG
13234,바람,NNG
13235,의,JKG
13236,언덕,NNG
13237,3,SN
13238,숙소,NNG
13239,체크인,NNG
13240,4,SN
13241,경주,NNP
13242,여행,NNG
13243,2,SN
13244,월,NNBC
13245,에,JKB
13246,2,SN
13247,박,NNBC
13248,3,SN
13249,일,NNBC
13250,로,JKB
13251,경주,NNP
13252,여행,NNG
13253,가,VV
13254,려고,EC
13255,하,VV
13256,는데,EC
13257,펜션,NNG
13258,이나,JC
13259,호텔,NNG
13260,예약,NNG
13261,은,JX
13262,몇,MM
13263,달,NNBC
13264,전,NNG
13265,부터,JX
13266,하,VV
13267,는,ETM
13268,게,NNB+JKS
13269,좋,VA
13270,을까요,EC
13271,1,SN
13272,달,NNBC
13273,전,NNG
13274,이,JKS
13275,제일,MAG
13276,좋,VA
13277,습니다,EF
13278,만,JX
13279,가,VV
13280,는,ETM
13281,날짜,NNG
13282,들,XSN
13283,이,JKS
13284,성수기,NNG
13285,라면,VCP+EC
13286,2,SN
13287,달,NNBC
13288,전,NNG
13289,에,JKB
13290,하,VV
13291,는,ETM
13292,게,NNB+JKS
13293,좋,VA
13294,겠,EP
13295,죠,EF
13296,경주,NNP
13297,여행,NNG
13298,당일치기,NNG
13299,질문,NNG
13300,이,VCP
13301,요,EC
13302,뚜,MAG
13303,버,VV
13304,기,ETN
13305,인데,VCP+EC
13306,1,SN
13307,박,NNBC
13308,할지,VV+EC
13309,당일,NNG
13310,치,VV
13311,기,ETN
13312,로,JKB
13313,갔,VV+EP
13314,다,EC
13315,올지,VX+EC
13316,모르,VV
13317,겠,EP
13318,는데,EC
13319,우선,MAG
13320,당일,NNG
13321,로,JKB
13322,갈,VV+ETM
13323,거,NNB
13324,같,VA
13325,아요,EF
13326,오전,NNG
13327,11,SN
13328,시,NNBC
13329,쯤,NNB
13330,경주,NNP
13331,터미널,NNG
13332,도착,NNG
13333,오후,NNG
13334,9,SN
13335,시,NNBC
13336,경주,NNP
13337,터미널,NNG
13338,에서,JKB
13339,집,NNG
13340,가,VV
13341,는,ETM
13342,버스,NNG
13343,11,SN
13344,시,NNBC
13345,경주,NNP
13346,버스,NNG
13347,터미널,NNG
13348,에,JKB
13349,도착,NNG
13350,한다고,XSV+EC
13351,치,VV
13352,면,EC
13353,황리,NNG
13354,단,MM
13355,길,NNG
13356,대릉원,NNG
13357,첨성대,NNG
13358,월,NNG
13359,정교,NNG
13360,동궁,NNG
13361,과,JC
13362,월지,NNG
13363,경주,NNP
13364,여행,NNG
13365,가,VV
13366,볼까,EC+VX+EC
13367,하,VX
13368,는데요,EF
13369,?,SF
13370,다른,MM
13371,곳,NNG
13372,은,JX
13373,특별히,MAG
13374,안,MAG
13375,가,VV
13376,고,EC
13377,경주,NNP
13378,만,JX
13379,보,VV
13380,려고요,EC
13381,저,NP
13382,도,JX
13383,경주,NNP
13384,여행,NNG
13385,준비,NNG
13386,하,XSV
13387,면서,EC
13388,진짜,MAG
13389,헤맸,VV+EP
13390,는데요,EF
13391,시티투어,NNP
13392,탈까,VV+EC
13393,그냥,MAG
13394,블로그,NNG
13395,한,MM
13396,번,NNBC
13397,보,VV
13398,고,EC
13399,시작,NNG
13400,해,XSV+EC
13401,보,VX
13402,세요,EP+EF
13403,경주,NNP
13404,여행,NNG
13405,헛,XPN
13406,걸음,NNG
13407,없이,MAG
13408,딱,MAG
13409,맞,VV
13410,게,EC
13411,즐기,VV
13412,고,EC
13413,싶,VX
13414,다면,EC
13415,여기,NP
13416,부터,JX
13417,보,VV
13418,시,EP
13419,는,ETM
13420,거,NNB
13421,추천,NNG
13422,드립니다,VV+EC
13423,경주,NNP
13424,여행,NNG
13425,어때요,VA+EF
13426,?,SF
13427,고등학생,NNG
13428,시절,NNG
13429,추억,NNG
13430,만들,VV
13431,까,EC
13432,해요,VX+EF
13433,ㅠ,UNKNOWN
13434,.,SF
13435,..,SY
13436,경주,NNP
13437,여행,NNG
13438,어때요,VA+EF
13439,고등학생,NNG
13440,시절,NNG
13441,추억,NNG
13442,만들,VV
13443,까,EC
13444,해요,VX+EF
13445,로또,NNP
13446,되,VV
13447,는,ETM
13448,꿈,NNG
13449,꿨,VV+EP
13450,는데,EC
13451,해몽,NNG
13452,해줘요,XSV+EC+VX+EC
13453,컴퓨터,NNG
13454,조립식,NNG
13455,은,JX
13456,얼마,NNG
13457,죠,VCP+EF
13458,경주,NNP
13459,여행,NNG
13460,은,JX
13461,고등학생,NNG
13462,시절,NNG
13463,의,JKG
13464,추억,NNG
13465,을,JKO
13466,만들,VV
13467,기,ETN
13468,에,JKB
13469,아주,MAG
13470,좋,VA
13471,은,ETM
13472,선택,NNG
13473,입니다,VCP+EF
13474,경주,NNP
13475,는,JX
13476,한국,NNP
13477,의,JKG
13478,역사,NNG
13479,와,JC
13480,문화,NNG
13481,를,JKO
13482,느낄,VV+ETM
13483,수,NNB
13484,있,VV
13485,는,ETM
13486,도시,NNG
13487,로,JKB
13488,남자,NNG
13489,혼자,NNG
13490,경주,NNP
13491,여행,NNG
13492,4,SN
13493,박,NNBC
13494,5,SN
13495,일,NNBC
13496,일정,NNG
13497,및,MAJ
13498,숙소,NNG
13499,예약,NNG
13500,문,NNG
13501,의,JKG
13502,혼자,NNG
13503,경주,NNP
13504,여행,NNG
13505,멋지,VA
13506,게,EC
13507,계획,NNG
13508,중,NNB
13509,이,VCP
13510,시,EP
13511,네요,EC
13512,4,SN
13513,박,NNBC
13514,5,SN
13515,일,NNBC
13516,이,VCP
13517,면,EC
13518,여유,NNG
13519,있,VV
13520,게,EC
13521,경주,NNG
13522,를,JKO
13523,제대로,MAG
13524,느낄,VV+ETM
13525,수,NNB
13526,있,VV
13527,는,ETM
13528,일정,NNG
13529,이,VCP
13530,에요,EF
13531,가성,NNG
13532,비,XPN
13533,숙소,NNG
13534,경주역,NNP
13535,근처,NNG
13536,게스트,NNP
13537,하우스,NNP
13538,나,JC
13539,황리,NNG
13540,단,MM
13541,길,NNG
13542,쪽,NNB
13543,한옥,NNP
13544,게스트,NNP
13545,하우스,NNP
13546,가,JKS
13547,가격,NNG
13548,도,JX
13549,좋,VA
13550,고,EC
13551,접근성,NNG
13552,도,JX
13553,좋,VA
13554,아요,EF
13555,바닷가,NNG
13556,이동,NNG
13557,경주,NNP
13558,여행,NNG
13559,루트,NNG
13560,천마총,NNG
13561,경주,NNP
13562,중앙,NNG
13563,시장,NNG
13564,경주,NNP
13565,여행,NNG
13566,일정,NNG
13567,을,JKO
13568,천마총,NNG
13569,갔,VV+EP
13570,다가,EC
13571,중앙,NNG
13572,시장,NNG
13573,가,VV
13574,려고,EC
13575,하,VV
13576,는데,EC
13577,네이버,NNP
13578,지도,NNG
13579,에,JKB
13580,검색,NNG
13581,해,XSV+EC
13582,보,VX
13583,니까,EC
13584,다시,MAG
13585,밑,NNG
13586,으로,JKB
13587,내려갔,VV+EP
13588,다가,EC
13589,올라가,VV
13590,라고,EC
13591,하,VV
13592,네요,EC
13593,동선,NNG
13594,낭비,NNG
13595,너무,MAG
13596,심한,VA+ETM
13597,데,NNB
13598,지도,NNG
13599,에,JKB
13600,나온,VV+ETM
13601,거,NNB
13602,처럼,JKB
13603,삥,MAG
13604,돌아가,VV
13605,야,EF
13606,하나,NR
13607,요,VCP+EC
13608,중간,NNG
13609,에,JKB
13610,나가,VV
13611,는,ETM
13612,문,NNG
13613,없,VA
13614,나요,EC
13615,천마총,NNG
13616,20,SN
13617,대,NNBC
13618,중반,NNG
13619,여성,NNG
13620,경주,NNP
13621,여행,NNG
13622,식당,NNG
13623,및,MAJ
13624,술집,NNG
13625,추천,NNG
13626,해,XSV+EC
13627,주,VX
13628,세요,EP+EF
13629,7,SN
13630,월,NNBC
13631,에,JKB
13632,친구,NNG
13633,들,XSN
13634,이랑,JC
13635,경주,NNP
13636,여행,NNG
13637,을,JKO
13638,가,VV
13639,는데,EC
13640,경주,NNP
13641,에,JKB
13642,대해서,VV+EC
13643,마땅히,MAG
13644,잘,MAG
13645,알,VV
13646,지,EC
13647,못해서,VX+EC
13648,막막,XR
13649,하,XSA
13650,네요,EC
13651,20,SN
13652,대,NNBC
13653,여자,NNG
13654,이,VCP
13655,며,EC
13656,술,NNG
13657,을,JKO
13658,좋아합니다,VV+EC
13659,황리,NNG
13660,단,MM
13661,길,NNG
13662,이랑,JC
13663,보문,NNG
13664,단지,MAG
13665,핫,NNG
13666,플,NNG
13667,추천,NNG
13668,해,XSV+EC
13669,주,VX
13670,세요,EP+EF
13671,그리고,MAJ
13672,맛있,VA
13673,는,ETM
13674,식당,NNG
13675,도,JX
13676,추천,NNG
13677,부탁,NNG
13678,드립니다,VV+EC
13679,하루,NNG
13680,는,JX
13681,시내,NNG
13682,권,XSN
13683,경주,NNP
13684,여행,NNG
13685,1,SN
13686,박,NNBC
13687,2,SN
13688,일,NNBC
13689,경주,NNP
13690,여행,NNG
13691,1,SN
13692,박,NNBC
13693,2,SN
13694,일,NNBC
13695,경비,NNG
13696,어느,MM
13697,정도,NNG
13698,나올까요,VV+EF
13699,숙소,NNG
13700,랑,JKB
13701,교통비,NNG
13702,빼,VV
13703,고요,EC
13704,쓰,VV
13705,기,ETN
13706,나름,NNB
13707,이,VCP
13708,지만,EC
13709,식대,NNG
13710,입장료,NNG
13711,간식,NNG
13712,정도,NNG
13713,이,VCP
13714,면,EC
13715,큰,VA+ETM
13716,돈,NNG
13717,은,JX
13718,들,VV
13719,지,EC
13720,않,VX
13721,겠,EP
13722,조,NR
13723,본인,NNG
13724,의,JKG
13725,주머니,NNG
13726,만큼,NNB
13727,생각,NNG
13728,해서,XSV+EC
13729,조절,NNG
13730,하,XSV
13731,여,EC
13732,쓰,VV
13733,는,ETM
13734,게,NNB+JKS
13735,좋,VA
13736,겠,EP
13737,네요,EF
13738,여유,NNG
13739,가,JKS
13740,있,VA
13741,다면,EC
13742,맛있,VA
13743,는,ETM
13744,것,NNB
13745,도,JX
13746,먹,VV
13747,고,EC
13748,해도,VV+EC
13749,좋,VA
13750,겠,EP
13751,죠,EF
13752,경주,NNP
13753,여행지,NNG
13754,2,SN
13755,박,NNBC
13756,3,SN
13757,일,NNBC
13758,추천,NNG
13759,이번,NNG
13760,에,JKB
13761,남자,NNG
13762,친구,NNG
13763,전역,NNG
13764,직전,NNG
13765,으로,JKB
13766,경주,NNP
13767,여행,NNG
13768,을,JKO
13769,가,VV
13770,기,ETN
13771,로,JKB
13772,했,VV+EP
13773,는데요,EF
13774,둘,NR
13775,다,MAG
13776,황리,NNG
13777,단,MM
13778,길,NNG
13779,외,NNB
13780,엔,JKB+JX
13781,아,VV
13782,는,ETM
13783,게,NNB+JKS
13784,없,VA
13785,어서요,EC
13786,차,NNG
13787,가,JKS
13788,있,VA
13789,어서,EC
13790,경주,NNP
13791,여행,NNG
13792,을,JKO
13793,계획,NNG
13794,하,XSV
13795,고,EC
13796,계시,VX
13797,는군요,EC
13798,별,MM
13799,다섯,NR
13800,개,NNBC
13801,경주,NNP
13802,2,SN
13803,박,NNBC
13804,3,SN
13805,일,NNBC
13806,여행,NNG
13807,코스,NNG
13808,를,JKO
13809,공유,NNG
13810,하,XSV
13811,니,EC
13812,내용,NNG
13813,참고,NNG
13814,하,XSV
13815,시,EP
13816,면,EC
13817,좋,VA
13818,을,ETM
13819,것,NNB
13820,같,VA
13821,습니다,EF
13822,아이,NNG
13823,랑,JC
13824,일,NR
13825,박,NNBC
13826,이,NR
13827,일,NNBC
13828,경주,NNP
13829,여행,NNG
13830,코스,NNG
13831,다섯,NR
13832,살,NNBC
13833,아이,NNG
13834,와,JKB
13835,함께,MAG
13836,경주,NNP
13837,로,JKB
13838,가족,NNG
13839,여행,NNG
13840,을,JKO
13841,갑니다,VV+EC
13842,첫날,NNG
13843,점심,NNG
13844,쯤,XSN
13845,경주역,NNP
13846,도착,NNG
13847,예정,NNG
13848,이,VCP
13849,고,EC
13850,숙소,NNG
13851,는,JX
13852,보문관광단지,NNP
13853,근처,NNG
13854,입니다,VCP+EF
13855,둘째,NR
13856,날,NNG
13857,은,JX
13858,경주,NNP
13859,월드,NNG
13860,를,JKO
13861,다녀오,VV
13862,고,EC
13863,오후,NNG
13864,4,SN
13865,시,NNBC
13866,쯤,XSN
13867,경주,NNP
13868,를,JKO
13869,떠날,VV+ETM
13870,계획,NNG
13871,입니다,VCP+EF
13872,직접,MAG
13873,운전,NNG
13874,할,XSV+ETM
13875,예정,NNG
13876,인데,VCP+EC
13877,코스,NNG
13878,를,JKO
13879,어떻게,MAG
13880,짜,VV
13881,야,EC
13882,경주,NNP
13883,여행,NNG
13884,추천,NNG
13885,안녕,NNG
13886,하,XSA
13887,세영,NNP
13888,경주,NNP
13889,여행,NNG
13890,할려고,VV+EC
13891,하,VV
13892,는,ETM
13893,10,SN
13894,대,NNBC
13895,인데,VCP+EC
13896,여,NNG
13897,황리,NNG
13898,단,MM
13899,길,NNG
13900,근처,NNG
13901,어둑,XR
13902,한,XSA+ETM
13903,분위기,NNG
13904,좋,VA
13905,겟,EP
13906,어요,EF
13907,경주,NNP
13908,여행,NNG
13909,가이드,NNG
13910,교통편,NNG
13911,맛집,NNG
13912,볼거리,NNG
13913,까지,JX
13914,모두,MAG
13915,알려,VV+EC
13916,줄,VX+ETM
13917,게,NNB+JKS
13918,요,JX
13919,경주,NNP
13920,여행,NNG
13921,가이드,NNG
13922,교통편,NNG
13923,맛집,NNG
13924,볼거리,NNG
13925,까지,JX
13926,모두,MAG
13927,알려,VV+EC
13928,줄,VX+ETM
13929,게요,NNB+VCP+EC
13930,경주,NNP
13931,여행,NNG
13932,동선,NNG
13933,부탁,NNG
13934,드려요,VV+EC
13935,1,SN
13936,박,NNBC
13937,으로,JKB
13938,어린애,NNG
13939,들,XSN
13940,데리,VV
13941,고,EC
13942,경주,NNP
13943,여행,NNG
13944,할,XSV+ETM
13945,거,NNB
13946,에요,VCP+EF
13947,숙소,NNG
13948,는,JX
13949,보문,NNG
13950,단지,NNG
13951,이,VCP
13952,구요,EF
13953,우선,MAG
13954,정도,NNG
13955,경주,NNP
13956,여행,NNG
13957,을,JKO
13958,다녀온,VV+ETM
13959,것,NNB
13960,같,VA
13961,은데요,EC
13962,아이,NNG
13963,랑,JC
13964,경주,NNP
13965,여행,NNG
13966,하,XSV
13967,면서,EC
13968,체험,NNG
13969,코스,NNG
13970,맛집,NNG
13971,경주,NNP
13972,여행,NNG
13973,TIP,SL
13974,1,SN
13975,경주,NNP
13976,여행,NNG
13977,코스,NNG
13978,는,JX
13979,크,VA
13980,게,EC
13981,시내,NNG
13982,권,XSN
13983,보문관광단지,NNP
13984,토함산,NNP
13985,남산,NNG
13986,경주,NNP
13987,여행,NNG
13988,3,SN
13989,박,NNBC
13990,4,SN
13991,일,NNBC
13992,갈려고,VV+EC
13993,하,VV
13994,는,ETM
13995,데,NNB
13996,24,SN
13997,만,NR
13998,원,NNBC
13999,괜찮,VA
14000,을까요,EC
14001,애인,NNG
14002,이랑,JC
14003,3,SN
14004,박,NNBC
14005,4,SN
14006,일,NNBC
14007,경주,NNP
14008,여행,NNG
14009,갈려고,VV+EC
14010,하,VV
14011,는데,EC
14012,돈,NNG
14013,을,JKO
14014,제,NP
14015,가,JKS
14016,다,MAG
14017,쓸려고,VV+EC
14018,맘먹,VV
14019,었,EP
14020,는데,EC
14021,24,SN
14022,만,NR
14023,원,NNBC
14024,이,VCP
14025,면,EC
14026,충분,XR
14027,할까요,XSA+EC
14028,경주,NNP
14029,여행,NNG
14030,3,SN
14031,박,NNBC
14032,4,SN
14033,일,NNBC
14034,갈려고,VV+EC
14035,하,VV
14036,는,ETM
14037,데,NNB
14038,245000,SN
14039,원,NNBC
14040,괜찮,VA
14041,을까,EC
14042,애인,NNG
14043,이랑,JC
14044,3,SN
14045,박,NNBC
14046,4,SN
14047,일,NNBC
14048,경주,NNP
14049,여행,NNG
14050,갈려고,VV+EC
14051,하,VV
14052,는데,EC
14053,돈,NNG
14054,을,JKO
14055,제,NP
14056,가,JKS
14057,다,MAG
14058,쓸려고,VV+EC
14059,맘먹,VV
14060,었,EP
14061,는데,EC
14062,24,SN
14063,만,NR
14064,원,NNBC
14065,이,VCP
14066,면,EC
14067,경주,NNP
14068,여행,NNG
14069,코스,NNG
14070,좀,MAG
14071,경주,NNP
14072,여행,NNG
14073,코스,NNG
14074,좀,MAG
14075,경주,NNP
14076,여행,NNG
14077,을,JKO
14078,계획,NNG
14079,하,XSV
14080,고,EC
14081,계신,VX+ETM
14082,다니,VCP+EC
14083,정말,MAG
14084,흥미,NNG
14085,로운,XSA+ETM
14086,여행,NNG
14087,이,JKS
14088,될,VV+ETM
14089,것,NNB
14090,같,VA
14091,습니다,EF
14092,경주,NNP
14093,는,JX
14094,신라,NNP
14095,의,JKG
14096,역사,NNG
14097,와,JC
14098,문화,NNG
14099,아름다운,VA+ETM
14100,자연,NNG
14101,경관,NNG
14102,을,JKO
14103,느낄,VV+ETM
14104,수,NNB
14105,있,VV
14106,는,ETM
14107,대한민국,NNP
14108,의,JKG
14109,대표,NNG
14110,적,XSN
14111,인,VCP+ETM
14112,관광,NNG
14113,도시,NNG
14114,입니다,VCP+EC
14115,1,SN
14116,박,NNBC
14117,2,SN
14118,일,NNBC
14119,동안,NNG
14120,방문,NNG
14121,할,XSV+ETM
14122,수,NNB
14123,있,VV
14124,는,ETM
14125,추천,NNG
14126,여행,NNG
14127,경주,NNP
14128,여행,NNG
14129,실내,NNG
14130,관광,NNG
14131,경주,NNG
14132,여행,NNG
14133,가,VV
14134,는데,EC
14135,비,NNG
14136,가,JKS
14137,많이,MAG
14138,오,VV
14139,더라고요,EC
14140,실내,NNG
14141,로,JKB
14142,가,VV
14143,는,ETM
14144,곳,NNG
14145,추천,NNG
14146,좀,MAG
14147,해,VV+EC
14148,주,VX
14149,세요,EP+EF
14150,검색,NNG
14151,을,JKO
14152,기반,NNG
14153,삼,VV
14154,아,EC
14155,경주,NNP
14156,에서,JKB
14157,비,NNG
14158,가,JKS
14159,오,VV
14160,는,ETM
14161,실제,NNG
14162,방문,NNG
14163,하,XSV
14164,시,EP
14165,는,ETM
14166,날씨,NNG
14167,와,JC
14168,여행,NNG
14169,일정,NNG
14170,에,JKB
14171,따라,VV+EC
14172,운영,NNG
14173,시간,NNG
14174,을,JKO
14175,확인,NNG
14176,해,XSV+EC
14177,보,VX
14178,시,EP
14179,고,EC
14180,즐거운,VA+ETM
14181,경주,NNP
14182,여행,NNG
14183,되,XSV
14184,시,EP
14185,길,ETN+JKO
14186,바랍니다,VV+EF
14187,채택,NNG
14188,해,XSV+EC
14189,경주,NNP
14190,여행,NNG
14191,운전,NNG
14192,평상시,NNG
14193,에,JKB
14194,는,JX
14195,운전,NNG
14196,을,JKO
14197,안,MAG
14198,하,VV
14199,고,EC
14200,제주,NNP
14201,여행,NNG
14202,갈,VV+ETM
14203,때,NNG
14204,몇,MM
14205,번,NNBC
14206,해,VV+EC
14207,본,VX+ETM
14208,게,NNB+JKS
14209,다,MAG
14210,입니다,VCP+EF
14211,경주,NNP
14212,케,IC
14213,텍스,NNG
14214,타,VV
14215,고,EC
14216,가,VX
14217,서,EC
14218,렌트,NNG
14219,할,VV+ETM
14220,거,NNB
14221,같,VA
14222,은데,EC
14223,초보,NNG
14224,운전,NNG
14225,도,JX
14226,돌아다니,VV
14227,기,ETN
14228,어렵,VA
14229,지,EC
14230,않,VX
14231,을까요,EC
14232,경주,NNP
14233,는,JX
14234,그렇게,MAG
14235,복잡,XR
14236,하,XSA
14237,지,EC
14238,는,JX
14239,않,VX
14240,은,ETM
14241,곳,NNG
14242,이,VCP
14243,지만,EC
14244,운전,NNG
14245,에,JKB
14246,자신,NNG
14247,이,JKS
14248,없,VA
14249,다면,EC
14250,조심,NNG
14251,운전,NNG
14252,을,JKO
14253,하,VV
14254,면,EC
14255,경주,NNP
14256,여행,NNG
14257,질문,NNG
14258,이,VCP
14259,요,EC
14260,사,VV
14261,시,EP
14262,거나,EC
14263,경주,NNP
14264,여행,NNG
14265,가,VV+EC
14266,보,VX
14267,신,EP+ETM
14268,분,NNB
14269,들,XSN
14270,의,JKG
14271,의견,NNG
14272,부탁,NNG
14273,드립니다,VV+EC
14274,경주,NNP
14275,한,MM
14276,바퀴,NNBC
14277,돌,VV
14278,아,EC
14279,주,VX
14280,는,ETM
14281,버스,NNG
14282,타,VV
14283,시,EP
14284,거나,EC
14285,택시,NNG
14286,타,VV
14287,세용,EP+EF
14288,걸어서,VV+EC
14289,경주,NNP
14290,여행,NNG
14291,해,XSV+EC
14292,보,VX
14293,면,EC
14294,알,VV+ETM
14295,거,NNB
14296,에요,VCP+EF
14297,택시,NNG
14298,잡,VV
14299,기,ETN
14300,힘들,VA
14301,어요,EF
14302,첨,NNG
14303,부터,JX
14304,택시,NNG
14305,많,VA
14306,은,ETM
14307,관광지,NNG
14308,에서,JKB
14309,택시,NNG
14310,잡,VV
14311,거나,EC
14312,카카오,NNP
14313,택시,NNG
14314,경주,NNP
14315,여행,NNG
14316,식당,NNG
14317,추천,NNG
14318,부탁,NNG
14319,드립니다,VV+EC
14320,한,MM
14321,시간,NNG
14322,뒤,VV
14323,면,EC
14324,경주,NNP
14325,도착,NNG
14326,하,XSV
14327,는데,EC
14328,경주,NNP
14329,여행가,NNG
14330,서,JKB
14331,여기,NP
14332,는,JX
14333,꼭,MAG
14334,가,VV+EC
14335,봐야,VX+EC
14336,한다,VX+EC
14337,하,VV
14338,는,ETM
14339,식당,NNG
14340,이,JKS
14341,경주,NNP
14342,여행,NNG
14343,에서,JKB
14344,특별,NNG
14345,한,XSA+ETM
14346,대접,NNG
14347,을,JKO
14348,받,VV
14349,을,ETM
14350,수,NNB
14351,있,VV
14352,는,ETM
14353,식당,NNG
14354,을,JKO
14355,추천,NNG
14356,해,XSV+EC
14357,드리,VX
14358,겠,EP
14359,습니다,EF
14360,위,IC
14361,두,MM
14362,식당,NNG
14363,중,NNB
14364,하나,NR
14365,를,JKO
14366,선택,NNG
14367,하,XSV
14368,시,EP
14369,면,EC
14370,경주,NNP
14371,여행,NNG
14372,에서,JKB
14373,특별,NNG
14374,한,XSA+ETM
14375,대접,NNG
14376,을,JKO
14377,받,VV
14378,을,ETM
14379,수,NNB
14380,있,VV
14381,을,ETM
14382,3,SN
14383,월,NNBC
14384,1,SN
14385,일,NNBC
14386,경주,NNP
14387,여행,NNG
14388,코스,NNG
14389,(,SSO
14390,당일치기,NNG
14391,),SSC
14392,학생,NNG
14393,4,SN
14394,명,NNBC
14395,이,VCP
14396,고,EC
14397,3,SN
14398,1,SN
14399,경주,NNP
14400,여행,NNG
14401,코스,NNG
14402,좀,MAG
14403,알려,VV+EC
14404,주,VX
14405,세요,EP+EF
14406,첨성대,NNG
14407,근처,NNG
14408,한복,NNG
14409,나드리,NNG
14410,에서,JKB
14411,질문,NNG
14412,하,XSV
14413,신,EP+ETM
14414,경주,NNP
14415,여행,NNG
14416,일정,NNG
14417,관련,NNG
14418,답변,NNG
14419,드리,VV
14420,도록,EC
14421,하,VX
14422,겠,EP
14423,습니다,EF
14424,황리,NNG
14425,단,MM
14426,길,NNG
14427,과,JC
14428,맞춤,NNG
14429,형,XSN
14430,경주,NNG
14431,여행,NNG
14432,일정,NNG
14433,을,JKO
14434,준비,NNG
14435,했,XSV+EP
14436,어요,EF
14437,아래,NNG
14438,첨부,NNG
14439,된,XSV+ETM
14440,일정,NNG
14441,을,JKO
14442,참고,NNG
14443,해,XSV+EC
14444,보,VX
14445,시,EP
14446,고,EC
14447,여행,NNG
14448,에,JKB
14449,경주,NNP
14450,여행,NNG
14451,경주,NNG
14452,여행,NNG
14453,은,JX
14454,역사,NNG
14455,여행,NNG
14456,에,JKB
14457,의미,NNG
14458,를,JKO
14459,두,VV
14460,고,EC
14461,다녀왔,VV+EP
14462,는데요,EF
14463,생각,NNG
14464,보다,JKB
14465,는,JX
14466,재미,NNG
14467,가,JKS
14468,없,VA
14469,었,EP
14470,어요,EF
14471,너무,MAG
14472,진지,XR
14473,하,XSA
14474,게,EC
14475,공부,NNG
14476,하,XSV
14477,는,ETM
14478,느낌,NNG
14479,으로,JKB
14480,질문,NNG
14481,하,XSV
14482,신,EP+ETM
14483,경주,NNP
14484,여행지,NNG
14485,관련,NNG
14486,답변,NNG
14487,드리,VV
14488,도록,EC
14489,하,VX
14490,겠,EP
14491,습니다,EF
14492,가,VV
14493,볼,EC+VX+ETM
14494,만,NNB
14495,한,XSA+ETM
14496,경주,NNP
14497,여행지,NNG
14498,중,NNB
14499,에서,JKB
14500,는,JX
14501,동궁,NNG
14502,과,JC
14503,월지,NNG
14504,2,SN
14505,박,NNBC
14506,3,SN
14507,일,NNBC
14508,경주,NNP
14509,여행,NNG
14510,코스,NNG
14511,추천,NNG
14512,뚜벅,MAG
14513,이,JKC
14514,위한,VV+ETM
14515,경주,NNP
14516,여행,NNG
14517,코스,NNG
14518,추천,NNG
14519,부탁,NNG
14520,드려요,VV+EC
14521,세,MM
14522,분,NNBC
14523,이,JKS
14524,오붓,XR
14525,하,XSA
14526,게,EC
14527,경주,NNP
14528,여행,NNG
14529,계획,NNG
14530,하,XSV
14531,고,EC
14532,계시,VX
14533,는군요,EC
14534,대중교통,NNG
14535,을,JKO
14536,이용,NNG
14537,해서,XSV+EC
14538,돌아볼,VV+ETM
14539,생각,NNG
14540,이,VCP
14541,시,EP
14542,라면,EC
14543,가볍,VA
14544,게,EC
14545,코스,NNG
14546,를,JKO
14547,짜,VV+EC
14548,보,VX
14549,시,EP
14550,는,ETM
14551,것,NNB
14552,도,JX
14553,좋,VA
14554,을,ETM
14555,거,NNB
14556,같,VA
14557,습니다,EF
14558,1,SN
14559,경주,NNP
14560,여행,NNG
14561,코스,NNG
14562,추천,NNG
14563,경주,NNG
14564,여행,NNG
14565,코스,NNG
14566,추천,NNG
14567,가족,NNG
14568,안녕,NNG
14569,하,XSV
14570,세요,EP+EF
14571,무,XPN
14572,계획,NNG
14573,이,MM
14574,루트,NNG
14575,로,JKB
14576,실행,NNG
14577,하,XSV
14578,면,EC
14579,실패,NNG
14580,없,VA
14581,는,ETM
14582,경주,NNP
14583,여행지,NNG
14584,를,JKO
14585,소개,NNG
14586,해,XSV+EC
14587,드릴까,VX+EC
14588,합니다,VX+EF
14589,한번,MAG
14590,보,VV
14591,시,EP
14592,고,EC
14593,마음,NNG
14594,에,JKB
14595,드신,VV+EP+ETM
14596,다면,NNG
14597,채택,NNG
14598,부탁,NNG
14599,드립니다,VV+EC
14600,경주,NNP
14601,여행,NNG
14602,중,NNB
14603,꼭,MAG
14604,가,VV+EC
14605,봐야,VX+EC
14606,할,VX+ETM
14607,맛집,NNG
14608,리스트,NNG
14609,는,JX
14610,무엇,NP
14611,인가요,VCP+EF
14612,?,SF
14613,경주,NNP
14614,여행,NNG
14615,을,JKO
14616,계획,NNG
14617,중,NNB
14618,이,VCP
14619,며,EC
14620,필수,NNG
14621,방문,NNG
14622,맛집,NNG
14623,과,JC
14624,핫,NNG
14625,플레이스,NNG
14626,를,JKO
14627,알,VV
14628,고,EC
14629,싶,VX
14630,습니다,EF
14631,현지인,NNG
14632,들,XSN
14633,이,JKS
14634,추천,NNG
14635,하,XSV
14636,는,ETM
14637,숨,NNG
14638,은,JX
14639,명소,NNG
14640,나,JC
14641,경주,NNP
14642,여행,NNG
14643,시,NNB
14644,꼭,MAG
14645,가,VV+EC
14646,봐야,VX+EC
14647,할,VX+ETM
14648,맛집,NNG
14649,은,JX
14650,황남빵,NNP
14651,경주,NNP
14652,식당,NNG
14653,잔치국수,NNP
14654,교동,NNP
14655,법주,NNP
14656,신라,NNP
14657,밀면,NNP
14658,이,VCP
14659,에요,EF
14660,핫,IC
14661,플레이스,NNG
14662,는,JX
14663,경주,NNP
14664,불국사,NNP
14665,와,JKB
14666,경주,NNP
14667,여행,NNG
14668,일정,NNG
14669,도와,VV+EC
14670,주,VX
14671,세요,EP+EF
14672,!,SF
14673,!,SY
14674,그냥,MAG
14675,최소한,NNG
14676,의,JKG
14677,움직임,NNG
14678,으로,JKB
14679,이틀,NNG
14680,동안,NNG
14681,다녀올,VV+ETM
14682,수,NNB
14683,있,VV
14684,는,ETM
14685,경주,NNP
14686,여행,NNG
14687,코스,NNG
14688,좀,MAG
14689,알려,VV+EC
14690,주,VX
14691,세요,EP+EF
14692,예쁜,VA+ETM
14693,카페,NNP
14694,도,JX
14695,추천,NNG
14696,질문,NNG
14697,하,XSV
14698,신,EP+ETM
14699,경주,NNP
14700,여행,NNG
14701,일정,NNG
14702,관련,NNG
14703,답변,NNG
14704,드리,VV
14705,도록,EC
14706,하,VX
14707,겠,EP
14708,습니다,EF
14709,질,NNG
14710,문자,NNG
14711,님,XSN
14712,께서,JKS
14713,원,NNG
14714,하,XSV
14715,신,EP+ETM
14716,대로,NNB
14717,최대한,NNG
14718,여유,NNG
14719,로운,XSA+ETM
14720,경주,NNP
14721,여행,NNG
14722,일정,NNG
14723,을,JKO
14724,준비,NNG
14725,해,XSV+EC
14726,경주,NNP
14727,여행,NNG
14728,가,VV
14729,려는데,EC
14730,추천,NNG
14731,좀,MAG
14732,요,JX
14733,!,SF
14734,!,SY
14735,엄마,NNG
14736,혼자,NNG
14737,초,XPN
14738,4,SN
14739,초,NNBC
14740,2,SN
14741,아들,NNG
14742,둘,NR
14743,데리,VV
14744,고,EC
14745,주,VX
14746,중,NNB
14747,에,JKB
14748,경주,NNP
14749,여행,NNG
14750,정도,NNG
14751,경주,NNP
14752,여행,NNG
14753,을,JKO
14754,다녀온,VV+ETM
14755,것,NNB
14756,같,VA
14757,은데요,EC
14758,구체,NNG
14759,적,XSN
14760,인,VCP+ETM
14761,일정,NNG
14762,이,JKS
14763,없,VA
14764,어서,EC
14765,주,VX
14766,요,EC
14767,경주,NNP
14768,여행,NNG
14769,코스,NNG
14770,맛집,NNG
14771,숙소,NNG
14772,에,JKB
14773,대한,VV+ETM
14774,제,MM
14775,경험담,NNG
14776,을,JKO
14777,묶,VV
14778,어서,EC
14779,소개,NNG
14780,할게요,XSV+EC
14781,경주,NNP
14782,여행,NNG
14783,TIP,SL
14784,1,SN
14785,경주,NNP
14786,여행,NNG
14787,코스,NNG
14788,는,JX
14789,경주,NNP
14790,여행,NNG
14791,추천,NNG
14792,경주,NNP
14793,여행지,NNG
14794,좀,MAG
14795,추천,NNG
14796,해,XSV+EC
14797,주,VX
14798,세요,EP+EF
14799,문,NNG
14800,의,JKG
14801,주신,NNG
14802,경주,NNP
14803,여행지,NNG
14804,추천,NNG
14805,드릴게요,VV+EC
14806,즐거운,VA+ETM
14807,경주,NNP
14808,여행,NNG
14809,되,XSV
14810,셨,EP+EP
14811,으면,EC
14812,좋,VA
14813,겠,EP
14814,어요,EF
14815,경북,NNP
14816,경주,NNP
14817,가,VV
14818,볼,EC+VX+ETM
14819,만,NNB
14820,한,XSA+ETM
14821,곳,NNG
14822,1,SN
14823,황성,NNG
14824,공원,NNG
14825,2,SN
14826,양남,NNG
14827,주상,NNG
14828,절리,NNG
14829,3,SN
14830,동궁,NNG
14831,과,JC
14832,월지,NNG
14833,4,SN
14834,동,NNBC
14835,궁원,NNG
14836,5,SN
14837,황리,NNG
14838,단,MM
14839,길,NNG
14840,6,SN
14841,첨성대,NNG
14842,7,SN
14843,경주,NNP
14844,여행,NNG
14845,코스,NNG
14846,질문,NNG
14847,경주,NNG
14848,여행,NNG
14849,을,JKO
14850,가,VV
14851,는데,EC
14852,예전,NNG
14853,에,JKB
14854,가본적,NNG
14855,이,JKS
14856,있,VV
14857,어서,EC
14858,대충,MAG
14859,지리,NNG
14860,적,XSN
14861,인,VCP+ETM
14862,건,NNB+JX
14863,아,VV
14864,는데,EC
14865,질문,NNG
14866,하,XSV
14867,신,EP+ETM
14868,경주,NNP
14869,여행,NNG
14870,코스,NNG
14871,관련,NNG
14872,답변,NNG
14873,드리,VV
14874,겠,EP
14875,습니다,EF
14876,경주로,NNG
14877,의,JKG
14878,1,SN
14879,박,NNBC
14880,2,SN
14881,일,NNBC
14882,여행,NNG
14883,을,JKO
14884,2,SN
14885,일,NNBC
14886,경주,NNP
14887,여행,NNG
14888,일정,NNG
14889,을,JKO
14890,준비,NNG
14891,했,XSV+EP
14892,어요,EF
14893,아래,NNG
14894,첨부,NNG
14895,된,XSV+ETM
14896,일정,NNG
14897,을,JKO
14898,참고,NNG
14899,해,XSV+EC
14900,보,VX
14901,시,EP
14902,고,EC
14903,즐거운,VA+ETM
14904,경주,NNP
14905,여행,NNG
14906,가,VV
14907,는데,EC
14908,여행,NNG
14909,코스,NNG
14910,추천,NNG
14911,이,VCP
14912,요,EC
14913,제,NP
14914,가,JKS
14915,중,NNG
14916,3,SN
14917,인데,VCP+EC
14918,중,NNB
14919,3,SN
14920,이,JKS
14921,좋,VA
14922,아,EC
14923,할,VX+ETM
14924,만,NNB
14925,한,XSA+ETM
14926,경주,NNP
14927,여행,NNG
14928,코스,NNG
14929,추천,NNG
14930,이,VCP
14931,요,EC
14932,문,NNG
14933,의,JKG
14934,주신,NNG
14935,경주,NNP
14936,여행,NNG
14937,코스,NNG
14938,추천,NNG
14939,드릴게요,VV+EC
14940,재밌,VA
14941,게,EC
14942,놀,VV
14943,다,EC
14944,오,VX
14945,셨,EP+EP
14946,으면,EC
14947,좋,VA
14948,겠,EP
14949,어요,EF
14950,경북,NNP
14951,경주,NNP
14952,가,VV
14953,볼,EC+VX+ETM
14954,만,NNB
14955,한,XSA+ETM
14956,곳,NNG
14957,1,SN
14958,황성,NNG
14959,공원,NNG
14960,2,SN
14961,양남,NNG
14962,주상,NNG
14963,절리,NNG
14964,3,SN
14965,동궁,NNG
14966,과,JC
14967,월지,NNG
14968,4,SN
14969,동,NNBC
14970,궁원,NNG
14971,5,SN
14972,엄마,NNG
14973,와,JC
14974,경주,NNP
14975,여행,NNG
14976,엄마,NNG
14977,와,JC
14978,경주,NNP
14979,여행,NNG
14980,평일,NNG
14981,에,JKB
14982,대중교통,NNG
14983,타,VV
14984,고,EC
14985,가,VX
14986,려고,EC
14987,하,VX
14988,는데요,EF
14989,일단,MAG
14990,불국사,NNG
14991,가,VV
14992,고,EC
14993,도보,NNG
14994,대중교통,NNG
14995,이용,NNG
14996,의,JKG
14997,경주,NNG
14998,여행,NNG
14999,코스,NNG
15000,의견,NNG
15001,드려,VV+EC
15002,볼께요,VX+EF
15003,먼저,MAG
15004,평일,NNG
15005,어머니,NNG
15006,와,JC
15007,어머니,NNG
15008,와,JC
15009,행복,NNG
15010,한,XSA+ETM
15011,경주,NNP
15012,여행,NNG
15013,되,XSV
15014,세요,EP+EF
15015,경주,NNP
15016,주요,NNG
15017,관광지,NNG
15018,의,JKG
15019,교통편,NNG
15020,도보,NNG
15021,포함,NNG
15022,뚜벅,MAG
15023,이,MM
15024,경주,NNP
15025,여행,NNG
15026,1,SN
15027,박,NNBC
15028,코스,NNG
15029,추천,NNG
15030,좀,MAG
15031,요,JX
15032,여자,NNG
15033,친구,NNG
15034,랑,JC
15035,경주,NNP
15036,여행,NNG
15037,을,JKO
15038,가,VV
15039,려고,EC
15040,하,VV
15041,는데,EC
15042,뚜벅,MAG
15043,이,XSN
15044,로,JKB
15045,돌아다닐,VV+ETM
15046,코스,NNG
15047,좀,MAG
15048,추천,NNG
15049,해,XSV+EC
15050,주,VX
15051,세요,EP+EF
15052,경주,NNP
15053,월드,NNG
15054,는,JX
15055,제외,NNG
15056,하,XSV
15057,고요,EC
15058,그,MM
15059,여자,NNG
15060,친구,NNG
15061,와,JKB
15062,가,VV
15063,볼,EC+VX+ETM
15064,만,NNB
15065,한,XSA+ETM
15066,경주,NNP
15067,여행,NNG
15068,코스,NNG
15069,추천,NNG
15070,드릴게요,VV+EC
15071,좋,VA
15072,은,ETM
15073,하루,NNG
15074,되,VV
15075,세요,EP+EF
15076,경주,NNP
15077,가,VV
15078,볼,EC+VX+ETM
15079,만,NNB
15080,한,XSA+ETM
15081,곳,NNG
15082,1,SN
15083,경주,NNG
15084,경주,NNP
15085,여행,NNG
15086,HELP,SL
15087,!,SY
15088,2,SN
15089,월,NNBC
15090,18,SN
15091,일,NNBC
15092,부터,JX
15093,2,SN
15094,월,NNBC
15095,20,SN
15096,일,NNBC
15097,까지,JX
15098,2,SN
15099,박,NNBC
15100,3,SN
15101,일,NNBC
15102,로,JKB
15103,가족,NNG
15104,들,XSN
15105,이랑,JC
15106,경주,NNP
15107,여행,NNG
15108,가,VV
15109,려고,EC
15110,하,VV
15111,는데,EC
15112,어딜,NP+JKO
15113,가,VV
15114,야,EC
15115,할지,VX+EC
15116,모르,VV
15117,겠,EP
15118,어요,EF
15119,도와,VV+EC
15120,주,VX
15121,세요,EP+EF
15122,중,NNB
15123,1,SN
15124,경주,NNP
15125,여행,NNG
15126,추천,NNG
15127,지,NNG
15128,입니다,VCP+EF
15129,경주,NNP
15130,월드,NNG
15131,테마파크,NNG
15132,경주,NNP
15133,엑스포,NNG
15134,대공원,NNG
15135,경주,NNP
15136,국립,NNG
15137,박물관,NNG
15138,경주,NNP
15139,대,XPN
15140,원릉,NNG
15141,동굴,NNG
15142,과,JC
15143,월지,NNG
15144,뚜벅,MAG
15145,이,MM
15146,경주,NNP
15147,여행,NNG
15148,다음,NNG
15149,주,NNG
15150,평일,NNG
15151,에,JKB
15152,화,NNG
15153,수,NNG
15154,중,NNB
15155,경주,NNP
15156,여행,NNG
15157,가,VV
15158,려고,EC
15159,했,VX+EP
15160,는데,EC
15161,시기,NNG
15162,상,XSN
15163,뷰,NNP
15164,가,JKS
15165,별로,MAG
15166,일,VV+ETM
15167,거,NNB
15168,같,VA
15169,아서,EC
15170,고민,NNG
15171,입니다,VCP+EF
15172,혼자,NNG
15173,뚜벅,MAG
15174,이,MM
15175,꽃,NNG
15176,피,VV
15177,고,EC
15178,봄바람,NNG
15179,살랑살랑,MAG
15180,부,NNG
15181,는,JX
15182,4,SN
15183,월,NNBC
15184,달,NNG
15185,경주,NNP
15186,여행,NNG
15187,오푸스,NNG
15188,에서,JKB
15189,즐겨,VV+EC
15190,보,VX
15191,세요,EP+EF
15192,전,MM
15193,객실,NNG
15194,개별,NNG
15195,바베큐,NNG
15196,장,NNG
15197,으로,JKB
15198,경주,NNP
15199,여행,NNG
15200,추천,NNG
15201,50,SN
15202,대,NNBC
15203,부부,NNG
15204,10,SN
15205,월,NNBC
15206,여행,NNG
15207,경주,NNG
15208,여행,NNG
15209,1,SN
15210,박,NNBC
15211,2,SN
15212,일,NNBC
15213,코스,NNG
15214,밤,NNG
15215,야경,NNG
15216,과,JC
15217,숙소,NNG
15218,및,MAJ
15219,먹거리,NNG
15220,추천,NNG
15221,부탁,NNG
15222,합니다,XSV+EF
15223,경주,NNP
15224,여행,NNG
15225,을,JKO
15226,계획,NNG
15227,중,NNB
15228,이,VCP
15229,시,EP
15230,군요,EF
15231,그럼,MAJ
15232,경주,NNP
15233,에서,JKB
15234,가,VV
15235,볼,EC+VX+ETM
15236,만,NNB
15237,한,XSA+ETM
15238,곳,NNG
15239,들,XSN
15240,추천,NNG
15241,해,XSV+EC
15242,드리,VX
15243,겠,EP
15244,습니다,EF
15245,첨성대,NNG
15246,동궁,NNG
15247,과,JC
15248,월지,NNG
15249,대릉원,NNG
15250,경주,NNP
15251,여행,NNG
15252,코스,NNG
15253,부탁,NNG
15254,드려요,VV+EC
15255,출발,NNG
15256,합니다,XSV+EF
15257,경주,NNP
15258,여행,NNG
15259,코스,NNG
15260,부탁,NNG
15261,드립니다,VV+EC
15262,숙소,NNG
15263,는,JX
15264,아직,MAG
15265,예약,NNG
15266,안,MAG
15267,했,VV+EP
15268,어요,EF
15269,코스,NNG
15270,보고,JKB
15271,근처,NNG
15272,게스트,NNP
15273,하우스,NNP
15274,로,JKB
15275,잡,VV
15276,으려고요,EF
15277,안녕,IC
15278,하,VV
15279,세요,EP+EF
15280,무,XPN
15281,계획,NNG
15282,없이,MAG
15283,이,MM
15284,루트,NNG
15285,로,JKB
15286,가,VV
15287,면,EC
15288,실패,NNG
15289,없,VA
15290,는,ETM
15291,경주,NNP
15292,여행,NNG
15293,아이,NNG
15294,와,JC
15295,경주,NNP
15296,여행,NNG
15297,코스,NNG
15298,짜,VV
15299,려고,EC
15300,하,VV
15301,는데,EC
15302,동선,NNG
15303,ㅠㅠㅠ어렵네요,UNKNOWN
15304,가족,NNG
15305,들,XSN
15306,과,JC
15307,경주,NNP
15308,여행,NNG
15309,계획,NNG
15310,중,NNB
15311,입니다,VCP+EF
15312,구성원,NNG
15313,은,JX
15314,남편,NNG
15315,저,MM
15316,4,SN
15317,세,NNBC
15318,7,SN
15319,세,NNBC
15320,아이,NNG
15321,와,JKB
15322,함께,MAG
15323,합니다,VV+EF
15324,첫째,NR
15325,날,NNG
15326,강동,MAG
15327,워터,NNG
15328,파크,NNG
15329,6,SN
15330,시,NNBC
15331,까지,JX
15332,보낼,VV+ETM
15333,아이,NNG
15334,와,JKB
15335,함께,MAG
15336,하,VV
15337,는,ETM
15338,경주,NNP
15339,여행,NNG
15340,정말,MAG
15341,좋,VA
15342,을,ETM
15343,것,NNB
15344,같,VA
15345,습니다,EF
15346,여행,NNG
15347,하,XSV
15348,는,ETM
15349,동안,NNG
15350,필요,NNG
15351,한,XSA+ETM
15352,정보,NNG
15353,를,JKO
15354,확인,NNG
15355,하,XSV
15356,실,EP+ETM
15357,수,NNB
15358,있,VV
15359,는,ETM
15360,정보,NNG
15361,를,JKO
15362,경주,NNP
15363,여행,NNG
15364,코스,NNG
15365,(,SSO
15366,2,SN
15367,박,NNBC
15368,3,SN
15369,일,NNBC
15370,),SSC
15371,질문,NNG
15372,이,JKS
15373,있,VA
15374,어요,EF
15375,5,SN
15376,월,NNBC
15377,23,SN
15378,일,NNBC
15379,5,SN
15380,월,NNBC
15381,25,SN
15382,일,NNBC
15383,경주,NNP
15384,여행,NNG
15385,코스,NNG
15386,추천,NNG
15387,해,XSV+EC
15388,주,VX
15389,세요,EP+EF
15390,1,SN
15391,대상,NNG
15392,어머니,NNG
15393,경주,NNP
15394,여행,NNG
15395,코스,NNG
15396,2,SN
15397,박,NNBC
15398,3,SN
15399,일,NNBC
15400,답변,NNG
15401,드릴게요,VV+EC
15402,경주,NNP
15403,여행,NNG
15404,코스,NNG
15405,2,SN
15406,박,NNBC
15407,3,SN
15408,일,NNBC
15409,답변,NNG
15410,드립니다,VV+EC
15411,어머님,NNG
15412,을,JKO
15413,모시,VV
15414,고,EC
15415,떠나,VV
15416,는,ETM
15417,경주,NNP
15418,여행,NNG
15419,이,JKS
15420,즐거운,VA+ETM
15421,추억,NNG
15422,으로,JKB
15423,남,VV
15424,을,ETM
15425,수,NNB
15426,있,VV
15427,도록,EC
15428,제,NP
15429,가,JKS
15430,2,SN
15431,박,NNBC
15432,3,SN
15433,일,NNBC
15434,경주,NNP
15435,여행,NNG
15436,10,SN
15437,월,NNBC
15438,2,SN
15439,박,NNBC
15440,3,SN
15441,일,NNBC
15442,경주,NNP
15443,여행,NNG
15444,코스,NNG
15445,및,MAJ
15446,식당,NNG
15447,추천,NNG
15448,부탁,NNG
15449,드립니다,VV+EC
15450,1,SN
15451,인,NNG
15452,여행,NNG
15453,숙소,NNG
15454,는,JX
15455,경주,NNP
15456,여행,NNG
15457,가실,NNG
15458,때,NNG
15459,방문,NNG
15460,하,XSV
15461,시,EP
15462,기,ETN
15463,좋,VA
15464,은,ETM
15465,뷰,NNP
15466,예쁜,VA+ETM
15467,카페,NNG
15468,입니다,VCP+EF
15469,포토,NNG
15470,존,NNP
15471,도,JX
15472,많,VA
15473,고,EC
15474,다양,XR
15475,한,XSA+ETM
15476,작품,NNG
15477,도,JX
15478,함께,MAG
15479,감상,NNG
15480,할,XSV+ETM
15481,수,NNB
15482,있,VV
15483,는,ETM
15484,카페,NNG
15485,라서,VCP+EC
15486,경주,NNP
15487,여행,NNG
15488,에,JKB
15489,참고,NNG
15490,해,XSV+EC
15491,수면,NNG
15492,좋,VA
15493,을,ETM
15494,거,NNB
15495,같,VA
15496,아요,EC
15497,경주,NNP
15498,여행,NNG
15499,질문,NNG
15500,안녕,NNG
15501,하,XSV
15502,세요,EP+EF
15503,경주,NNP
15504,여행,NNG
15505,을,JKO
15506,가,VV+EC
15507,본,VX+ETM
15508,적,NNB
15509,이,JKS
15510,없,VA
15511,는데,EC
15512,이번,NNG
15513,에,JKB
15514,가,VV+EC
15515,보,VX
15516,려고,EC
15517,하,VX
15518,거든요,EF
15519,1,SN
15520,일,NNBC
15521,정도,NNG
15522,돌아다닐,VV+ETM
15523,거,NNB
15524,같,VA
15525,은데,EC
15526,버스,NNG
15527,와,JC
15528,렌트카,NNG
15529,반갑,VA
15530,습니다,EF
15531,살,VV
15532,아,EC
15533,있,VX
15534,는,ETM
15535,문화,NNG
15536,유산,NNG
15537,의,JKG
15538,도시,NNG
15539,경주,NNP
15540,여행,NNG
15541,을,JKO
15542,1,SN
15543,인,NNG
15544,당일,NNG
15545,로,JKB
15546,준비,NNG
15547,중,NNB
15548,이,VCP
15549,시,EP
15550,네요,EF
15551,경주,NNP
15552,방문,NNG
15553,이,JKS
15554,처음,NNG
15555,이,VCP
15556,시,EP
15557,라면,EC
15558,경주,NNP
15559,여행,NNG
15560,코스,NNG
15561,어디,NP
15562,가,JKS
15563,★,SY
15564,가족,NNG
15565,들,XSN
15566,이랑,JC
15567,경주,NNP
15568,여행,NNG
15569,을,JKO
15570,가,VV
15571,려고,EC
15572,하,VV
15573,는데,EC
15574,경주,NNP
15575,여행,NNG
15576,코스,NNG
15577,를,JKO
15578,어떻게,MAG
15579,해야,VV+EC
15580,할지,VX+EC
15581,모르,VV
15582,겟,EP
15583,네요,EF
15584,경주,NNP
15585,여행,NNG
15586,코스,NNG
15587,어디,NP
15588,가,JKS
15589,좋,VA
15590,을까요,EF
15591,사실,MAG
15592,중학교,NNG
15593,때,NNG
15594,가,VV+EC
15595,보,VX
15596,고,EC
15597,안,MAG
15598,가,VV+EC
15599,봤,VX+EP
15600,어요,EF
15601,경주,NNP
15602,여행,NNG
15603,코스,NNG
15604,가장,MAG
15605,핫,NNG
15606,플레이스,NNG
15607,만,JX
15608,가,VV+EC
15609,보,VX
15610,고,EC
15611,싶,VX
15612,어요,EF
15613,혹시,MAG
15614,경주,NNP
15615,여행,NNG
15616,코스,NNG
15617,다,MAG
15618,들,XSN
15619,6,SN
15620,월,NNBC
15621,경주,NNP
15622,여행,NNG
15623,제,NP
15624,가,JKS
15625,6,SN
15626,월,NNBC
15627,달,NNG
15628,에,JKB
15629,엄마,NNG
15630,아빠,NNG
15631,랑,JKB
15632,언니,NNG
15633,랑,JC
15634,경주,NNP
15635,여행,NNG
15636,을,JKO
15637,가,VV
15638,는데요,EC
15639,갈,VX+ETM
15640,곳,NNG
15641,추천,NNG
15642,해,XSV+EC
15643,주,VX
15644,세요,EP+EF
15645,너무,MAG
15646,유명,XR
15647,한,XSA+ETM
15648,곳,NNG
15649,은,JX
15650,아니,VCN
15651,였,EP
15652,음,ETN
15653,하,VV
15654,네요,EF
15655,예,IC
15656,경주,NNP
15657,여행,NNG
15658,을,JKO
15659,계획,NNG
15660,하,XSV
15661,시,EP
15662,는,ETM
15663,것,NNB
15664,같,VA
15665,네요,EF
15666,저,NP
15667,도,JX
15668,여러분,NP
15669,들,XSN
15670,이,JKS
15671,즐길,VV+ETM
15672,수,NNB
15673,있,VV
15674,는,ETM
15675,장소,NNG
15676,와,JC
15677,활동,NNG
15678,을,JKO
15679,추천,NNG
15680,해,XSV+EC
15681,드릴게요,VX+EC
15682,1,SN
15683,경주,NNP
15684,월드컵,NNG
15685,경주,NNP
15686,여행지,NNG
15687,추천,NNG
15688,해,XSV+EC
15689,주,VX
15690,세요,EP+EF
15691,4,SN
15692,월,NNBC
15693,에,JKB
15694,경주,NNP
15695,여행,NNG
15696,계획,NNG
15697,이,JKS
15698,있,VA
15699,어요,EF
15700,3,SN
15701,박,NNBC
15702,일정,NNG
15703,으로,JKB
15704,가,VV
15705,려고,EC
15706,해요,VX+EF
15707,질문,NNG
15708,하,XSV
15709,신,EP+ETM
15710,경주,NNP
15711,여행지,NNG
15712,관련,NNG
15713,답변,NNG
15714,드리,VV
15715,도록,EC
15716,하,VX
15717,겠,EP
15718,습니다,EF
15719,4,SN
15720,월,NNBC
15721,에,JKB
15722,경주,NNP
15723,여행,NNG
15724,을,JKO
15725,가시,VV
15726,나,EC
15727,보,VX
15728,군요,EC
15729,경주,NNP
15730,는,JX
15731,대부분,NNG
15732,평지,NNG
15733,라,VCP+EC
15734,많,VA
15735,으니,EC
15736,경주,NNP
15737,여행지,NNG
15738,알아보,VV
15739,실,EP+ETM
15740,때,NNG
15741,조금,NNG
15742,이,VCP
15743,라도,EC
15744,참고,NNG
15745,되,XSV
15746,셨,EP+EP
15747,으면,EC
15748,경주,NNP
15749,여행,NNG
15750,추천,NNG
15751,좀,MAG
15752,해,VV+EC
15753,주,VX
15754,세요,EP+EF
15755,가,VV
15756,야,EC
15757,하,VV
15758,는,ETM
15759,경주,NNP
15760,여행지,NNG
15761,도,JX
15762,추천,NNG
15763,부탁,NNG
15764,합니다,XSV+EF
15765,경주,NNP
15766,보문,NNG
15767,단지,NNG
15768,내,NNB
15769,에,JKB
15770,위치,NNG
15771,한,XSA+ETM
15772,우양,NNG
15773,미술관,NNG
15774,은,JX
15775,국내,NNG
15776,최초,NNG
15777,경주,NNP
15778,여행,NNG
15779,에서,JKB
15780,꼭,MAG
15781,추천,NNG
15782,드리,VV
15783,고,EC
15784,싶,VX
15785,은,ETM
15786,장소,NNG
15787,는,JX
15788,동궁,NNG
15789,과,JC
15790,월지,NNG
15791,인데요,VCP+EF
15792,신라,NNP
15793,시대,NNG
15794,의,JKG
15795,별,MM
15796,궁터,NNG
15797,였었,VCP+EP
15798,고,EC
15799,왕자,NNG
15800,가,JKS
15801,생활,NNG
15802,하,XSV
15803,는,ETM
15804,장소,NNG
15805,였,VCP+EP
15806,다고,EC
15807,합니다,VX+EC
15808,경주,NNP
15809,여행,NNG
15810,코스,NNG
15811,(,SSO
15812,지도,NNG
15813,),SSC
15814,",",SC
15815,숙소,NNG
15816,2,SN
15817,주,NNBC
15818,후,NNG
15819,에,JKB
15820,여자,NNG
15821,친구,NNG
15822,와,JKB
15823,같이,MAG
15824,경주,NNP
15825,여행,NNG
15826,을,JKO
15827,하,VV
15828,기,ETN
15829,로,JKB
15830,했,VV+EP
15831,어요,EF
15832,차,NNG
15833,를,JKO
15834,가지,VV
15835,고,EC
15836,갈,VX+ETM
15837,예정,NNG
15838,인데요,VCP+EF
15839,경주,NNP
15840,여행,NNG
15841,어떤,MM
15842,식,NNB
15843,으로,JKB
15844,코스,NNG
15845,를,JKO
15846,잡,VV
15847,고,EC
15848,가,VX
15849,는,ETM
15850,것,NNB
15851,이,JKS
15852,좋,VA
15853,을까요,EF
15854,그리고,MAJ
15855,경주,NNP
15856,여행,NNG
15857,코스,NNG
15858,지도,NNG
15859,를,JKO
15860,알아보,VV
15861,고,EC
15862,외,NNB
15863,경주,NNP
15864,여행,NNG
15865,하,XSV
15866,면서,EC
15867,갈,VX+ETM
15868,만,NNB
15869,한,XSA+ETM
15870,곳,NNG
15871,몇,MM
15872,군데,NNBC
15873,도,JX
15874,알려,VV+EC
15875,주,VX
15876,세요,EP+EF
15877,경주,NNP
15878,경주,NNP
15879,여행,NNG
15880,2,SN
15881,박,NNBC
15882,3,SN
15883,일,NNBC
15884,코스,NNG
15885,조언,NNG
15886,부탁,NNG
15887,드립니다,VV+EF
15888,.,SF
15889,저희,NP
15890,가족,NNG
15891,과,JC
15892,저희,NP
15893,부모,NNG
15894,님,XSN
15895,을,JKO
15896,모시,VV
15897,고,EC
15898,경주,NNP
15899,여행,NNG
15900,을,JKO
15901,2,SN
15902,박,NNBC
15903,3,SN
15904,일,NNBC
15905,질문,NNG
15906,하,XSV
15907,신,EP+ETM
15908,경주,NNP
15909,여행,NNG
15910,코스,NNG
15911,관련,NNG
15912,답변,NNG
15913,드리,VV
15914,겠,EP
15915,습니다,EF
15916,가족,NNG
15917,분,NNB
15918,들,XSN
15919,과,JKB
15920,함께,MAG
15921,경주,NNP
15922,여행,NNG
15923,을,JKO
15924,계획,NNG
15925,하,XSV
15926,고,EC
15927,계시,VX
15928,는군요,EC
15929,가족,NNG
15930,3,SN
15931,일,NNBC
15932,경주,NNP
15933,여행,NNG
15934,일정,NNG
15935,을,JKO
15936,준비,NNG
15937,했,XSV+EP
15938,어요,EF
15939,아래,NNG
15940,첨부,NNG
15941,된,XSV+ETM
15942,일정,NNG
15943,을,JKO
15944,참고,NNG
15945,해,XSV+EC
15946,친정,NNG
15947,엄마,NNG
15948,와,JC
15949,2,SN
15950,박,NNBC
15951,3,SN
15952,일,NNBC
15953,경주,NNP
15954,여행,NNG
15955,코스,NNG
15956,요,VCP+EC
15957,7,SN
15958,월,NNBC
15959,10,SN
15960,일,NNBC
15961,70,SN
15962,대,NNBC
15963,초반,NNG
15964,아주,MAG
15965,건강,NNG
15966,한,XSA+ETM
15967,친정,NNG
15968,엄마,NNG
15969,와,JC
15970,둘,NR
15971,이,JKS
15972,경주,NNP
15973,여행,NNG
15974,질문,NNG
15975,하,XSV
15976,신,EP+ETM
15977,경주,NNP
15978,여행,NNG
15979,코스,NNG
15980,관련,NNG
15981,답변,NNG
15982,드리,VV
15983,겠,EP
15984,습니다,EF
15985,부모,NNG
15986,님,XSN
15987,과,JKB
15988,함께,MAG
15989,하,VV
15990,는,ETM
15991,경주,NNP
15992,여행,NNG
15993,을,JKO
15994,계획,NNG
15995,중,NNB
15996,이,VCP
15997,시,EP
15998,군요,EF
15999,숙소,NNG
16000,의,JKG
16001,맞춤,NNG
16002,형,XSN
16003,경주,NNG
16004,여행,NNG
16005,일정,NNG
16006,을,JKO
16007,준비,NNG
16008,했,XSV+EP
16009,어요,EF
16010,아래,NNG
16011,첨부,NNG
16012,된,XSV+ETM
16013,일정,NNG
16014,을,JKO
16015,경주,NNP
16016,여행,NNG
16017,!,SF
16018,!,SY
16019,황리,NNG
16020,단,MM
16021,길,NNG
16022,맛집,NNG
16023,추천,NNG
16024,이번,NNG
16025,주,NNG
16026,에,JKB
16027,경주,NNP
16028,여행,NNG
16029,가,VV
16030,는데,EC
16031,황리,NNG
16032,단,MM
16033,길,NNG
16034,근처,NNG
16035,로,JKB
16036,맛집,NNG
16037,많이,MAG
16038,추천,NNG
16039,해,XSV+EC
16040,주,VX
16041,세요,EP+EF
16042,뚜벅,MAG
16043,이,VCP
16044,라,EC
16045,거리,NNG
16046,멀,VA
16047,면,EC
16048,힘들,VA
16049,어요,EF
16050,경주,NNP
16051,여행,NNG
16052,을,JKO
16053,위한,VV+ETM
16054,황리,NNG
16055,단,MM
16056,길,NNG
16057,맛집,NNG
16058,추천,NNG
16059,과,JC
16060,황리,NNG
16061,단,MM
16062,맛집,NNG
16063,과,JC
16064,경주,NNP
16065,맛집,NNG
16066,은,JX
16067,매일,MAG
16068,많,VA
16069,은,ETM
16070,분,NNB
16071,들,XSN
16072,이,JKS
16073,줄,NNG
16074,을,JKO
16075,오랫동안,NNG
16076,서,VV
16077,서,EC
16078,기다려,VV+EC
16079,먹,VV
16080,는,ETM
16081,곳,NNG
16082,과,JC
16083,배달,NNG
16084,경주,NNP
16085,여행,NNG
16086,(,SSO
16087,숙소,NNG
16088,추천,NNG
16089,),SSC
16090,안녕,NNG
16091,하,XSV
16092,세요,EP+EF
16093,경기도,NNP
16094,권,XSN
16095,에,JKB
16096,사,VV
16097,는,ETM
16098,사람,NNG
16099,입니다,VCP+EF
16100,내년,NNG
16101,1,SN
16102,월,NNBC
16103,중순,NNG
16104,쯤,XSN
16105,경주,NNP
16106,여행,NNG
16107,을,JKO
16108,갈,VV+ETM
16109,예정,NNG
16110,입니다,VCP+EF
16111,인원,NNG
16112,은,JX
16113,엄마,NNG
16114,3,SN
16115,명,NNBC
16116,과,JC
16117,초등,NNG
16118,5,SN
16119,명,NNBC
16120,총,MM
16121,8,SN
16122,명,NNBC
16123,근데,MAJ
16124,추운,VA+ETM
16125,겨울,NNG
16126,걷,VV
16127,는,ETM
16128,건,NNB+JX
16129,비추,NNG
16130,입니다,VCP+EF
16131,가까운,VA+ETM
16132,거리,NNG
16133,도,JX
16134,택시,NNG
16135,타,VV
16136,고,EC
16137,다니,VV
16138,세요,EP+EF
16139,즐거운,VA+ETM
16140,경주,NNP
16141,여행,NNG
16142,되,XSV
16143,시,EP
16144,기,ETN
16145,경주,NNP
16146,여행지,NNG
16147,여자,NNG
16148,친구,NNG
16149,랑,JC
16150,경주,NNP
16151,여행,NNG
16152,갈려고,VV+EC
16153,하,VX
16154,는데요,EF
16155,혹시,MAG
16156,가,VV
16157,볼,EC+VX+ETM
16158,만,NNB
16159,한,XSA+ETM
16160,곳,NNG
16161,이나,JC
16162,경치,NNG
16163,좋,VA
16164,은,ETM
16165,곳,NNB
16166,있,VV
16167,을까요,EC
16168,차,NNG
16169,타,VV
16170,구,EC
16171,이동,NNG
16172,할,XSV+ETM
16173,꺼,NNB+VCP
16174,구요,EF
16175,해,VV+EC
16176,주,VX
16177,셍,NNP
16178,경주,NNP
16179,여행,NNG
16180,을,JKO
16181,계획,NNG
16182,하,XSV
16183,고,EC
16184,계시,VX
16185,는군요,EF
16186,요즘,MAG
16187,경주,NNP
16188,로,JKB
16189,여행,NNG
16190,가시,VV
16191,는,ETM
16192,분,NNB
16193,들,XSN
16194,이,JKS
16195,정말,MAG
16196,많,VA
16197,은데,EC
16198,요,JX
16199,그만큼,MAG
16200,경주,NNP
16201,여행,NNG
16202,감성,NNG
16203,독,NNG
16204,채,MAG
16205,자,IC
16206,쿠지,NNP
16207,숙소,NNG
16208,추천,NNG
16209,부탁,NNG
16210,드립니다,VV+EF
16211,.,SF
16212,3,SN
16213,월,NNBC
16214,마지막,NNG
16215,주,NNG
16216,에,JKB
16217,경주,NNP
16218,여행,NNG
16219,을,JKO
16220,계획,NNG
16221,하,XSV
16222,고,EC
16223,있,VX
16224,습니다,EF
16225,어른,NNG
16226,5,SN
16227,명,NNBC
16228,4,SN
16229,세,NNBC
16230,아이,NNG
16231,가능,NNG
16232,한,XSA+ETM
16233,독채,NNG
16234,자,NNG
16235,쿠지,NNP
16236,숙소,NNG
16237,괜찮,VA
16238,은,ETM
16239,곳,NNB
16240,있,VV
16241,으면,EC
16242,추천,NNG
16243,휴식,NNG
16244,을,JKO
16245,취하,VV
16246,고자,EC
16247,하,VV
16248,는,ETM
16249,분,NNB
16250,들,XSN
16251,께,JKB
16252,최적,NNG
16253,의,JKG
16254,선택,NNG
16255,입니다,VCP+EF
16256,즐거운,VA+ETM
16257,경주,NNP
16258,여행,NNG
16259,되,XSV
16260,시,EP
16261,길,ETN+JKO
16262,바랍니다,VV+EF
16263,http,SL
16264,itta,SL
16265,stay,SL
16266,kr,SL
16267,html,SL
16268,index,SL
16269,html,SL
16270,11,SN
16271,월,NNBC
16272,말,NNB
16273,경주,NNP
16274,여행,NNG
16275,11,SN
16276,월,NNBC
16277,말,NNB
16278,에,JKB
16279,1,SN
16280,박,NNBC
16281,2,SN
16282,일,NNBC
16283,로,JKB
16284,4,SN
16285,명,NNBC
16286,경주,NNP
16287,여행,NNG
16288,갈,VV+ETM
16289,건데,NNB+VCP+EC
16290,코스,NNG
16291,추천,NNG
16292,부탁,NNG
16293,드립니다,VV+EC
16294,경주,NNP
16295,에,JKB
16296,놀,VV
16297,러,EC
16298,오,VX
16299,시,EP
16300,는,ETM
16301,군요,NNG
16302,1,SN
16303,박,NNBC
16304,2,SN
16305,일,NNBC
16306,코스,NNG
16307,에다가,JKB
16308,11,SN
16309,월,NNBC
16310,그래도,MAJ
16311,패딩,NNG
16312,느낌,NNG
16313,은,JX
16314,아니,VCN
16315,고,EC
16316,두꺼운,VA+ETM
16317,코트,NNG
16318,나,JC
16319,경량,NNG
16320,패딩,NNG
16321,정도,NNG
16322,입,VV
16323,고,EC
16324,오,VX
16325,시,EP
16326,기,ETN
16327,를,JKO
16328,추천,NNG
16329,드려요,VV+EC
16330,즐거운,VA+ETM
16331,경주,NNP
16332,여행,NNG
16333,되,XSV
16334,세요,EP+EF
16335,경주,NNP
16336,여행,NNG
16337,추천,NNG
16338,부탁,NNG
16339,드려요,VV+EC
16340,~^^,SY
16341,경주,NNP
16342,여행,NNG
16343,을,JKO
16344,다녀오,VV
16345,고,EC
16346,싶,VX
16347,은데,EC
16348,기본,NNG
16349,적,XSN
16350,으로,JKB
16351,가,VV
16352,볼,EC+VX+ETM
16353,만,NNB
16354,한,XSA+ETM
16355,곳,NNG
16356,들,XSN
16357,말,VV
16358,고,EC
16359,특별히,MAG
16360,가,VV+EC
16361,보,VX
16362,면,EC
16363,좋,VA
16364,을,ETM
16365,곳,NNG
16366,이,JKS
16367,있,VV
16368,을까요,EC
16369,맛집,NNG
16370,이나,JC
16371,문,NNG
16372,의,JKG
16373,주신,NNG
16374,경주,NNP
16375,가,VV
16376,볼,EC+VX+ETM
16377,만,NNB
16378,한,XSA+ETM
16379,곳,NNG
16380,추천,NNG
16381,드릴게요,VV+EC
16382,즐거운,VA+ETM
16383,경주,NNP
16384,여행,NNG
16385,되,XSV
16386,셨,EP+EP
16387,으면,EC
16388,좋,VA
16389,겠,EP
16390,어요,EF
16391,경북,NNP
16392,경주,NNP
16393,가,VV
16394,볼,EC+VX+ETM
16395,만,NNB
16396,한,XSA+ETM
16397,곳,NNG
16398,1,SN
16399,2,SN
16400,박,NNBC
16401,3,SN
16402,일,NNBC
16403,경주,NNP
16404,여행,NNG
16405,코스,NNG
16406,추천,NNG
16407,이,VCP
16408,요,EF
16409,!,SF
16410,요번,NNG
16411,에,JKB
16412,는,JX
16413,색다른,VA+ETM
16414,주제,NNG
16415,로,JKB
16416,경주,NNP
16417,여행,NNG
16418,을,JKO
16419,하,VV
16420,고,EC
16421,싶,VX
16422,어요,EF
16423,문화재,NNG
16424,위주,NNG
16425,가,JKC
16426,아닌,VCN+ETM
16427,다른,MM
16428,위주,NNG
16429,로,JKB
16430,갈만,NNG
16431,한,XSA+ETM
16432,곳,NNG
16433,추천,NNG
16434,해,XSV+EC
16435,주,VX
16436,세요,EP+EF
16437,야경,NNG
16438,2,SN
16439,박,NNBC
16440,3,SN
16441,일,NNBC
16442,경주,NNP
16443,여행,NNG
16444,코스,NNG
16445,추천,NNG
16446,이,VCP
16447,요,EC
16448,답변,NNG
16449,드릴게요,VV+EC
16450,안녕,NNG
16451,하,XSV
16452,세요,EP+EF
16453,저,NP
16454,도,JX
16455,저번,NNG
16456,주,NNG
16457,에,JKB
16458,경주,NNP
16459,여행,NNG
16460,갔,VV+EP
16461,던,ETM
16462,사람,NNG
16463,입니다,VCP+EF
16464,경주,NNP
16465,여행,NNG
16466,이,JKS
16467,[,SSO
16468,추천,NNG
16469,해,XSV+EC
16470,주,VX
16471,세요,EP+EF+VCP
16472,],SSC
16473,경주,NNP
16474,여행,NNG
16475,추천,NNG
16476,해,XSV+EC
16477,주,VX
16478,세요,EP+EF
16479,경주,NNP
16480,여행,NNG
16481,안녕,NNG
16482,하,XSV
16483,세요,EP+EF
16484,무,XPN
16485,계획,NNG
16486,이,MM
16487,루트,NNG
16488,로,JKB
16489,이,MM
16490,용시,NNG
16491,실패,NNG
16492,없,VA
16493,는,ETM
16494,경주,NNP
16495,여행,NNG
16496,소개,NNG
16497,해,XSV+EC
16498,드릴까,VX+EC
16499,합니다,VX+EF
16500,한번,MAG
16501,보,VV
16502,시,EP
16503,고,EC
16504,마음,NNG
16505,에,JKB
16506,드신,VV+EP+ETM
16507,다면,NNG
16508,채택,NNG
16509,부탁,NNG
16510,드립니다,VV+EC
16511,캐리,NNP
16512,어사이즈,NNP
16513,추천,NNP
16514,(,SSO
16515,경주,NNP
16516,여행,NNG
16517,),SSC
16518,이번,NNG
16519,에,JKB
16520,아버지,NNG
16521,랑,JKB
16522,2,SN
16523,박,NNBC
16524,3,SN
16525,일,NNBC
16526,로,JKB
16527,경주,NNP
16528,여행,NNG
16529,을,JKO
16530,가,VV
16531,기,ETN
16532,로,JKB
16533,했,VV+EP
16534,습니다,EF
16535,캐리어,NNG
16536,가,JKS
16537,없,VA
16538,어,EC
16539,이,MM
16540,참,NNB
16541,에,JKB
16542,겸사겸사,MAG
16543,로,JKB
16544,하나,NR
16545,살까,VV+EC
16546,합니다,VX+EF
16547,캐리,NNP
16548,어사이즈,NNP
16549,추천,NNG
16550,부탁,NNG
16551,드립니다,VV+EC
16552,경주,NNP
16553,여행,NNG
16554,에,JKB
16555,20,SN
16556,인치,NNBC
16557,캐리어,NNG
16558,를,JKO
16559,추천,NNG
16560,합니다,XSV+EF
16561,매일,NNG
16562,이,JKS
16563,즐거우,VV
16564,셨,EP+EP
16565,으면,EC
16566,좋,VA
16567,겠,EP
16568,습니당,EF
16569,경주,NNP
16570,여행,NNG
16571,!,SF
16572,!,SY
16573,경주,NNP
16574,여행,NNG
16575,을,JKO
16576,가,VV
16577,려고,EC
16578,하,VV
16579,는데,EC
16580,혹시,MAG
16581,경주,NNP
16582,에,JKB
16583,폴라로이드,NNG
16584,카메라,NNG
16585,대여,NNG
16586,할,XSV+ETM
16587,수,NNB
16588,있,VV
16589,는,ETM
16590,곳,NNG
16591,이나,JX
16592,싸,VA
16593,게,EC
16594,구매,NNG
16595,하,XSV
16596,는,ETM
16597,할,VV+ETM
16598,수,NNB
16599,있,VV
16600,는,ETM
16601,곳,NNB
16602,그리고,MAJ
16603,경주,NNP
16604,여행,NNG
16605,온다고,VV+EC
16606,하,VX
16607,시,EP
16608,니,EC
16609,숙소,NNG
16610,가,JKS
16611,제일,MAG
16612,중요,NNG
16613,하,XSV
16614,잖아요,EC+VX+EF
16615,그래서,MAJ
16616,저희,NP
16617,오푸스,NNG
16618,11,SN
16619,풀,NNG
16620,빌라,NNG
16621,펜션,NNG
16622,을,JKO
16623,추천,NNG
16624,해,XSV+EC
16625,드리,VX
16626,려고,EC
16627,경주,NNP
16628,여행,NNG
16629,렌터카,NNG
16630,문,NNG
16631,의,JKG
16632,경주,NNG
16633,여행,NNG
16634,을,JKO
16635,가,VV
16636,려고,EC
16637,합니다,VX+EF
16638,우선,MAG
16639,숙소,NNG
16640,는,JX
16641,터미널,NNG
16642,주요,NNG
16643,관광지,NNG
16644,를,JKO
16645,도보,NNG
16646,5,SN
16647,10,SN
16648,분,NNBC
16649,경주,NNP
16650,여행,NNG
16651,관광지,NNG
16652,추천,NNG
16653,해,XSV+EC
16654,드리,VX
16655,겠,EP
16656,습니다,EF
16657,말씀,NNG
16658,하,XSV
16659,신,EP+ETM
16660,터미널,NNG
16661,에서,JKB
16662,주요,NNG
16663,관광지,NNG
16664,는,JX
16665,경주,NNP
16666,여행,NNG
16667,은,JX
16668,황리,NNG
16669,단,MM
16670,길,NNG
16671,에서,JKB
16672,시작,NNG
16673,한다고,XSV+EC
16674,보,VX
16675,시,EP
16676,면,EC
16677,됩니다,VV+EF
16678,황리,NNG
16679,단,MM
16680,길,NNG
16681,을,JKO
16682,시작,NNG
16683,으로,JKB
16684,2,SN
16685,박,NNBC
16686,3,SN
16687,일,NNBC
16688,경주,NNP
16689,여행,NNG
16690,코스,NNG
16691,추천,NNG
16692,이,VCP
16693,요,EF
16694,!,SF
16695,요번,NNG
16696,에,JKB
16697,는,JX
16698,색다른,VA+ETM
16699,주제,NNG
16700,로,JKB
16701,경주,NNP
16702,여행,NNG
16703,을,JKO
16704,하,VV
16705,고,EC
16706,싶,VX
16707,어요,EF
16708,2,SN
16709,박,NNBC
16710,3,SN
16711,일,NNBC
16712,경주,NNP
16713,여행,NNG
16714,코스,NNG
16715,추천,NNG
16716,입니다,VCP+EF
16717,안녕,IC
16718,하,VV
16719,세요,EP+EF
16720,2,SN
16721,코스,NNG
16722,경주,NNP
16723,남산,NNP
16724,정복,NNG
16725,하,XSV
16726,기,ETN
16727,경주,NNG
16728,여행,NNG
16729,코스,NNG
16730,중,NNB
16731,에서,JKB
16732,많,VA
16733,은,ETM
16734,4,SN
16735,코스,NNG
16736,불국사,NNG
16737,와,JC
16738,석굴암,NNG
16739,관람,NNG
16740,하,XSV
16741,기,ETN
16742,경주,NNG
16743,여행,NNG
16744,의,JKG
16745,랜드마크,NNP
16746,죠,VCP+EC
16747,경주,NNP
16748,여행,NNG
16749,(,SSO
16750,내공,NNP
16751,100,SN
16752,),SSC
16753,경주,NNP
16754,여행,NNG
16755,당일치기,NNG
16756,로,JKB
16757,일찍,MAG
16758,아침,NNG
16759,에,JKB
16760,거,VV
16761,고,EC
16762,저녁,NNG
16763,늦,VA
16764,은,ETM
16765,시간,NNG
16766,에,JKB
16767,갈려는,VV+ETM
16768,데,NNB
16769,꼭,MAG
16770,가,VV
16771,야,EC
16772,되,VV
16773,는,ETM
16774,곳,NNG
16775,이랑,JC
16776,반려,NNG
16777,건,VCP+EC
16778,동반,NNG
16779,입장,NNG
16780,이,JKS
16781,되,VV
16782,는지,EC
16783,궁금,XR
16784,합니다,XSA+EF
16785,반려,NNG
16786,견,NNG
16787,동반,NNG
16788,경주,NNP
16789,여행지,NNG
16790,추천,NNG
16791,해,XSV+EC
16792,드려요,VV+EC
16793,경주,NNP
16794,여행,NNG
16795,렌트,NNG
16796,렌트,NNG
16797,해서,XSV+EC
16798,경주,NNP
16799,여행,NNG
16800,할려,XSV+EC
16801,하,VV
16802,는데,EC
16803,경주,NNP
16804,도,JX
16805,부산,NNP
16806,처럼,JKB
16807,운전,NNG
16808,하,XSV
16809,는,ETM
16810,거,NNB
16811,많이,MAG
16812,빡센,VA+ETM
16813,가여,NNG
16814,부산,NNP
16815,에,JKB
16816,살,VV
16817,고,EC
16818,있,VX
16819,다,EC
16820,보,VX
16821,니,EC
16822,종종,MAG
16823,경주,NNP
16824,여행,NNG
16825,을,JKO
16826,가,VV
16827,는데,EC
16828,일단,MAG
16829,차,NNG
16830,가,JKS
16831,많이,MAG
16832,몰리,VV
16833,는,ETM
16834,곳,NNG
16835,은,JX
16836,황리,NNG
16837,단,MM
16838,길,NNG
16839,첨성대,NNG
16840,인근,NNG
16841,대릉원,NNG
16842,인근,NNG
16843,경주,NNP
16844,시내,NNG
16845,정도,NNG
16846,입니다,VCP+EF
16847,여기,NP
16848,외,NNB
16849,에,JKB
16850,는,JX
16851,운전,NNG
16852,하,XSV
16853,는데,EC
16854,주말,NNG
16855,1,SN
16856,박,NNBC
16857,2,SN
16858,일,NNBC
16859,경주,NNP
16860,여행,NNG
16861,코스,NNG
16862,문,NNG
16863,의,JKG
16864,드립니다,VV+EF
16865,.,SF
16866,엄마,NNG
16867,아빠,NNG
16868,랑,JKB
16869,같이,MAG
16870,갈,VV+ETM
16871,건데요,NNB+VCP+EF
16872,전,MM
16873,경주로,NNG
16874,수학여행,NNG
16875,다녀온,VV+ETM
16876,지,NNB
16877,너무,MAG
16878,오래,MAG
16879,됐,VV+EP
16880,고,EC
16881,엄마,NNG
16882,아빠,NNG
16883,는,JX
16884,경주,NNP
16885,여행,NNG
16886,이,JKS
16887,처음,NNG
16888,이,VCP
16889,라서요,EF
16890,그리고,MAJ
16891,경주,NNP
16892,맛집,NNG
16893,있,VV
16894,으면,EC
16895,추도,NNG
16896,부탁,NNG
16897,드려,VV+EF
16898,용,XSN
16899,주말,NNG
16900,1,SN
16901,박,NNBC
16902,2,SN
16903,일,NNBC
16904,경주,NNP
16905,여행,NNG
16906,코스,NNG
16907,문,NNG
16908,의,JKG
16909,드립니다,VV+EC
16910,답변,NNG
16911,드릴게요,VV+EC
16912,경주,NNP
16913,는,JX
16914,경주,NNP
16915,여행,NNG
16916,숙소,NNG
16917,11,SN
16918,월,NNBC
16919,20,SN
16920,일,NNBC
16921,토요일,NNG
16922,경주,NNP
16923,여행,NNG
16924,을,JKO
16925,가,VV
16926,려고,EC
16927,하,VV
16928,는데,EC
16929,숙소,NNG
16930,정하,VV
16931,기,ETN
16932,가,JKS
16933,힘드,VA
16934,네요,EC
16935,5,SN
16936,인,NNG
16937,2021,SN
16938,낭,NNG
16939,만,JX
16940,있,VX
16941,는,ETM
16942,가을,NNG
16943,에,JKB
16944,경주,NNP
16945,여행,NNG
16946,즐기,VV
16947,고,EC
16948,싶,VX
16949,다면,EC
16950,경주,NNP
16951,신상,NNG
16952,풀,NNG
16953,빌,VV
16954,라,EC
16955,오,VX
16956,세요,EP+EF
16957,수,NNB
16958,있,VV
16959,어요,EF
16960,경주,NNP
16961,펜션,NNG
16962,경주,NNP
16963,풀,NNG
16964,빌라,NNP
16965,경주,NNP
16966,숙소,NNG
16967,경주,NNP
16968,신축,NNG
16969,펜션,NNG
16970,경주,NNP
16971,가,JKS
16972,볼,VV+ETM
16973,만,NNB
16974,한,XSA+ETM
16975,곳,NNB
16976,경주,NNP
16977,여행,NNG
16978,경주,NNP
16979,여행,NNG
16980,택시,NNG
16981,투어,NNG
16982,와,JC
16983,렌트카,NNG
16984,이용,NNG
16985,12,SN
16986,월,NNBC
16987,에,JKB
16988,1,SN
16989,박,NNBC
16990,2,SN
16991,일,NNBC
16992,지인,NNG
16993,들,XSN
16994,과,JC
16995,경주,NNP
16996,여행,NNG
16997,가,VV
16998,기,ETN
16999,로,JKB
17000,했,VV+EP
17001,는데,EC
17002,질문,NNG
17003,하,XSV
17004,신,EP+ETM
17005,경주,NNP
17006,여행,NNG
17007,택시,NNG
17008,투어,NNG
17009,와,JC
17010,관련,NNG
17011,하,XSA
17012,여,EC
17013,답변,NNG
17014,드리,VV
17015,겠,EP
17016,습니다,EF
17017,음,IC
17018,경주,NNP
17019,택시,NNG
17020,투어,NNG
17021,도,JX
17022,경주,NNP
17023,여행,NNG
17024,시,NNB
17025,편안,NNG
17026,하,XSA
17027,게,EC
17028,최근,NNG
17029,들,XSN
17030,어,IC
17031,경주,NNP
17032,여행,NNG
17033,시,NNB
17034,많,VA
17035,은,ETM
17036,분,NNB
17037,들,XSN
17038,이,JKS
17039,택시,NNG
17040,투어,NNG
17041,를,JKO
17042,이용,NNG
17043,하,XSV
17044,시,EP
17045,는데요,EC
17046,1,SN
17047,박,NNBC
17048,2,SN
17049,일,NNBC
17050,로,JKB
17051,경주,NNP
17052,여행,NNG
17053,을,JKO
17054,갑니다,VV+EC
17055,1,SN
17056,박,NNBC
17057,2,SN
17058,일,NNBC
17059,로,JKB
17060,경주,NNP
17061,여행,NNG
17062,을,JKO
17063,갑니다,VV+EC
17064,천군동,NNP
17065,에,JKB
17066,위치,NNG
17067,한,XSA+ETM
17068,풀,NNG
17069,빌라,NNG
17070,3,SN
17071,시,NNBC
17072,입실,NNG
17073,인데,VCP+EC
17074,경주,NNP
17075,12,SN
17076,시,NNBC
17077,도착,NNG
17078,예정,NNG
17079,이,VCP
17080,라서,EC
17081,그동안,NNG
17082,안녕,NNG
17083,하,XSV
17084,세요,EP+EF
17085,무,XPN
17086,계획,NNG
17087,없이,MAG
17088,이,MM
17089,루트,NNG
17090,로,JKB
17091,가,VV
17092,면,EC
17093,실패,NNG
17094,가,JKS
17095,없,VA
17096,는,ETM
17097,경주,NNP
17098,여행,NNG
17099,소개,NNG
17100,해,XSV+EC
17101,볼까,VX+EC
17102,합니다,VX+EF
17103,한번,MAG
17104,보,VV
17105,시,EP
17106,고,EC
17107,마음,NNG
17108,에,JKB
17109,드,VV
17110,신다면,EP+EC
17111,경주,NNP
17112,여행,NNG
17113,에,JKB
17114,빠질,VV+ETM
17115,수,NNB
17116,없,VA
17117,는,ETM
17118,빵집,NNG
17119,?,SF
17120,경주,NNP
17121,여행,NNG
17122,에,JKB
17123,빠질,VV+ETM
17124,수,NNB
17125,없,VA
17126,는,ETM
17127,빵집,NNG
17128,알려,VV+EC
17129,주,VX
17130,세요,EP+EF
17131,주말,NNG
17132,에,JKB
17133,남편,NNG
17134,과,JC
17135,경주,NNP
17136,여행,NNG
17137,갑니다,VV+EC
17138,제,NP
17139,가,JKS
17140,빵,NNG
17141,을,JKO
17142,너무,MAG
17143,좋,VA
17144,아,EC
17145,하,VV
17146,는데,EC
17147,경주,NNP
17148,여행,NNG
17149,에서,NNG
17150,만,JX
17151,먹,VV
17152,을,ETM
17153,수,NNB
17154,있,VV
17155,는,ETM
17156,빵집,NNG
17157,어딘가요,NP+VCP+EF
17158,경주,NNP
17159,여행,NNG
17160,하,XSV
17161,기,ETN
17162,좋,VA
17163,은,ETM
17164,계절,NNG
17165,입니다,VCP+EF
17166,저,NP
17167,도,JX
17168,늘,MAG
17169,이맘때,NNG
17170,아이,NNG
17171,들,XSN
17172,과,JC
17173,경주,NNP
17174,에,JKB
17175,가,VV
17176,거든요,EF
17177,경주,NNP
17178,여행,NNG
17179,코스,NNG
17180,동선,NNG
17181,어떻게,MAG
17182,짜,VV
17183,야,EC
17184,될까요,VV+EF
17185,?,SF
17186,자차,NNG
17187,이용,NNG
17188,해서,XSV+EC
17189,1,SN
17190,박,NNBC
17191,2,SN
17192,일,NNBC
17193,로,JKB
17194,경주,NNP
17195,여행,NNG
17196,을,JKO
17197,가,VV
17198,려고,EC
17199,합니다,VX+EF
17200,경주,NNP
17201,여행,NNG
17202,코스,NNG
17203,동선,NNG
17204,어떻게,MAG
17205,짜,VV
17206,야,EC
17207,될까요,VV+EC
17208,이,MM
17209,문제,NNG
17210,에,JKB
17211,대한,VV+ETM
17212,해결책,NNG
17213,을,JKO
17214,제시,NNG
17215,해,XSV+EC
17216,드리,VX
17217,도록,EC
17218,하,VX
17219,겠,EP
17220,습니다,EF
17221,Step,SL
17222,1,SN
17223,경주,NNP
17224,여행,NNG
17225,이처럼,MAG
17226,경주,NNP
17227,여행,NNG
17228,코스,NNG
17229,동선,NNG
17230,을,JKO
17231,메인,VV+ETM
17232,으로,JKB
17233,잡,VV
17234,은,ETM
17235,장소,NNG
17236,와,JC
17237,그,NP
17238,와,JKB
17239,경주,NNP
17240,여행,NNG
17241,추천,NNG
17242,중학,NNG
17243,생,XSN
17244,이,VCP
17245,고,EC
17246,친구,NNG
17247,랑,JKB
17248,당일치기,NNG
17249,로,JKB
17250,경주,NNP
17251,여행,NNG
17252,을,JKO
17253,할려고,VV+EC
17254,하,VV
17255,는데,EC
17256,가,VX
17257,볼,EC+VX+ETM
17258,만,NNB
17259,한,XSA+ETM
17260,곳,NNB
17261,제,NP
17262,가,JKS
17263,저번,NNG
17264,에,JKB
17265,다녀온,VV+ETM
17266,경주,NNP
17267,여행,NNG
17268,코스,NNG
17269,를,JKO
17270,같이,MAG
17271,추천,NNG
17272,드릴,VV+ETM
17273,테,NNB+VCP
17274,니,EC
17275,참고,NNG
17276,용,XSN
17277,으로,JKB
17278,tistory,SL
17279,com,SL
17280,46,SN
17281,제,NP+JKG
17282,글,NNG
17283,이,JKS
17284,도움,NNG
17285,이,JKS
17286,되,VV
17287,서,EC
17288,즐거운,VA+ETM
17289,경주,NNP
17290,여행,NNG
17291,보내,VV
17292,시,EP
17293,면,EC
17294,좋,VA
17295,겠,EP
17296,네요,EC
17297,1,SN
17298,박,NNBC
17299,2,SN
17300,일,NNBC
17301,어르신,NNG
17302,들,XSN
17303,과,JKB
17304,함께,MAG
17305,경주,NNP
17306,여행,NNG
17307,~,SY
17308,숙소,NNG
17309,와,JC
17310,.,SF
17311,..,SY
17312,1,SN
17313,박,NNBC
17314,2,SN
17315,일,NNBC
17316,어르신,NNG
17317,들,XSN
17318,경주,NNP
17319,여행,NNG
17320,추천,NNG
17321,해,XSV+EC
17322,주,VX
17323,세요,EP+EF
17324,인원,NNG
17325,20,SN
17326,25,SN
17327,명,NNBC
17328,숙소,NNG
17329,는,JX
17330,식사,NNG
17331,가,JKS
17332,함께,MAG
17333,경주,NNP
17334,여행,NNG
17335,추천,NNG
17336,안녕,NNG
17337,하,XSV
17338,세요,EP+EF
17339,경주,NNP
17340,여행,NNG
17341,에,JKB
17342,관심,NNG
17343,이,JKS
17344,있,VV
17345,으신,EP+ETM
17346,것,NNB
17347,같,VA
17348,아서,EC
17349,저희,NP
17350,가,JKS
17351,함께,MAG
17352,하,VV
17353,는,ETM
17354,경주,NNP
17355,여행,NNG
17356,에서,JKB
17357,는,JX
17358,역사,NNG
17359,와,JC
17360,문화,NNG
17361,를,JKO
17362,경험,NNG
17363,할,XSV+ETM
17364,수,NNB
17365,있,VV
17366,는,ETM
17367,명소,NNG
17368,를,JKO
17369,추천,NNG
17370,합니다,XSV+EC
17371,경주,NNP
17372,여행,NNG
17373,용,XSN
17374,황,NNG
17375,이,JKS
17376,무엇,NP
17377,인가요,VCP+EF
17378,?,SF
17379,안녕,IC
17380,하,VV
17381,세요,EP+EF
17382,경주,NNP
17383,여행,NNG
17384,하,XSV
17385,려고,EC
17386,알아보,VV
17387,고,EC
17388,있,VX
17389,습니다,EF
17390,알아보,VV
17391,던,ETM
17392,중,NNB
17393,황리,NNG
17394,단,MM
17395,길,NNG
17396,과,JC
17397,용,NNG
17398,황동,NNG
17399,용,XSN
17400,황지,NNG
17401,구,VCP+EC
17402,이렇게,MAG
17403,알,VV
17404,게,EC
17405,되,VV
17406,었,EP
17407,는데,EC
17408,지역민,NNG
17409,은,JX
17410,용,NNG
17411,황,NNG
17412,쪽,NNB
17413,에서,JKB
17414,자주,MAG
17415,놀,VV
17416,고,EC
17417,관광객,NNG
17418,들,XSN
17419,은,JX
17420,황리,NNG
17421,단,MM
17422,길,NNG
17423,에서,JKB
17424,논다는,VV+ETM
17425,말,NNG
17426,이,JKS
17427,있,VV
17428,더라고요,EC
17429,용,NNG
17430,황동,NNG
17431,이,VCP
17432,라는,ETM
17433,곳,NNG
17434,은,JX
17435,아예,MAG
17436,없,VA
17437,던데,EC
17438,경주,NNP
17439,여행,NNG
17440,돌아볼,VV+ETM
17441,곳,NNB
17442,경주,NNP
17443,여행,NNG
17444,코스,NNG
17445,알아보,VV
17446,고,EC
17447,있,VX
17448,는데,EC
17449,마땅히,MAG
17450,갈만,NNG
17451,한,XSA+ETM
17452,곳,NNB
17453,있,VA
17454,을까,EF
17455,영,MAG
17456,안녕,NNG
17457,하,XSV
17458,세요,EP+EF
17459,취향,NNG
17460,대로,JKB
17461,머물,VV
17462,다,EC
17463,여기,VV
17464,어,EC
17465,때,NNG
17466,입니다,VCP+EF
17467,질문,NNG
17468,하,XSV
17469,신,EP+ETM
17470,경주,NNP
17471,여행,NNG
17472,관련,NNG
17473,답변,NNG
17474,드리,VV
17475,도록,EC
17476,하,VX
17477,겠,EP
17478,습니다,EF
17479,경주,NNP
17480,여행,NNG
17481,을,JKO
17482,하,VV
17483,시,EP
17484,나,EC
17485,봅니다,VX+EC
17486,갈,VX+ETM
17487,만,NNB
17488,한,XSA+ETM
17489,곳,NNG
17490,몇,MM
17491,가지,NNBC
17492,알려,VV+EC
17493,드리,VX
17494,도록,EC
17495,할머니,NNG
17496,랑,JKB
17497,12,SN
17498,월,NNBC
17499,경주,NNP
17500,여행,NNG
17501,할머니,NNG
17502,랑,JKB
17503,1,SN
17504,박,NNBC
17505,2,SN
17506,일,NNBC
17507,로,JKB
17508,경주,NNP
17509,여행,NNG
17510,갈려고,VV+EC
17511,하,VV
17512,는데,EC
17513,코스,NNG
17514,를,JKO
17515,어떻게,MAG
17516,짜,VV
17517,면,EC
17518,좋,VA
17519,을까요,EC
17520,질문,NNG
17521,하,XSV
17522,신,EP+ETM
17523,경주,NNP
17524,여행,NNG
17525,과,JC
17526,관련,NNG
17527,하,XSA
17528,여,EC
17529,답변,NNG
17530,드리,VV
17531,겠,EP
17532,습니다,EF
17533,할머니,NNG
17534,랑,JKB
17535,여행,NNG
17536,을,JKO
17537,요즘,NNG
17538,에,JKB
17539,는,JX
17540,경주,NNP
17541,택시,NNG
17542,투어,NNG
17543,를,JKO
17544,통해,VV+EC
17545,보다,MAG
17546,편안,NNG
17547,하,XSA
17548,게,EC
17549,경주,NNP
17550,여행,NNG
17551,을,JKO
17552,즐겨,VV+EC
17553,보,VX
17554,실,EP+ETM
17555,수,NNB
17556,경주,NNP
17557,여행,NNG
17558,1,SN
17559,박,NNBC
17560,2,SN
17561,일,NNBC
17562,알찬,VA+ETM
17563,코스,NNG
17564,로,JKB
17565,추천,NNG
17566,해,XSV+EC
17567,주,VX
17568,세요,EP+EF
17569,^^,SY
17570,경주,NNP
17571,여행,NNG
17572,1,SN
17573,박,NNBC
17574,2,SN
17575,일,NNBC
17576,알찬,VA+ETM
17577,코스,NNG
17578,로,JKB
17579,추천,NNG
17580,해,XSV+EC
17581,주,VX
17582,세요,EP+EF
17583,1,SN
17584,박,NNBC
17585,이,VCP
17586,라,EC
17587,짧,VA
17588,지만,EC
17589,질문,NNG
17590,하,XSV
17591,신,EP+ETM
17592,경주,NNP
17593,여행,NNG
17594,관련,NNG
17595,답변,NNG
17596,드리,VV
17597,도록,EC
17598,하,VX
17599,겠,EP
17600,습니다,EF
17601,1,SN
17602,박,NNBC
17603,2,SN
17604,일,NNBC
17605,경주,NNP
17606,여행,NNG
17607,을,JKO
17608,다녀오,VV
17609,실,EP+ETM
17610,예정,NNG
17611,이,VCP
17612,시,EP
17613,군요,EC
17614,가,VX
17615,볼,EC+VX+ETM
17616,만,NNB
17617,한,XSA+ETM
17618,곳,NNG
17619,들,XSN
17620,좋,VA
17621,으니,EC
17622,경주,NNP
17623,여행,NNG
17624,하,XSV
17625,시,EP
17626,는데,EC
17627,참고,NNG
17628,하,XSV
17629,시,EP
17630,기,ETN
17631,바랍니다,VV+EF
17632,도움,NNG
17633,이,JKS
17634,사월,NNG
17635,말,NNG
17636,에,JKB
17637,가족,NNG
17638,들,XSN
17639,과,JC
17640,경주,NNP
17641,여행,NNG
17642,계획,NNG
17643,중,NNB
17644,인데,VCP+EC
17645,사월,NNG
17646,말,NNG
17647,에,JKB
17648,가족,NNG
17649,들,XSN
17650,과,JC
17651,경주,NNP
17652,여행,NNG
17653,계획,NNG
17654,중,NNB
17655,인데,VCP+EC
17656,경주,NNP
17657,는,JX
17658,처음,MAG
17659,가,VV
17660,는,ETM
17661,곳,NNG
17662,이,JKS
17663,업,VV
17664,네요,EC
17665,가족,NNG
17666,들,XSN
17667,과,JKB
17668,가,VV
17669,볼,EC+VX+ETM
17670,만,NNB
17671,한,XSA+ETM
17672,곳,NNB
17673,즘,MAJ
17674,소개,NNG
17675,해,XSV+EC
17676,주,VX
17677,세요,EP+EF
17678,경경,NNG
17679,주,VV
17680,는,ETM
17681,가족,NNG
17682,과,JKB
17683,함께,MAG
17684,경주,NNP
17685,여행,NNG
17686,계획,NNG
17687,하,XSV
17688,고,EC
17689,계시,VX
17690,군요,EC
17691,한화,NNG
17692,리조트,NNG
17693,경주,NNP
17694,내,NNB
17695,에서,JKB
17696,도,JX
17697,즐거운,VA+ETM
17698,경주,NNP
17699,여행,NNG
17700,의,JKG
17701,추억,NNG
17702,을,JKO
17703,만드실,VV+EP+ETM
17704,수,NNB
17705,경주,NNP
17706,여행,NNG
17707,지금,MAG
17708,경주,NNP
17709,여행,NNG
17710,3,SN
17711,가지,NNBC
17712,만,JX
17713,답,NNG
17714,해,XSV+EC
17715,주,VX
17716,세요,EP+EF
17717,1,SN
17718,지금,MAG
17719,경주,NNP
17720,여행,NNG
17721,가,VV
17722,면,EC
17723,많이,MAG
17724,더,MAG
17725,울,VV
17726,까요,EF
17727,2,SN
17728,쪄죽,VV
17729,을,ETM
17730,정도,NNG
17731,로,JKB
17732,못,MAG
17733,돌아다니,VV
17734,나요,EC
17735,3,SN
17736,고속버스,NNG
17737,타,VV
17738,고,EC
17739,1,SN
17740,지금,MAG
17741,경주,NNP
17742,여행,NNG
17743,가,VV
17744,면,EC
17745,많이,MAG
17746,더,MAG
17747,울,VV
17748,까요,EF
17749,가장,MAG
17750,더운,VA+ETM
17751,시기,NNG
17752,입니다,VCP+EF
17753,낮,NNG
17754,에,JKB
17755,30,SN
17756,도,NNBC
17757,가,JKC
17758,넘,VV
17759,고,EC
17760,34,SN
17761,도,NNBC
17762,까지,JX
17763,갈,VV+ETM
17764,수,NNB
17765,도,JX
17766,있,VA
17767,습니다,EF
17768,2,SN
17769,경주,NNP
17770,여행,NNG
17771,3,SN
17772,박,NNBC
17773,4,SN
17774,일,NNBC
17775,가족,NNG
17776,여행,NNG
17777,코스,NNG
17778,추천,NNG
17779,부탁드려요,VV+EF
17780,!,SF
17781,경주,NNP
17782,여행,NNG
17783,3,SN
17784,박,NNBC
17785,4,SN
17786,일,NNBC
17787,코스,NNG
17788,로,JKB
17789,추천,NNG
17790,부탁,NNG
17791,드려요,VV+EC
17792,이번,NNG
17793,추석,NNG
17794,기간,NNG
17795,에,JKB
17796,4,SN
17797,인,NNG
17798,가족,NNG
17799,아이,NNG
17800,들,XSN
17801,은,JX
17802,없,VA
17803,어요,EF
17804,이,MM
17805,함께,MAG
17806,여행,NNG
17807,을,JKO
17808,가,VV
17809,고자,EC
17810,경주,NNP
17811,여행,NNG
17812,3,SN
17813,박,NNBC
17814,4,SN
17815,일,NNBC
17816,가족,NNG
17817,여행,NNG
17818,코스,NNG
17819,추천,NNG
17820,해,XSV+EC
17821,드릴게요,VX+EF
17822,제,NP
17823,가,JKS
17824,여러분,NP
17825,을,JKO
17826,위해,VV+EC
17827,직접,MAG
17828,조사,NNG
17829,한,XSA+ETM
17830,결과,NNG
17831,를,JKO
17832,바탕,NNG
17833,으로,JKB
17834,최적,NNG
17835,의,JKG
17836,코스,NNG
17837,를,JKO
17838,제안,NNG
17839,해,XSV+EC
17840,초등학생,NNG
17841,경주,NNP
17842,여행,NNG
17843,전남,NNP
17844,에서,JKB
17845,2,SN
17846,박,NNBC
17847,3,SN
17848,일,NNBC
17849,로,JKB
17850,초등학생,NNG
17851,데리,VV
17852,고,EC
17853,경주,NNP
17854,여행,NNG
17855,을,JKO
17856,가져,VV+EC
17857,고하,VV
17858,는데요,EF
17859,아,IC
17860,코스,NNG
17861,짜,VV
17862,기,ETN
17863,가,JKS
17864,쉽,VA
17865,지,EC
17866,않,VX
17867,네요,EF
17868,숙소,NNG
17869,는,JX
17870,질문,NNG
17871,하,XSV
17872,신,EP+ETM
17873,경주,NNP
17874,여행지,NNG
17875,관련,NNG
17876,답변,NNG
17877,드리,VV
17878,도록,EC
17879,하,VX
17880,겠,EP
17881,습니다,EF
17882,2,SN
17883,박,NNBC
17884,3,SN
17885,일,NNBC
17886,간,NNG
17887,다녀올,VV+ETM
17888,만,NNB
17889,한,XSA+ETM
17890,곳,NNG
17891,으로,JKB
17892,경주,NNP
17893,여행지,NNG
17894,를,JKO
17895,찾,VV
17896,고,EC
17897,계시,VX
17898,나,EC
17899,봅니다,VX+EC
17900,경주,NNP
17901,에,JKB
17902,경주,NNP
17903,여행,NNG
17904,코스,NNG
17905,동선,NNG
17906,별,XSN
17907,로,JKB
17908,추천,NNG
17909,해,XSV+EC
17910,주,VX
17911,세요,EP+EF
17912,.,SF
17913,경주,NNP
17914,여행,NNG
17915,코스,NNG
17916,동선,NNG
17917,일,NNG
17918,이,JKS
17919,있,VV
17920,어서,EC
17921,경주,NNP
17922,가,VV
17923,는,ETM
17924,김,NNB
17925,에,JKB
17926,다음,NNG
17927,주,NNG
17928,에,JKB
17929,하루,NNG
17930,정도,NNG
17931,만,JX
17932,보,VV
17933,려고,EC
17934,하,VV
17935,는데,EC
17936,일단,MAG
17937,석굴암,NNG
17938,불국사,NNP
17939,는,JX
17940,질문,NNG
17941,하,XSV
17942,신,EP+ETM
17943,경주,NNP
17944,여행,NNG
17945,일정,NNG
17946,관련,NNG
17947,답변,NNG
17948,드리,VV
17949,도록,EC
17950,하,VX
17951,겠,EP
17952,습니다,EF
17953,비록,MAG
17954,1,SN
17955,박,NNBC
17956,2,SN
17957,일,NNBC
17958,이,VCP
17959,지만,EC
17960,사실상,MAG
17961,당일치기,NNG
17962,인,VCP+ETM
17963,경주,NNP
17964,여행,NNG
17965,을,JKO
17966,준비,NNG
17967,1,SN
17968,박,NNBC
17969,2,SN
17970,일,NNBC
17971,초보,NNG
17972,운전,NNG
17973,경주,NNG
17974,여행,NNG
17975,코스,NNG
17976,1,SN
17977,박,NNBC
17978,2,SN
17979,일,NNBC
17980,로,JKB
17981,경주,NNP
17982,여행,NNG
17983,코스,NNG
17984,좀,MAG
17985,짜,VV+EC
17986,주,VX
17987,세요,EP+EF
17988,아무래도,MAG
17989,가,VV
17990,는,ETM
17991,데,NNB
17992,는,JX
17993,어려움,NNG
17994,이,JKS
17995,없,VA
17996,을,ETM
17997,것,NNB
17998,4,SN
17999,월,NNBC
18000,1,SN
18001,2,SN
18002,일,NNBC
18003,에,JKB
18004,경주,NNP
18005,여행,NNG
18006,하,XSV
18007,기,ETN
18008,에,JKB
18009,좋,VA
18010,은,ETM
18011,날,NNG
18012,일,VCP+ETM
18013,것,NNB
18014,같,VA
18015,아요,EF
18016,벚꽃,NNG
18017,들,XSN
18018,이,JKS
18019,서서히,MAG
18020,개화,NNG
18021,를,JKO
18022,참고,NNG
18023,로,JKB
18024,쭈니,NNP
18025,아빠,NNG
18026,블로그,NNG
18027,를,JKO
18028,방문,NNG
18029,하,XSV
18030,시,EP
18031,면,EC
18032,경주,NNP
18033,여행,NNG
18034,카테고리,NNG
18035,가,JKS
18036,있,VA
18037,습니다,EF
18038,아들,NNG
18039,과,JC
18040,(,SSO
18041,초,XPN
18042,4,SN
18043,년,NNBC
18044,),SSC
18045,경주,NNP
18046,여행,NNG
18047,일정,NNG
18048,!,SY
18049,아들,NNG
18050,과,JC
18051,경주,NNP
18052,여행,NNG
18053,을,JKO
18054,가려,VV+EC
18055,합니다,VX+EF
18056,선배,NNG
18057,님,XSN
18058,들,XSN
18059,의,JKG
18060,조언,NNG
18061,을,JKO
18062,경주,NNG
18063,여행,NNG
18064,코스,NNG
18065,추천,NNG
18066,드립니다,VV+EF
18067,안녕,IC
18068,하,VV
18069,세요,EP+EF
18070,여행,NNG
18071,전문,NNG
18072,블로거,NNP
18073,초등,NNG
18074,학교,NNG
18075,4,SN
18076,학년,NNG
18077,아들,NNG
18078,과,JKB
18079,함께,MAG
18080,가,VV
18081,는,ETM
18082,경주,NNP
18083,여행,NNG
18084,이,VCP
18085,라면,EC
18086,역사,NNG
18087,와,JC
18088,하루,NNG
18089,코스,NNG
18090,경주,NNP
18091,남산,NNP
18092,정복,NNG
18093,하,XSV
18094,기,ETN
18095,경주,NNG
18096,여행,NNG
18097,코스,NNG
18098,중,NNB
18099,에서,JKB
18100,경주,NNP
18101,여행,NNG
18102,을,JKO
18103,가,VV
18104,려고,EC
18105,함,VX+ETN
18106,니다,VCP+EF
18107,",",SC
18108,",!",SY
18109,저희,NP
18110,가족,NNG
18111,이,JKS
18112,2,SN
18113,박,NNBC
18114,3,SN
18115,일,NNBC
18116,로,JKB
18117,경주,NNP
18118,여행,NNG
18119,을,JKO
18120,가,VV
18121,려고,EC
18122,합니다,VX+EF
18123,가족,NNG
18124,은,JX
18125,4,SN
18126,인,NNG
18127,가족,NNG
18128,3,SN
18129,학년,NNG
18130,5,SN
18131,학년,NNG
18132,이,VCP
18133,구요,EF
18134,경주,NNP
18135,에,JKB
18136,있,VV
18137,는,ETM
18138,문화재,NNG
18139,를,JKO
18140,보,VV
18141,고,EC
18142,작년,NNG
18143,여름,NNG
18144,방학,NNG
18145,때,NNG
18146,저,NP
18147,도,JX
18148,경주,NNP
18149,여행,NNG
18150,한,MM
18151,번,NNBC
18152,했었,VV+EP
18153,죠,EF
18154,저,NP
18155,는,JX
18156,2,SN
18157,박,NNBC
18158,3,SN
18159,일,NNBC
18160,로,JKB
18161,갔다온,VV+ETM
18162,게,NNB+JKC
18163,아니,VCN
18164,라,EC
18165,당일,NNG
18166,로,JKB
18167,갔다왔,VV+EP
18168,습니다,EF
18169,성심껏,MAG
18170,답변,NNG
18171,포항,NNP
18172,에서,JKB
18173,경주,NNP
18174,가,VV
18175,는,ETM
18176,기차,NNG
18177,와,JC
18178,요금,NNG
18179,그리고,MAJ
18180,경주,NNP
18181,여행,NNG
18182,시,NNB
18183,.,SF
18184,..,SY
18185,포항,NNP
18186,에서,JKB
18187,경주,NNP
18188,가,VV
18189,는,ETM
18190,기차,NNG
18191,와,JC
18192,요금,NNG
18193,그리고,MAJ
18194,경주,NNP
18195,여행,NNG
18196,시,NNG
18197,중,NNB
18198,3,SN
18199,과,NNG
18200,경주,NNP
18201,여행,NNG
18202,시,XSN
18203,가,VV+EC
18204,보,VX
18205,아야,EC
18206,할,VX+ETM
18207,코스,NNG
18208,그리고,MAJ
18209,경주,NNP
18210,맛집,NNG
18211,그리고,MAJ
18212,경주,NNP
18213,여행,NNG
18214,시,XSN
18215,가,VV+EC
18216,보,VX
18217,아야,EC
18218,할,VX+ETM
18219,곳,NNG
18220,답변,NNG
18221,드릴게요,VV+EC
18222,포항,NNP
18223,에서,JKB
18224,경주,NNP
18225,가시,NNG
18226,는,JX
18227,열차,NNG
18228,시간,NNG
18229,가격,NNG
18230,경주,NNP
18231,여행,NNG
18232,시,XSN
18233,가,VV+EC
18234,보,VX
18235,아야,EC
18236,할,VX+ETM
18237,경주,NNP
18238,여행,NNG
18239,갈만,NNG
18240,한,XSA+ETM
18241,곳,NNB
18242,알려,VV+EC
18243,주,VX
18244,세요,EP+EF
18245,!,SF
18246,!,SY
18247,경주,NNP
18248,여행,NNG
18249,을,JKO
18250,가,VV
18251,려고,EC
18252,합니다,VX+EC
18253,2,SN
18254,박,NNBC
18255,3,SN
18256,일,NNBC
18257,경주,NNP
18258,를,JKO
18259,관광,NNG
18260,하,XSV
18261,며,EC
18262,옛,MM
18263,문화,NNG
18264,와,JC
18265,정서,NNG
18266,를,JKO
18267,배워,VV+EC
18268,보,VX
18269,고,EC
18270,체험,NNG
18271,하,XSV
18272,고자,EC
18273,경주,NNP
18274,여행,NNG
18275,계획,NNG
18276,을,JKO
18277,세우,VV
18278,고,EC
18279,있,VX
18280,는데요,EC
18281,1,SN
18282,일,NNBC
18283,차,NNG
18284,2,SN
18285,일,NNBC
18286,차,NNG
18287,3,SN
18288,일,NNBC
18289,차,NNG
18290,어떤,MM
18291,식,NNB
18292,으로,JKB
18293,경주,NNP
18294,여행,NNG
18295,계획,NNG
18296,을,JKO
18297,세워야할지,VV+EC+VX+EC
18298,궁금,XR
18299,합니다,XSA+EF
18300,가족,NNG
18301,들,XSN
18302,과,JKB
18303,함께,MAG
18304,하,VV
18305,는,ETM
18306,경주,NNP
18307,여행,NNG
18308,경주,NNP
18309,여행,NNG
18310,질문,NNG
18311,이,VCP
18312,요,EC
18313,안녕,NNG
18314,하,XSV
18315,세요,EP+EF
18316,경주,NNP
18317,여행,NNG
18318,을,JKO
18319,준비,NNG
18320,중,NNB
18321,인데요,VCP+EF
18322,출발지,NNG
18323,는,JX
18324,서울,NNP
18325,이,VCP
18326,구요,EF
18327,3,SN
18328,월,NNBC
18329,22,SN
18330,일,NNBC
18331,오전,NNG
18332,6,SN
18333,시,NNBC
18334,경,XSN
18335,에,JKB
18336,서울,NNP
18337,에서,JKB
18338,출발,NNG
18339,하,XSV
18340,려고,EC
18341,하,VV
18342,고요,EC
18343,부탁드려요,VV+EF
18344,경주,NNP
18345,여행,NNG
18346,일정,NNG
18347,과,JC
18348,형편,NNG
18349,에,JKB
18350,맞,VV
18351,게,EC
18352,아래,NNG
18353,코스,NNG
18354,에서,JKB
18355,조절,NNG
18356,하,XSV
18357,면,EC
18358,됩니다,VV+EF
18359,시내버스,NNG
18360,투어,NNG
18361,도보,NNG
18362,자전거,NNG
18363,역사,NNG
18364,에,JKB
18365,무지,MAG
18366,한,MM
18367,경주,NNG
18368,여행,NNG
18369,코스,NNG
18370,부탁,NNG
18371,드려요,VV+EC
18372,이번,NNG
18373,에,JKB
18374,여동생,NNG
18375,이랑,JC
18376,경주,NNP
18377,여행,NNG
18378,1,SN
18379,박,NNBC
18380,2,SN
18381,일,NNBC
18382,하,VV
18383,려고,EC
18384,하,VX
18385,는데요,EF
18386,부끄럽,VA
18387,지만,EC
18388,고등학생,NNG
18389,때,NNG
18390,역사,NNG
18391,넘,MAG
18392,싫,VA
18393,어,EC
18394,해서,VV+EC
18395,역사,NNG
18396,잘,MAG
18397,몰라요,VV+EC
18398,안내소,NNG
18399,책자,NNG
18400,나,JC
18401,경주,NNP
18402,여행,NNG
18403,사이트,NNG
18404,활용,NNG
18405,하,XSV
18406,시,EP
18407,면,EC
18408,됩니다,VV+EF
18409,책자,NNG
18410,가,JKS
18411,진짜,MAG
18412,잘,MAG
18413,나와,VV+EC
18414,있,VX
18415,어서,EC
18416,그리고,MAJ
18417,경주,NNP
18418,나,JC
18419,어디,NP
18420,여행,NNG
18421,가시,VV
18422,면,EC
18423,경주,NNP
18424,여행,NNG
18425,코스,NNG
18426,추천,NNG
18427,경주,NNG
18428,여행,NNG
18429,가,VV
18430,려고,EC
18431,합니다,VX+EC
18432,4,SN
18433,우러,VV+EC
18434,30,SN
18435,일,NNBC
18436,새벽,NNG
18437,에,JKB
18438,출발,MAG
18439,해서,VV+EC
18440,대명,NNG
18441,콘도,NNG
18442,에,JKB
18443,묵,VV
18444,을,ETM
18445,예정,NNG
18446,인데,VCP+EC
18447,1,SN
18448,박,NNBC
18449,2,SN
18450,일,NNBC
18451,동안,NNG
18452,있,VV
18453,을,ETM
18454,예정,NNG
18455,이,VCP
18456,고,EC
18457,기림사,NNG
18458,분황사,NNG
18459,부처,NNG
18460,골,NNG
18461,무열왕릉,NNG
18462,석굴암,NNG
18463,황룡,NNG
18464,사지,NNG
18465,오릉,NNG
18466,국립,NNG
18467,경주,NNP
18468,박물관,NNG
18469,참고,NNG
18470,하,XSV
18471,시,EP
18472,어,EC
18473,유쾌,XR
18474,한,XSA+ETM
18475,경주,NNP
18476,여행,NNG
18477,하,XSV
18478,시,EP
18479,기,ETN
18480,를,JKO
18481,경주,NNP
18482,여행,NNG
18483,날씨,NNG
18484,.,SF
18485,.,SY
18486,10,SN
18487,월,NNBC
18488,8,SN
18489,일,NNBC
18490,날,NNG
18491,경주,NNP
18492,여행,NNG
18493,가,VV
18494,려는데,EC
18495,날씨,NNG
18496,가,JKS
18497,어떤,MM
18498,가요,NNG
18499,10,SN
18500,월,NNBC
18501,8,SN
18502,일,NNBC
18503,경주,NNP
18504,날씨,NNG
18505,는,JX
18506,대체로,MAG
18507,흐릴,VV+ETM
18508,가능,NNG
18509,성,XSN
18510,이,JKS
18511,있,VV
18512,으며,EC
18513,낮,NNG
18514,기온,NNG
18515,은,JX
18516,18,SN
18517,22,SN
18518,C,SL
18519,정도,NNG
18520,로,JKB
18521,예상,NNG
18522,돼요,XSV+EC
18523,비,NNG
18524,가,JKS
18525,내릴,VV+ETM
18526,가능,NNG
18527,성,XSN
18528,은,JX
18529,낮,VA
18530,지만,EC
18531,흐린,VV+ETM
18532,날씨,NNG
18533,가,JKS
18534,이어질,VV+ETM
18535,수,NNB
18536,있,VV
18537,으니,EC
18538,여행,NNG
18539,계획,NNG
18540,에,JKB
18541,참고,NNG
18542,하,XSV
18543,시,EP
18544,면,EC
18545,좋,VA
18546,을,ETM
18547,것,NNB
18548,경주,NNP
18549,여행,NNG
18550,코스,NNG
18551,(,SSO
18552,2,SN
18553,박,NNBC
18554,3,SN
18555,일,NNBC
18556,),SSC
18557,5,SN
18558,월,NNBC
18559,23,SN
18560,일,NNBC
18561,5,SN
18562,월,NNBC
18563,25,SN
18564,일,NNBC
18565,경주,NNP
18566,여행,NNG
18567,코스,NNG
18568,추천,NNG
18569,해,XSV+EC
18570,주,VX
18571,세요,EP+EF
18572,1,SN
18573,대상,NNG
18574,어머니,NNG
18575,자녀,NNG
18576,9,SN
18577,세,NNBC
18578,본인,NNG
18579,경주,NNP
18580,여행,NNG
18581,코스,NNG
18582,2,SN
18583,박,NNBC
18584,3,SN
18585,일,NNBC
18586,답변,NNG
18587,드립니다,VV+EF
18588,안녕,IC
18589,하,VV
18590,세요,EP+EF
18591,여행,NNG
18592,전문,NNG
18593,블로거,NNP
18594,어머님,NNG
18595,을,JKO
18596,모시,VV
18597,고,EC
18598,떠나,VV
18599,는,ETM
18600,경주,NNP
18601,여행,NNG
18602,이,JKS
18603,즐거운,VA+ETM
18604,추억,NNG
18605,으로,JKB
18606,남,VV
18607,을,ETM
18608,수,NNB
18609,있,VV
18610,도록,EC
18611,제,NP
18612,가,JKS
18613,경험,NNG
18614,한,XSV+ETM
18615,경주,NNP
18616,여행,NNG
18617,가,VV
18618,려구요,EC
18619,경주,NNP
18620,여행,NNG
18621,가,VV
18622,려고,EC
18623,하,VV
18624,는,ETM
18625,데,NNB
18626,11,SN
18627,월,NNBC
18628,초,NNB
18629,에,JKB
18630,나,JX
18631,갈,VV+ETM
18632,것,NNB
18633,같,VA
18634,아요,EF
18635,그,NP
18636,쯤,XSN
18637,되,VV
18638,면,EC
18639,날씨,NNG
18640,가,JKS
18641,많이,MAG
18642,추울,VA+ETM
18643,것,NNB
18644,같,VA
18645,은데,EC
18646,그,MM
18647,시즌,NNG
18648,에,JKB
18649,다니,VV
18650,기,ETN
18651,가,JKS
18652,괜찮,VA
18653,을까요,EC
18654,11,SN
18655,월,NNBC
18656,이,VCP
18657,면,EC
18658,가을,NNG
18659,도,JX
18660,무르익,VV
18661,어,EC
18662,갈,VX+ETM
18663,무렵,NNB
18664,이,VCP
18665,고,EC
18666,그리,MAG
18667,춥,VA
18668,지,EC
18669,않,VX
18670,아서,EC
18671,경주,NNP
18672,여행,NNG
18673,코스,NNG
18674,",",SC
18675,신경주역,NNP
18676,경주역,NNP
18677,질문,NNG
18678,드려요,VV+EC
18679,안녕,NNG
18680,하,XSV
18681,세요,EP+EF
18682,20,SN
18683,대,NNBC
18684,여성,NNG
18685,이,JKS
18686,고요,NNG
18687,친구,NNG
18688,랑,JKB
18689,여행,NNG
18690,가,VV
18691,려고,EC
18692,계획,NNG
18693,짜,VV
18694,고,EC
18695,있,VX
18696,는데,EC
18697,경주,NNP
18698,여행,NNG
18699,은,JX
18700,처음,NNG
18701,이,VCP
18702,라,EC
18703,질문,NNG
18704,드려요,VV+EC
18705,2,SN
18706,박,NNBC
18707,3,SN
18708,일,NNBC
18709,어디,NP
18710,가,JKS
18711,이동,NNG
18712,하,XSV
18713,기,ETN
18714,좋,VA
18715,을까요,EC
18716,바다,NNG
18717,위주,NNG
18718,야경,NNG
18719,여행,NNG
18720,아직,MAG
18721,숙소,NNG
18722,도,JX
18723,잡,VV
18724,기,ETN
18725,전,NNG
18726,입니다,VCP+EF
18727,경주,NNP
18728,여행,NNG
18729,시,XSN
18730,가,VV
18731,볼,EC+VX+ETM
18732,만,NNB
18733,한,XSA+ETM
18734,곳,NNG
18735,7,SN
18736,월,NNBC
18737,말,NNB
18738,에,JKB
18739,경주,NNP
18740,여행,NNG
18741,을,JKO
18742,계획,NNG
18743,했,XSV+EP
18744,는데,EF
18745,.,SF
18746,.,SY
18747,비피,NNG
18748,해,XSV+EC
18749,어떤,MM
18750,가요,NNG
18751,?,SF
18752,?,SY
18753,7,SN
18754,월,NNBC
18755,말,NNB
18756,에,JKB
18757,경주,NNP
18758,여행,NNG
18759,을,JKO
18760,계획,NNG
18761,했,XSV+EP
18762,는데,EC
18763,뉴스,NNG
18764,보,VV
18765,니,EC
18766,비,NNG
18767,가,JKS
18768,계속,MAG
18769,많이,MAG
18770,오,VV
18771,더라구요,EF
18772,여행,NNG
18773,을,JKO
18774,미뤄야,VV+EC
18775,하나,NR
18776,고민,NNG
18777,입니다,VCP+EF
18778,경주,NNP
18779,에,JKB
18780,기상,NNG
18781,예보,NNG
18782,확인,NNG
18783,하,XSV
18784,기,ETN
18785,경주,NNG
18786,여행,NNG
18787,을,JKO
18788,하,VV
18789,기,ETN
18790,전,NNG
18791,에,JKB
18792,기상,NNG
18793,예보,NNG
18794,를,JKO
18795,확인,NNG
18796,하,XSV
18797,는,ETM
18798,것,NNB
18799,이,JKS
18800,중요,NNG
18801,합니다,XSV+EF
18802,기상청,NNG
18803,이나,JC
18804,날씨,NNG
18805,앱,NNG
18806,을,JKO
18807,통해,VV+EC
18808,2,SN
18809,박,NNBC
18810,경주,NNP
18811,여행,NNG
18812,11,SN
18813,월,NNBC
18814,중순,NNG
18815,에,JKB
18816,남편,NNG
18817,과,JC
18818,경주,NNP
18819,여행,NNG
18820,을,JKO
18821,계획,NNG
18822,하,XSV
18823,고,EC
18824,있,VX
18825,는데요,EF
18826,처음,MAG
18827,가,VV+EC
18828,보,VX
18829,는,ETM
18830,곳,NNG
18831,이,VCP
18832,라,EC
18833,첫날,NNG
18834,은,JX
18835,황남,NNG
18836,관한,VV+ETM
18837,옥,NNG
18838,호텔,NNG
18839,에서,JKB
18840,1,SN
18841,박,NNBC
18842,하,VV
18843,고,EC
18844,이튿날,NNG
18845,은,JX
18846,청공,NNG
18847,한,XSA+ETM
18848,옥스,NNP
18849,테이,NNP
18850,에서,JKB
18851,1,SN
18852,박,NNBC
18853,총,MM
18854,2,SN
18855,박,NNBC
18856,3,SN
18857,일,NNBC
18858,계획,NNG
18859,인데요,VCP+EC
18860,여행,NNG
18861,스,XSN
18862,케,XSV+EC
18863,쥴,NNP
18864,을,JKO
18865,어떻,VA
18866,게,EC
18867,경주,NNP
18868,여행,NNG
18869,5,SN
18870,월,NNBC
18871,6,SN
18872,7,SN
18873,8,SN
18874,일,NNBC
18875,경주,NNP
18876,여행,NNG
18877,을,JKO
18878,가,VV
18879,는데요,EC
18880,동궁,NNG
18881,과,JC
18882,월지,NNG
18883,와,JC
18884,월,NNG
18885,정교,NNG
18886,야경,NNG
18887,을,JKO
18888,보,VV
18889,고,EC
18890,싶,VX
18891,은데,EC
18892,7,SN
18893,일,NNBC
18894,에,JKB
18895,정상,NNG
18896,운영,NNG
18897,되,VV
18898,나요,EC
18899,휴무일,NNG
18900,이,JKS
18901,따로,MAG
18902,없,VA
18903,어서,EC
18904,관람,NNG
18905,에,JKB
18906,방해,NNG
18907,가,JKS
18908,될,VV+ETM
18909,정도,NNG
18910,로,JKB
18911,날씨,NNG
18912,가,JKS
18913,나쁜,VA+ETM
18914,상황,NNG
18915,이,JKS
18916,생겨서,VV+EC
18917,통제,NNG
18918,를,JKO
18919,하,VV
18920,는,ETM
18921,경우,NNG
18922,가,JKC
18923,아니,VCN
18924,라면,EC
18925,관람,NNG
18926,이,JKS
18927,가능,NNG
18928,하,XSA
18929,겠,EP
18930,습니다,EF
18931,경주,NNP
18932,여행,NNG
18933,30,SN
18934,만,NR
18935,원,NNBC
18936,경주,NNG
18937,여행,NNG
18938,2,SN
18939,박,NNBC
18940,3,SN
18941,일,NNBC
18942,남자,NNG
18943,친구,NNG
18944,랑,JKB
18945,가,VV
18946,는데,EC
18947,숙소,NNG
18948,랑,JKB
18949,ktx,SL
18950,비,NNG
18951,는,JX
18952,다,MAG
18953,냈,VV+EP
18954,고,EC
18955,제,NP+JKG
18956,개인,NNG
18957,적,XSN
18958,으로,JKB
18959,30,SN
18960,만,NR
18961,원,NNBC
18962,이,VCP
18963,면,EC
18964,부족,NNG
18965,할까요,XSV+EC
18966,30,SN
18967,만,NR
18968,원,NNBC
18969,으로,JKB
18970,경주,NNP
18971,여행,NNG
18972,을,JKO
18973,계획,NNG
18974,하,XSV
18975,고,EC
18976,계신다면,VX+EC
18977,예산,NNG
18978,이,JKS
18979,어떻게,MAG
18980,집행,NNG
18981,되,XSV
18982,느냐,EC
18983,에,JKB
18984,따라,VV+EC
18985,충분,XR
18986,할,XSA+ETM
18987,수,NNB
18988,도,JX
18989,부족,NNG
18990,할,XSV+ETM
18991,수,NNB
18992,도,JX
18993,있,VA
18994,습니다,EF
18995,경주,NNP
18996,여행,NNG
18997,맛집,NNG
18998,경주,NNP
18999,여행,NNG
19000,가,VV
19001,고,EC
19002,싶,VX
19003,은데,EC
19004,맛집,NNG
19005,추천,NNG
19006,부탁,NNG
19007,드,VV
19008,려뇨,EC
19009,경주,NNP
19010,여행,NNG
19011,가이드,NNG
19012,교통편,NNG
19013,맛집,NNG
19014,볼거리,NNG
19015,까지,JX
19016,모두,MAG
19017,알려,VV+EC
19018,줄,VX+ETM
19019,게,NNB+JKS
19020,요,JX
19021,경주,NNP
19022,는,JX
19023,한국,NNP
19024,의,JKG
19025,역사,NNG
19026,와,JC
19027,문화,NNG
19028,가,JKS
19029,살,VV
19030,아,EC
19031,숨,NNG
19032,쉬,VV
19033,는,ETM
19034,도시,NNG
19035,로,JKB
19036,여행,NNG
19037,하,XSV
19038,기,ETN
19039,좋,VA
19040,은,ETM
19041,명소,NNG
19042,가,JKS
19043,많,VA
19044,아요,EC
19045,2025,SN
19046,년,NNBC
19047,봄,NNG
19048,경주,NNP
19049,로,JKB
19050,떠나,VV
19051,고,EC
19052,경주,NNP
19053,여행,NNG
19054,을,JKO
19055,가,VV
19056,는,ETM
19057,데,NNB
19058,갈,VV+ETM
19059,만,NNB
19060,한,XSA+ETM
19061,곳,NNG
19062,추천,NNG
19063,좀,MAG
19064,경주,NNP
19065,여행,NNG
19066,을,JKO
19067,가,VV
19068,는,ETM
19069,데,NNB
19070,갈,VV+ETM
19071,만,NNB
19072,한,XSA+ETM
19073,곳,NNG
19074,추천,NNG
19075,좀,MAG
19076,해,VV+EC
19077,주,VX
19078,세요,EP+EF
19079,경주,NNP
19080,여행,NNG
19081,추천,NNG
19082,지,NNG
19083,입니다,VCP+EF
19084,경주,NNP
19085,월드,NNG
19086,국립,NNG
19087,경주,NNP
19088,박물관,NNG
19089,황리,NNG
19090,단,MM
19091,길,NNG
19092,첨성대,NNG
19093,불국사,NNP
19094,엑스포,NNG
19095,공원,NNG
19096,등등,NNB
19097,입니다,VCP+EC
19098,2,SN
19099,월,NNBC
19100,1,SN
19101,~,SY
19102,2,SN
19103,일,NNBC
19104,경주,NNP
19105,여행,NNG
19106,날씨,NNG
19107,2,SN
19108,월,NNBC
19109,1,SN
19110,2,SN
19111,일,NNBC
19112,로,JKB
19113,경주,NNP
19114,여행,NNG
19115,가,VV
19116,는데,EC
19117,현재,MAG
19118,날씨,NNG
19119,가,JKS
19120,어떤,MM
19121,가요,NNG
19122,눈,NNG
19123,쌓였,VV+EP
19124,나요,EF
19125,시외버스,NNG
19126,타,VV
19127,고,EC
19128,가,VX
19129,는데,EC
19130,빙판길,NNG
19131,일까봐,VCP+EC+VX+EC
19132,불안,NNG
19133,해요,XSA+EF
19134,경주,NNP
19135,는,JX
19136,눈,NNG
19137,그렇게,MAG
19138,많이,MAG
19139,오,VV
19140,지,EC
19141,않,VX
19142,고,EC
19143,날씨,NNG
19144,도,JX
19145,많이,MAG
19146,춥,VA
19147,지,EC
19148,는,JX
19149,않,VX
19150,아요,EF
19151,주말,NNG
19152,에,JKB
19153,춥,VA
19154,다고,EC
19155,는,JX
19156,해도,VV+EC
19157,그때,NNG
19158,예보,NNG
19159,를,JKO
19160,보,VV
19161,는,ETM
19162,게,NNB+JKS
19163,좋,VA
19164,겠,EP
19165,죠,EF
19166,경주,NNP
19167,여행,NNG
19168,중,NNB
19169,놓치,VV
19170,지,EC
19171,말,VX
19172,아야,EC
19173,할,VX+ETM
19174,맛집,NNG
19175,과,JC
19176,카페,NNG
19177,알려,VV+EC
19178,주,VX
19179,세요,EP+EF
19180,경주,NNP
19181,여행,NNG
19182,을,JKO
19183,계획,NNG
19184,중,NNB
19185,이,VCP
19186,며,EC
19187,맛집,NNG
19188,과,JC
19189,카페,NNG
19190,에서,JKB
19191,특별,NNG
19192,한,XSA+ETM
19193,경험,NNG
19194,을,JKO
19195,하,VV
19196,고,EC
19197,싶,VX
19198,습니다,EF
19199,예,NNG
19200,를,JKO
19201,들,VV
19202,어,EC
19203,독특,XR
19204,한,XSA+ETM
19205,메뉴,NNG
19206,나,JC
19207,특별,NNG
19208,한,XSA+ETM
19209,뷰,NNP
19210,를,JKO
19211,제공,NNG
19212,하,XSV
19213,는,ETM
19214,곳,NNB
19215,혹은,MAJ
19216,전통,NNG
19217,적,XSN
19218,인,VCP+ETM
19219,분위기,NNG
19220,와,JC
19221,현대,NNG
19222,적,XSN
19223,인,VCP+ETM
19224,요소,NNG
19225,가,JKS
19226,조화,NNG
19227,를,JKO
19228,이루,VV
19229,는,ETM
19230,장소,NNG
19231,에,JKB
19232,대해,VV+EC
19233,알,VV
19234,고,EC
19235,싶,VX
19236,습니다,EF
19237,경주,NNP
19238,에,JKB
19239,가,VV
19240,면,EC
19241,황남빵,NNP
19242,과,JC
19243,2,SN
19244,박,NNBC
19245,3,SN
19246,일,NNBC
19247,경주,NNP
19248,여행,NNG
19249,일정,NNG
19250,을,JKO
19251,어떻게,MAG
19252,짜,VV
19253,야,EC
19254,할지,VX+EC
19255,고민,NNG
19256,입니다,VCP+EF
19257,.,SF
19258,2,SN
19259,박,NNBC
19260,3,SN
19261,일,NNBC
19262,경주,NNP
19263,여행,NNG
19264,아빠,NNG
19265,엄마,NNG
19266,중,NNB
19267,1,SN
19268,아들,NNG
19269,초,NNB
19270,2,SN
19271,딸,NNG
19272,1,SN
19273,일,NNBC
19274,차,NNG
19275,ktx,SL
19276,타,VV
19277,고,EC
19278,경주,NNP
19279,역하,NNG
19280,차,NNG
19281,11,SN
19282,시,NNBC
19283,숙소,NNG
19284,는,JX
19285,황리,NNG
19286,단,MM
19287,길,NNG
19288,황남,NNG
19289,고택,NNG
19290,2,SN
19291,일,NNBC
19292,차,NNG
19293,제,NP
19294,가,JKS
19295,드린,VV+ETM
19296,답변,NNG
19297,이,JKS
19298,도움,NNG
19299,되,XSV
19300,셨,EP+EP
19301,길,ETN+JKO
19302,바래요,VV+EF
19303,말씀,NNG
19304,하,XSV
19305,신,EP+ETM
19306,질문,NNG
19307,2,SN
19308,박,NNBC
19309,3,SN
19310,일,NNBC
19311,경주,NNP
19312,여행,NNG
19313,아빠,NNG
19314,엄마,NNG
19315,중,NNB
19316,1,SN
19317,아들,NNG
19318,초,NNB
19319,2,SN
19320,딸,NNG
19321,1,SN
19322,일,NNBC
19323,차,NNG
19324,ktx,SL
19325,타,VV
19326,고,EC
19327,경주,NNP
19328,여행,NNG
19329,경주,NNG
19330,여행,NNG
19331,은,JX
19332,아래,NNG
19333,를,JKO
19334,참조,NNG
19335,하,XSV
19336,시,EP
19337,면,EC
19338,더,MAG
19339,도움,NNG
19340,될,XSV+ETM
19341,거,NNB
19342,에요,VCP+EF
19343,https,SL
19344,valina,SL
19345,8342,SN
19346,tistory,SL
19347,com,SL
19348,entry,SL
19349,EC,SL
19350,B,SL
19351,2,SN
19352,9,SN
19353,C,SL
19354,EB,SL
19355,85,SN
19356,84,SN
19357,EC,SL
19358,9,SN
19359,D,SL
19360,98,SN
19361,EC,SL
19362,97,SN
19363,AD,SL
19364,EC,SL
19365,82,SN
19366,AC,SL
19367,EC,SL
19368,99,SN
19369,80,SN
19370,EA,SL
19371,B,SL
19372,0,SN
19373,90,SN
19374,EC,SL
19375,84,SN
19376,B,SL
19377,1,SN
19378,EC,SL
19379,97,SN
19380,AC,SL
19381,ED,SL
19382,96,SN
19383,89,SN
19384,EA,SL
19385,B,SL
19386,2,SN
19387,BD,SL
19388,EC,SL
19389,A,SL
19390,3,SN
19391,BC,SL
19392,ED,SL
19393,95,SN
19394,84,SN
19395,EC,SL
19396,88,SN
19397,98,SN
19398,EC,SL
19399,BD,SL
19400,94,SN
19401,EC,SL
19402,8,SN
19403,A,SL
19404,A,SL
19405,4,SN
19406,EC,SL
19407,경주,NNP
19408,여행,NNG
19409,질문,NNG
19410,경주,NNG
19411,여행,NNG
19412,코스,NNG
19413,짜,VV+EC
19414,봤,VX+EP
19415,는데요,EF
19416,이렇게,MAG
19417,가,VV
19418,도,EC
19419,되,VV
19420,나요,EF
19421,그리고,MAJ
19422,2,SN
19423,일,NNBC
19424,차,NNG
19425,에,JKB
19426,경주,NNP
19427,시내,NNG
19428,권,XSN
19429,숙소,NNG
19430,인데,VCP+EC
19431,첨성대,NNG
19432,코스,NNG
19433,와,JC
19434,황리,NNG
19435,단,MM
19436,길,NNG
19437,은,JX
19438,도보이,NNP
19439,동,NNG
19440,가능,NNG
19441,한,XSA+ETM
19442,가요,NNG
19443,아니,VCN
19444,면,EC
19445,차,NNG
19446,타,VV
19447,고,EC
19448,가,VX
19449,야,EF
19450,하나,NR
19451,요,VCP+EC
19452,1,SN
19453,일,NNBC
19454,차,NNG
19455,불국사,NNG
19456,권,XSN
19457,숙소,NNG
19458,1,SN
19459,불국사,NNG
19460,2,SN
19461,석굴암,NNG
19462,바람,NNG
19463,의,JKG
19464,언덕,NNG
19465,3,SN
19466,숙소,NNG
19467,체크인,NNG
19468,4,SN
19469,경주,NNP
19470,여행,NNG
19471,2,SN
19472,월,NNBC
19473,에,JKB
19474,2,SN
19475,박,NNBC
19476,3,SN
19477,일,NNBC
19478,로,JKB
19479,경주,NNP
19480,여행,NNG
19481,가,VV
19482,려고,EC
19483,하,VV
19484,는데,EC
19485,펜션,NNG
19486,이나,JC
19487,호텔,NNG
19488,예약,NNG
19489,은,JX
19490,몇,MM
19491,달,NNBC
19492,전,NNG
19493,부터,JX
19494,하,VV
19495,는,ETM
19496,게,NNB+JKS
19497,좋,VA
19498,을까요,EC
19499,1,SN
19500,달,NNBC
19501,전,NNG
19502,이,JKS
19503,제일,MAG
19504,좋,VA
19505,습니다,EF
19506,만,JX
19507,가,VV
19508,는,ETM
19509,날짜,NNG
19510,들,XSN
19511,이,JKS
19512,성수기,NNG
19513,라면,VCP+EC
19514,2,SN
19515,달,NNBC
19516,전,NNG
19517,에,JKB
19518,하,VV
19519,는,ETM
19520,게,NNB+JKS
19521,좋,VA
19522,겠,EP
19523,죠,EF
19524,경주,NNP
19525,여행,NNG
19526,당일치기,NNG
19527,질문,NNG
19528,이,VCP
19529,요,EC
19530,뚜,MAG
19531,버,VV
19532,기,ETN
19533,인데,VCP+EC
19534,1,SN
19535,박,NNBC
19536,할지,VV+EC
19537,당일,NNG
19538,치,VV
19539,기,ETN
19540,로,JKB
19541,갔,VV+EP
19542,다,EC
19543,올지,VX+EC
19544,모르,VV
19545,겠,EP
19546,는데,EC
19547,우선,MAG
19548,당일,NNG
19549,로,JKB
19550,갈,VV+ETM
19551,거,NNB
19552,같,VA
19553,아요,EF
19554,오전,NNG
19555,11,SN
19556,시,NNBC
19557,쯤,NNB
19558,경주,NNP
19559,터미널,NNG
19560,도착,NNG
19561,오후,NNG
19562,9,SN
19563,시,NNBC
19564,경주,NNP
19565,터미널,NNG
19566,에서,JKB
19567,집,NNG
19568,가,VV
19569,는,ETM
19570,버스,NNG
19571,11,SN
19572,시,NNBC
19573,경주,NNP
19574,버스,NNG
19575,터미널,NNG
19576,에,JKB
19577,도착,NNG
19578,한다고,XSV+EC
19579,치,VV
19580,면,EC
19581,황리,NNG
19582,단,MM
19583,길,NNG
19584,대릉원,NNG
19585,첨성대,NNG
19586,월,NNG
19587,정교,NNG
19588,동궁,NNG
19589,과,JC
19590,월지,NNG
19591,경주,NNP
19592,여행,NNG
19593,가,VV
19594,볼까,EC+VX+EC
19595,하,VX
19596,는데요,EF
19597,?,SF
19598,다른,MM
19599,곳,NNG
19600,은,JX
19601,특별히,MAG
19602,안,MAG
19603,가,VV
19604,고,EC
19605,경주,NNP
19606,만,JX
19607,보,VV
19608,려고요,EC
19609,저,NP
19610,도,JX
19611,경주,NNP
19612,여행,NNG
19613,준비,NNG
19614,하,XSV
19615,면서,EC
19616,진짜,MAG
19617,헤맸,VV+EP
19618,는데요,EF
19619,시티투어,NNP
19620,탈까,VV+EC
19621,그냥,MAG
19622,블로그,NNG
19623,한,MM
19624,번,NNBC
19625,보,VV
19626,고,EC
19627,시작,NNG
19628,해,XSV+EC
19629,보,VX
19630,세요,EP+EF
19631,경주,NNP
19632,여행,NNG
19633,헛,XPN
19634,걸음,NNG
19635,없이,MAG
19636,딱,MAG
19637,맞,VV
19638,게,EC
19639,즐기,VV
19640,고,EC
19641,싶,VX
19642,다면,EC
19643,여기,NP
19644,부터,JX
19645,보,VV
19646,시,EP
19647,는,ETM
19648,거,NNB
19649,추천,NNG
19650,드립니다,VV+EC
19651,경주,NNP
19652,여행,NNG
19653,어때요,VA+EF
19654,?,SF
19655,고등학생,NNG
19656,시절,NNG
19657,추억,NNG
19658,만들,VV
19659,까,EC
19660,해요,VX+EF
19661,ㅠ,UNKNOWN
19662,.,SF
19663,..,SY
19664,경주,NNP
19665,여행,NNG
19666,어때요,VA+EF
19667,고등학생,NNG
19668,시절,NNG
19669,추억,NNG
19670,만들,VV
19671,까,EC
19672,해요,VX+EF
19673,로또,NNP
19674,되,VV
19675,는,ETM
19676,꿈,NNG
19677,꿨,VV+EP
19678,는데,EC
19679,해몽,NNG
19680,해줘요,XSV+EC+VX+EC
19681,컴퓨터,NNG
19682,조립식,NNG
19683,은,JX
19684,얼마,NNG
19685,죠,VCP+EF
19686,경주,NNP
19687,여행,NNG
19688,은,JX
19689,고등학생,NNG
19690,시절,NNG
19691,의,JKG
19692,추억,NNG
19693,을,JKO
19694,만들,VV
19695,기,ETN
19696,에,JKB
19697,아주,MAG
19698,좋,VA
19699,은,ETM
19700,선택,NNG
19701,입니다,VCP+EF
19702,경주,NNP
19703,는,JX
19704,한국,NNP
19705,의,JKG
19706,역사,NNG
19707,와,JC
19708,문화,NNG
19709,를,JKO
19710,느낄,VV+ETM
19711,수,NNB
19712,있,VV
19713,는,ETM
19714,도시,NNG
19715,로,JKB
19716,남자,NNG
19717,혼자,NNG
19718,경주,NNP
19719,여행,NNG
19720,4,SN
19721,박,NNBC
19722,5,SN
19723,일,NNBC
19724,일정,NNG
19725,및,MAJ
19726,숙소,NNG
19727,예약,NNG
19728,문,NNG
19729,의,JKG
19730,혼자,NNG
19731,경주,NNP
19732,여행,NNG
19733,멋지,VA
19734,게,EC
19735,계획,NNG
19736,중,NNB
19737,이,VCP
19738,시,EP
19739,네요,EC
19740,4,SN
19741,박,NNBC
19742,5,SN
19743,일,NNBC
19744,이,VCP
19745,면,EC
19746,여유,NNG
19747,있,VV
19748,게,EC
19749,경주,NNG
19750,를,JKO
19751,제대로,MAG
19752,느낄,VV+ETM
19753,수,NNB
19754,있,VV
19755,는,ETM
19756,일정,NNG
19757,이,VCP
19758,에요,EF
19759,가성,NNG
19760,비,XPN
19761,숙소,NNG
19762,경주역,NNP
19763,근처,NNG
19764,게스트,NNP
19765,하우스,NNP
19766,나,JC
19767,황리,NNG
19768,단,MM
19769,길,NNG
19770,쪽,NNB
19771,한옥,NNP
19772,게스트,NNP
19773,하우스,NNP
19774,가,JKS
19775,가격,NNG
19776,도,JX
19777,좋,VA
19778,고,EC
19779,접근성,NNG
19780,도,JX
19781,좋,VA
19782,아요,EF
19783,바닷가,NNG
19784,이동,NNG
19785,경주,NNP
19786,여행,NNG
19787,루트,NNG
19788,천마총,NNG
19789,경주,NNP
19790,중앙,NNG
19791,시장,NNG
19792,경주,NNP
19793,여행,NNG
19794,일정,NNG
19795,을,JKO
19796,천마총,NNG
19797,갔,VV+EP
19798,다가,EC
19799,중앙,NNG
19800,시장,NNG
19801,가,VV
19802,려고,EC
19803,하,VV
19804,는데,EC
19805,네이버,NNP
19806,지도,NNG
19807,에,JKB
19808,검색,NNG
19809,해,XSV+EC
19810,보,VX
19811,니까,EC
19812,다시,MAG
19813,밑,NNG
19814,으로,JKB
19815,내려갔,VV+EP
19816,다가,EC
19817,올라가,VV
19818,라고,EC
19819,하,VV
19820,네요,EC
19821,동선,NNG
19822,낭비,NNG
19823,너무,MAG
19824,심한,VA+ETM
19825,데,NNB
19826,지도,NNG
19827,에,JKB
19828,나온,VV+ETM
19829,거,NNB
19830,처럼,JKB
19831,삥,MAG
19832,돌아가,VV
19833,야,EF
19834,하나,NR
19835,요,VCP+EC
19836,중간,NNG
19837,에,JKB
19838,나가,VV
19839,는,ETM
19840,문,NNG
19841,없,VA
19842,나요,EC
19843,천마총,NNG
19844,20,SN
19845,대,NNBC
19846,중반,NNG
19847,여성,NNG
19848,경주,NNP
19849,여행,NNG
19850,식당,NNG
19851,및,MAJ
19852,술집,NNG
19853,추천,NNG
19854,해,XSV+EC
19855,주,VX
19856,세요,EP+EF
19857,7,SN
19858,월,NNBC
19859,에,JKB
19860,친구,NNG
19861,들,XSN
19862,이랑,JC
19863,경주,NNP
19864,여행,NNG
19865,을,JKO
19866,가,VV
19867,는데,EC
19868,경주,NNP
19869,에,JKB
19870,대해서,VV+EC
19871,마땅히,MAG
19872,잘,MAG
19873,알,VV
19874,지,EC
19875,못해서,VX+EC
19876,막막,XR
19877,하,XSA
19878,네요,EC
19879,20,SN
19880,대,NNBC
19881,여자,NNG
19882,이,VCP
19883,며,EC
19884,술,NNG
19885,을,JKO
19886,좋아합니다,VV+EC
19887,황리,NNG
19888,단,MM
19889,길,NNG
19890,이랑,JC
19891,보문,NNG
19892,단지,MAG
19893,핫,NNG
19894,플,NNG
19895,추천,NNG
19896,해,XSV+EC
19897,주,VX
19898,세요,EP+EF
19899,그리고,MAJ
19900,맛있,VA
19901,는,ETM
19902,식당,NNG
19903,도,JX
19904,추천,NNG
19905,부탁,NNG
19906,드립니다,VV+EC
19907,하루,NNG
19908,는,JX
19909,시내,NNG
19910,권,XSN
19911,경주,NNP
19912,여행,NNG
19913,1,SN
19914,박,NNBC
19915,2,SN
19916,일,NNBC
19917,경주,NNP
19918,여행,NNG
19919,1,SN
19920,박,NNBC
19921,2,SN
19922,일,NNBC
19923,경비,NNG
19924,어느,MM
19925,정도,NNG
19926,나올까요,VV+EF
19927,숙소,NNG
19928,랑,JKB
19929,교통비,NNG
19930,빼,VV
19931,고요,EC
19932,쓰,VV
19933,기,ETN
19934,나름,NNB
19935,이,VCP
19936,지만,EC
19937,식대,NNG
19938,입장료,NNG
19939,간식,NNG
19940,정도,NNG
19941,이,VCP
19942,면,EC
19943,큰,VA+ETM
19944,돈,NNG
19945,은,JX
19946,들,VV
19947,지,EC
19948,않,VX
19949,겠,EP
19950,조,NR
19951,본인,NNG
19952,의,JKG
19953,주머니,NNG
19954,만큼,NNB
19955,생각,NNG
19956,해서,XSV+EC
19957,조절,NNG
19958,하,XSV
19959,여,EC
19960,쓰,VV
19961,는,ETM
19962,게,NNB+JKS
19963,좋,VA
19964,겠,EP
19965,네요,EF
19966,여유,NNG
19967,가,JKS
19968,있,VA
19969,다면,EC
19970,맛있,VA
19971,는,ETM
19972,것,NNB
19973,도,JX
19974,먹,VV
19975,고,EC
19976,해도,VV+EC
19977,좋,VA
19978,겠,EP
19979,죠,EF
19980,경주,NNP
19981,여행지,NNG
19982,2,SN
19983,박,NNBC
19984,3,SN
19985,일,NNBC
19986,추천,NNG
19987,이번,NNG
19988,에,JKB
19989,남자,NNG
19990,친구,NNG
19991,전역,NNG
19992,직전,NNG
19993,으로,JKB
19994,경주,NNP
19995,여행,NNG
19996,을,JKO
19997,가,VV
19998,기,ETN
19999,로,JKB
20000,했,VV+EP
20001,는데요,EF
20002,둘,NR
20003,다,MAG
20004,황리,NNG
20005,단,MM
20006,길,NNG
20007,외,NNB
20008,엔,JKB+JX
20009,아,VV
20010,는,ETM
20011,게,NNB+JKS
20012,없,VA
20013,어서요,EC
20014,차,NNG
20015,가,JKS
20016,있,VA
20017,어서,EC
20018,경주,NNP
20019,여행,NNG
20020,을,JKO
20021,계획,NNG
20022,하,XSV
20023,고,EC
20024,계시,VX
20025,는군요,EC
20026,별,MM
20027,다섯,NR
20028,개,NNBC
20029,경주,NNP
20030,2,SN
20031,박,NNBC
20032,3,SN
20033,일,NNBC
20034,여행,NNG
20035,코스,NNG
20036,를,JKO
20037,공유,NNG
20038,하,XSV
20039,니,EC
20040,내용,NNG
20041,참고,NNG
20042,하,XSV
20043,시,EP
20044,면,EC
20045,좋,VA
20046,을,ETM
20047,것,NNB
20048,같,VA
20049,습니다,EF
20050,아이,NNG
20051,랑,JC
20052,일,NR
20053,박,NNBC
20054,이,NR
20055,일,NNBC
20056,경주,NNP
20057,여행,NNG
20058,코스,NNG
20059,다섯,NR
20060,살,NNBC
20061,아이,NNG
20062,와,JKB
20063,함께,MAG
20064,경주,NNP
20065,로,JKB
20066,가족,NNG
20067,여행,NNG
20068,을,JKO
20069,갑니다,VV+EC
20070,첫날,NNG
20071,점심,NNG
20072,쯤,XSN
20073,경주역,NNP
20074,도착,NNG
20075,예정,NNG
20076,이,VCP
20077,고,EC
20078,숙소,NNG
20079,는,JX
20080,보문관광단지,NNP
20081,근처,NNG
20082,입니다,VCP+EF
20083,둘째,NR
20084,날,NNG
20085,은,JX
20086,경주,NNP
20087,월드,NNG
20088,를,JKO
20089,다녀오,VV
20090,고,EC
20091,오후,NNG
20092,4,SN
20093,시,NNBC
20094,쯤,XSN
20095,경주,NNP
20096,를,JKO
20097,떠날,VV+ETM
20098,계획,NNG
20099,입니다,VCP+EF
20100,직접,MAG
20101,운전,NNG
20102,할,XSV+ETM
20103,예정,NNG
20104,인데,VCP+EC
20105,코스,NNG
20106,를,JKO
20107,어떻게,MAG
20108,짜,VV
20109,야,EC
20110,경주,NNP
20111,여행,NNG
20112,추천,NNG
20113,안녕,NNG
20114,하,XSA
20115,세영,NNP
20116,경주,NNP
20117,여행,NNG
20118,할려고,VV+EC
20119,하,VV
20120,는,ETM
20121,10,SN
20122,대,NNBC
20123,인데,VCP+EC
20124,여,NNG
20125,황리,NNG
20126,단,MM
20127,길,NNG
20128,근처,NNG
20129,어둑,XR
20130,한,XSA+ETM
20131,분위기,NNG
20132,좋,VA
20133,겟,EP
20134,어요,EF
20135,경주,NNP
20136,여행,NNG
20137,가이드,NNG
20138,교통편,NNG
20139,맛집,NNG
20140,볼거리,NNG
20141,까지,JX
20142,모두,MAG
20143,알려,VV+EC
20144,줄,VX+ETM
20145,게,NNB+JKS
20146,요,JX
20147,경주,NNP
20148,여행,NNG
20149,가이드,NNG
20150,교통편,NNG
20151,맛집,NNG
20152,볼거리,NNG
20153,까지,JX
20154,모두,MAG
20155,알려,VV+EC
20156,줄,VX+ETM
20157,게요,NNB+VCP+EC
20158,경주,NNP
20159,여행,NNG
20160,동선,NNG
20161,부탁,NNG
20162,드려요,VV+EC
20163,1,SN
20164,박,NNBC
20165,으로,JKB
20166,어린애,NNG
20167,들,XSN
20168,데리,VV
20169,고,EC
20170,경주,NNP
20171,여행,NNG
20172,할,XSV+ETM
20173,거,NNB
20174,에요,VCP+EF
20175,숙소,NNG
20176,는,JX
20177,보문,NNG
20178,단지,NNG
20179,이,VCP
20180,구요,EF
20181,우선,MAG
20182,정도,NNG
20183,경주,NNP
20184,여행,NNG
20185,을,JKO
20186,다녀온,VV+ETM
20187,것,NNB
20188,같,VA
20189,은데요,EC
20190,아이,NNG
20191,랑,JC
20192,경주,NNP
20193,여행,NNG
20194,하,XSV
20195,면서,EC
20196,체험,NNG
20197,코스,NNG
20198,맛집,NNG
20199,경주,NNP
20200,여행,NNG
20201,TIP,SL
20202,1,SN
20203,경주,NNP
20204,여행,NNG
20205,코스,NNG
20206,는,JX
20207,크,VA
20208,게,EC
20209,시내,NNG
20210,권,XSN
20211,보문관광단지,NNP
20212,토함산,NNP
20213,남산,NNG
20214,경주,NNP
20215,여행,NNG
20216,3,SN
20217,박,NNBC
20218,4,SN
20219,일,NNBC
20220,갈려고,VV+EC
20221,하,VV
20222,는,ETM
20223,데,NNB
20224,24,SN
20225,만,NR
20226,원,NNBC
20227,괜찮,VA
20228,을까요,EC
20229,애인,NNG
20230,이랑,JC
20231,3,SN
20232,박,NNBC
20233,4,SN
20234,일,NNBC
20235,경주,NNP
20236,여행,NNG
20237,갈려고,VV+EC
20238,하,VV
20239,는데,EC
20240,돈,NNG
20241,을,JKO
20242,제,NP
20243,가,JKS
20244,다,MAG
20245,쓸려고,VV+EC
20246,맘먹,VV
20247,었,EP
20248,는데,EC
20249,24,SN
20250,만,NR
20251,원,NNBC
20252,이,VCP
20253,면,EC
20254,충분,XR
20255,할까요,XSA+EC
20256,경주,NNP
20257,여행,NNG
20258,3,SN
20259,박,NNBC
20260,4,SN
20261,일,NNBC
20262,갈려고,VV+EC
20263,하,VV
20264,는,ETM
20265,데,NNB
20266,245000,SN
20267,원,NNBC
20268,괜찮,VA
20269,을까,EC
20270,애인,NNG
20271,이랑,JC
20272,3,SN
20273,박,NNBC
20274,4,SN
20275,일,NNBC
20276,경주,NNP
20277,여행,NNG
20278,갈려고,VV+EC
20279,하,VV
20280,는데,EC
20281,돈,NNG
20282,을,JKO
20283,제,NP
20284,가,JKS
20285,다,MAG
20286,쓸려고,VV+EC
20287,맘먹,VV
20288,었,EP
20289,는데,EC
20290,24,SN
20291,만,NR
20292,원,NNBC
20293,이,VCP
20294,면,EC
20295,경주,NNP
20296,여행,NNG
20297,코스,NNG
20298,좀,MAG
20299,경주,NNP
20300,여행,NNG
20301,코스,NNG
20302,좀,MAG
20303,경주,NNP
20304,여행,NNG
20305,을,JKO
20306,계획,NNG
20307,하,XSV
20308,고,EC
20309,계신,VX+ETM
20310,다니,VCP+EC
20311,정말,MAG
20312,흥미,NNG
20313,로운,XSA+ETM
20314,여행,NNG
20315,이,JKS
20316,될,VV+ETM
20317,것,NNB
20318,같,VA
20319,습니다,EF
20320,경주,NNP
20321,는,JX
20322,신라,NNP
20323,의,JKG
20324,역사,NNG
20325,와,JC
20326,문화,NNG
20327,아름다운,VA+ETM
20328,자연,NNG
20329,경관,NNG
20330,을,JKO
20331,느낄,VV+ETM
20332,수,NNB
20333,있,VV
20334,는,ETM
20335,대한민국,NNP
20336,의,JKG
20337,대표,NNG
20338,적,XSN
20339,인,VCP+ETM
20340,관광,NNG
20341,도시,NNG
20342,입니다,VCP+EC
20343,1,SN
20344,박,NNBC
20345,2,SN
20346,일,NNBC
20347,동안,NNG
20348,방문,NNG
20349,할,XSV+ETM
20350,수,NNB
20351,있,VV
20352,는,ETM
20353,추천,NNG
20354,여행,NNG
20355,경주,NNP
20356,여행,NNG
20357,실내,NNG
20358,관광,NNG
20359,경주,NNG
20360,여행,NNG
20361,가,VV
20362,는데,EC
20363,비,NNG
20364,가,JKS
20365,많이,MAG
20366,오,VV
20367,더라고요,EC
20368,실내,NNG
20369,로,JKB
20370,가,VV
20371,는,ETM
20372,곳,NNG
20373,추천,NNG
20374,좀,MAG
20375,해,VV+EC
20376,주,VX
20377,세요,EP+EF
20378,검색,NNG
20379,을,JKO
20380,기반,NNG
20381,삼,VV
20382,아,EC
20383,경주,NNP
20384,에서,JKB
20385,비,NNG
20386,가,JKS
20387,오,VV
20388,는,ETM
20389,실제,NNG
20390,방문,NNG
20391,하,XSV
20392,시,EP
20393,는,ETM
20394,날씨,NNG
20395,와,JC
20396,여행,NNG
20397,일정,NNG
20398,에,JKB
20399,따라,VV+EC
20400,운영,NNG
20401,시간,NNG
20402,을,JKO
20403,확인,NNG
20404,해,XSV+EC
20405,보,VX
20406,시,EP
20407,고,EC
20408,즐거운,VA+ETM
20409,경주,NNP
20410,여행,NNG
20411,되,XSV
20412,시,EP
20413,길,ETN+JKO
20414,바랍니다,VV+EF
20415,채택,NNG
20416,해,XSV+EC
20417,경주,NNP
20418,여행,NNG
20419,운전,NNG
20420,평상시,NNG
20421,에,JKB
20422,는,JX
20423,운전,NNG
20424,을,JKO
20425,안,MAG
20426,하,VV
20427,고,EC
20428,제주,NNP
20429,여행,NNG
20430,갈,VV+ETM
20431,때,NNG
20432,몇,MM
20433,번,NNBC
20434,해,VV+EC
20435,본,VX+ETM
20436,게,NNB+JKS
20437,다,MAG
20438,입니다,VCP+EF
20439,경주,NNP
20440,케,IC
20441,텍스,NNG
20442,타,VV
20443,고,EC
20444,가,VX
20445,서,EC
20446,렌트,NNG
20447,할,VV+ETM
20448,거,NNB
20449,같,VA
20450,은데,EC
20451,초보,NNG
20452,운전,NNG
20453,도,JX
20454,돌아다니,VV
20455,기,ETN
20456,어렵,VA
20457,지,EC
20458,않,VX
20459,을까요,EC
20460,경주,NNP
20461,는,JX
20462,그렇게,MAG
20463,복잡,XR
20464,하,XSA
20465,지,EC
20466,는,JX
20467,않,VX
20468,은,ETM
20469,곳,NNG
20470,이,VCP
20471,지만,EC
20472,운전,NNG
20473,에,JKB
20474,자신,NNG
20475,이,JKS
20476,없,VA
20477,다면,EC
20478,조심,NNG
20479,운전,NNG
20480,을,JKO
20481,하,VV
20482,면,EC
20483,경주,NNP
20484,여행,NNG
20485,질문,NNG
20486,이,VCP
20487,요,EC
20488,사,VV
20489,시,EP
20490,거나,EC
20491,경주,NNP
20492,여행,NNG
20493,가,VV+EC
20494,보,VX
20495,신,EP+ETM
20496,분,NNB
20497,들,XSN
20498,의,JKG
20499,의견,NNG
20500,부탁,NNG
20501,드립니다,VV+EC
20502,경주,NNP
20503,한,MM
20504,바퀴,NNBC
20505,돌,VV
20506,아,EC
20507,주,VX
20508,는,ETM
20509,버스,NNG
20510,타,VV
20511,시,EP
20512,거나,EC
20513,택시,NNG
20514,타,VV
20515,세용,EP+EF
20516,걸어서,VV+EC
20517,경주,NNP
20518,여행,NNG
20519,해,XSV+EC
20520,보,VX
20521,면,EC
20522,알,VV+ETM
20523,거,NNB
20524,에요,VCP+EF
20525,택시,NNG
20526,잡,VV
20527,기,ETN
20528,힘들,VA
20529,어요,EF
20530,첨,NNG
20531,부터,JX
20532,택시,NNG
20533,많,VA
20534,은,ETM
20535,관광지,NNG
20536,에서,JKB
20537,택시,NNG
20538,잡,VV
20539,거나,EC
20540,카카오,NNP
20541,택시,NNG
20542,경주,NNP
20543,여행,NNG
20544,식당,NNG
20545,추천,NNG
20546,부탁,NNG
20547,드립니다,VV+EC
20548,한,MM
20549,시간,NNG
20550,뒤,VV
20551,면,EC
20552,경주,NNP
20553,도착,NNG
20554,하,XSV
20555,는데,EC
20556,경주,NNP
20557,여행가,NNG
20558,서,JKB
20559,여기,NP
20560,는,JX
20561,꼭,MAG
20562,가,VV+EC
20563,봐야,VX+EC
20564,한다,VX+EC
20565,하,VV
20566,는,ETM
20567,식당,NNG
20568,이,JKS
20569,경주,NNP
20570,여행,NNG
20571,에서,JKB
20572,특별,NNG
20573,한,XSA+ETM
20574,대접,NNG
20575,을,JKO
20576,받,VV
20577,을,ETM
20578,수,NNB
20579,있,VV
20580,는,ETM
20581,식당,NNG
20582,을,JKO
20583,추천,NNG
20584,해,XSV+EC
20585,드리,VX
20586,겠,EP
20587,습니다,EF
20588,위,IC
20589,두,MM
20590,식당,NNG
20591,중,NNB
20592,하나,NR
20593,를,JKO
20594,선택,NNG
20595,하,XSV
20596,시,EP
20597,면,EC
20598,경주,NNP
20599,여행,NNG
20600,에서,JKB
20601,특별,NNG
20602,한,XSA+ETM
20603,대접,NNG
20604,을,JKO
20605,받,VV
20606,을,ETM
20607,수,NNB
20608,있,VV
20609,을,ETM
20610,3,SN
20611,월,NNBC
20612,1,SN
20613,일,NNBC
20614,경주,NNP
20615,여행,NNG
20616,코스,NNG
20617,(,SSO
20618,당일치기,NNG
20619,),SSC
20620,학생,NNG
20621,4,SN
20622,명,NNBC
20623,이,VCP
20624,고,EC
20625,3,SN
20626,1,SN
20627,경주,NNP
20628,여행,NNG
20629,코스,NNG
20630,좀,MAG
20631,알려,VV+EC
20632,주,VX
20633,세요,EP+EF
20634,첨성대,NNG
20635,근처,NNG
20636,한복,NNG
20637,나드리,NNG
20638,에서,JKB
20639,질문,NNG
20640,하,XSV
20641,신,EP+ETM
20642,경주,NNP
20643,여행,NNG
20644,일정,NNG
20645,관련,NNG
20646,답변,NNG
20647,드리,VV
20648,도록,EC
20649,하,VX
20650,겠,EP
20651,습니다,EF
20652,황리,NNG
20653,단,MM
20654,길,NNG
20655,과,JC
20656,맞춤,NNG
20657,형,XSN
20658,경주,NNG
20659,여행,NNG
20660,일정,NNG
20661,을,JKO
20662,준비,NNG
20663,했,XSV+EP
20664,어요,EF
20665,아래,NNG
20666,첨부,NNG
20667,된,XSV+ETM
20668,일정,NNG
20669,을,JKO
20670,참고,NNG
20671,해,XSV+EC
20672,보,VX
20673,시,EP
20674,고,EC
20675,여행,NNG
20676,에,JKB
20677,경주,NNP
20678,여행,NNG
20679,경주,NNG
20680,여행,NNG
20681,은,JX
20682,역사,NNG
20683,여행,NNG
20684,에,JKB
20685,의미,NNG
20686,를,JKO
20687,두,VV
20688,고,EC
20689,다녀왔,VV+EP
20690,는데요,EF
20691,생각,NNG
20692,보다,JKB
20693,는,JX
20694,재미,NNG
20695,가,JKS
20696,없,VA
20697,었,EP
20698,어요,EF
20699,너무,MAG
20700,진지,XR
20701,하,XSA
20702,게,EC
20703,공부,NNG
20704,하,XSV
20705,는,ETM
20706,느낌,NNG
20707,으로,JKB
20708,질문,NNG
20709,하,XSV
20710,신,EP+ETM
20711,경주,NNP
20712,여행지,NNG
20713,관련,NNG
20714,답변,NNG
20715,드리,VV
20716,도록,EC
20717,하,VX
20718,겠,EP
20719,습니다,EF
20720,가,VV
20721,볼,EC+VX+ETM
20722,만,NNB
20723,한,XSA+ETM
20724,경주,NNP
20725,여행지,NNG
20726,중,NNB
20727,에서,JKB
20728,는,JX
20729,동궁,NNG
20730,과,JC
20731,월지,NNG
20732,2,SN
20733,박,NNBC
20734,3,SN
20735,일,NNBC
20736,경주,NNP
20737,여행,NNG
20738,코스,NNG
20739,추천,NNG
20740,뚜벅,MAG
20741,이,JKC
20742,위한,VV+ETM
20743,경주,NNP
20744,여행,NNG
20745,코스,NNG
20746,추천,NNG
20747,부탁,NNG
20748,드려요,VV+EC
20749,세,MM
20750,분,NNBC
20751,이,JKS
20752,오붓,XR
20753,하,XSA
20754,게,EC
20755,경주,NNP
20756,여행,NNG
20757,계획,NNG
20758,하,XSV
20759,고,EC
20760,계시,VX
20761,는군요,EC
20762,대중교통,NNG
20763,을,JKO
20764,이용,NNG
20765,해서,XSV+EC
20766,돌아볼,VV+ETM
20767,생각,NNG
20768,이,VCP
20769,시,EP
20770,라면,EC
20771,가볍,VA
20772,게,EC
20773,코스,NNG
20774,를,JKO
20775,짜,VV+EC
20776,보,VX
20777,시,EP
20778,는,ETM
20779,것,NNB
20780,도,JX
20781,좋,VA
20782,을,ETM
20783,거,NNB
20784,같,VA
20785,습니다,EF
20786,1,SN
20787,경주,NNP
20788,여행,NNG
20789,코스,NNG
20790,추천,NNG
20791,경주,NNG
20792,여행,NNG
20793,코스,NNG
20794,추천,NNG
20795,가족,NNG
20796,안녕,NNG
20797,하,XSV
20798,세요,EP+EF
20799,무,XPN
20800,계획,NNG
20801,이,MM
20802,루트,NNG
20803,로,JKB
20804,실행,NNG
20805,하,XSV
20806,면,EC
20807,실패,NNG
20808,없,VA
20809,는,ETM
20810,경주,NNP
20811,여행지,NNG
20812,를,JKO
20813,소개,NNG
20814,해,XSV+EC
20815,드릴까,VX+EC
20816,합니다,VX+EF
20817,한번,MAG
20818,보,VV
20819,시,EP
20820,고,EC
20821,마음,NNG
20822,에,JKB
20823,드신,VV+EP+ETM
20824,다면,NNG
20825,채택,NNG
20826,부탁,NNG
20827,드립니다,VV+EC
20828,경주,NNP
20829,여행,NNG
20830,중,NNB
20831,꼭,MAG
20832,가,VV+EC
20833,봐야,VX+EC
20834,할,VX+ETM
20835,맛집,NNG
20836,리스트,NNG
20837,는,JX
20838,무엇,NP
20839,인가요,VCP+EF
20840,?,SF
20841,경주,NNP
20842,여행,NNG
20843,을,JKO
20844,계획,NNG
20845,중,NNB
20846,이,VCP
20847,며,EC
20848,필수,NNG
20849,방문,NNG
20850,맛집,NNG
20851,과,JC
20852,핫,NNG
20853,플레이스,NNG
20854,를,JKO
20855,알,VV
20856,고,EC
20857,싶,VX
20858,습니다,EF
20859,현지인,NNG
20860,들,XSN
20861,이,JKS
20862,추천,NNG
20863,하,XSV
20864,는,ETM
20865,숨,NNG
20866,은,JX
20867,명소,NNG
20868,나,JC
20869,경주,NNP
20870,여행,NNG
20871,시,NNB
20872,꼭,MAG
20873,가,VV+EC
20874,봐야,VX+EC
20875,할,VX+ETM
20876,맛집,NNG
20877,은,JX
20878,황남빵,NNP
20879,경주,NNP
20880,식당,NNG
20881,잔치국수,NNP
20882,교동,NNP
20883,법주,NNP
20884,신라,NNP
20885,밀면,NNP
20886,이,VCP
20887,에요,EF
20888,핫,IC
20889,플레이스,NNG
20890,는,JX
20891,경주,NNP
20892,불국사,NNP
20893,와,JKB
20894,경주,NNP
20895,여행,NNG
20896,일정,NNG
20897,도와,VV+EC
20898,주,VX
20899,세요,EP+EF
20900,!,SF
20901,!,SY
20902,그냥,MAG
20903,최소한,NNG
20904,의,JKG
20905,움직임,NNG
20906,으로,JKB
20907,이틀,NNG
20908,동안,NNG
20909,다녀올,VV+ETM
20910,수,NNB
20911,있,VV
20912,는,ETM
20913,경주,NNP
20914,여행,NNG
20915,코스,NNG
20916,좀,MAG
20917,알려,VV+EC
20918,주,VX
20919,세요,EP+EF
20920,예쁜,VA+ETM
20921,카페,NNP
20922,도,JX
20923,추천,NNG
20924,질문,NNG
20925,하,XSV
20926,신,EP+ETM
20927,경주,NNP
20928,여행,NNG
20929,일정,NNG
20930,관련,NNG
20931,답변,NNG
20932,드리,VV
20933,도록,EC
20934,하,VX
20935,겠,EP
20936,습니다,EF
20937,질,NNG
20938,문자,NNG
20939,님,XSN
20940,께서,JKS
20941,원,NNG
20942,하,XSV
20943,신,EP+ETM
20944,대로,NNB
20945,최대한,NNG
20946,여유,NNG
20947,로운,XSA+ETM
20948,경주,NNP
20949,여행,NNG
20950,일정,NNG
20951,을,JKO
20952,준비,NNG
20953,해,XSV+EC
20954,경주,NNP
20955,여행,NNG
20956,가,VV
20957,려는데,EC
20958,추천,NNG
20959,좀,MAG
20960,요,JX
20961,!,SF
20962,!,SY
20963,엄마,NNG
20964,혼자,NNG
20965,초,XPN
20966,4,SN
20967,초,NNBC
20968,2,SN
20969,아들,NNG
20970,둘,NR
20971,데리,VV
20972,고,EC
20973,주,VX
20974,중,NNB
20975,에,JKB
20976,경주,NNP
20977,여행,NNG
20978,정도,NNG
20979,경주,NNP
20980,여행,NNG
20981,을,JKO
20982,다녀온,VV+ETM
20983,것,NNB
20984,같,VA
20985,은데요,EC
20986,구체,NNG
20987,적,XSN
20988,인,VCP+ETM
20989,일정,NNG
20990,이,JKS
20991,없,VA
20992,어서,EC
20993,주,VX
20994,요,EC
20995,경주,NNP
20996,여행,NNG
20997,코스,NNG
20998,맛집,NNG
20999,숙소,NNG
21000,에,JKB
21001,대한,VV+ETM
21002,제,MM
21003,경험담,NNG
21004,을,JKO
21005,묶,VV
21006,어서,EC
21007,소개,NNG
21008,할게요,XSV+EC
21009,경주,NNP
21010,여행,NNG
21011,TIP,SL
21012,1,SN
21013,경주,NNP
21014,여행,NNG
21015,코스,NNG
21016,는,JX
21017,경주,NNP
21018,여행,NNG
21019,추천,NNG
21020,경주,NNP
21021,여행지,NNG
21022,좀,MAG
21023,추천,NNG
21024,해,XSV+EC
21025,주,VX
21026,세요,EP+EF
21027,문,NNG
21028,의,JKG
21029,주신,NNG
21030,경주,NNP
21031,여행지,NNG
21032,추천,NNG
21033,드릴게요,VV+EC
21034,즐거운,VA+ETM
21035,경주,NNP
21036,여행,NNG
21037,되,XSV
21038,셨,EP+EP
21039,으면,EC
21040,좋,VA
21041,겠,EP
21042,어요,EF
21043,경북,NNP
21044,경주,NNP
21045,가,VV
21046,볼,EC+VX+ETM
21047,만,NNB
21048,한,XSA+ETM
21049,곳,NNG
21050,1,SN
21051,황성,NNG
21052,공원,NNG
21053,2,SN
21054,양남,NNG
21055,주상,NNG
21056,절리,NNG
21057,3,SN
21058,동궁,NNG
21059,과,JC
21060,월지,NNG
21061,4,SN
21062,동,NNBC
21063,궁원,NNG
21064,5,SN
21065,황리,NNG
21066,단,MM
21067,길,NNG
21068,6,SN
21069,첨성대,NNG
21070,7,SN
21071,경주,NNP
21072,여행,NNG
21073,코스,NNG
21074,질문,NNG
21075,경주,NNG
21076,여행,NNG
21077,을,JKO
21078,가,VV
21079,는데,EC
21080,예전,NNG
21081,에,JKB
21082,가본적,NNG
21083,이,JKS
21084,있,VV
21085,어서,EC
21086,대충,MAG
21087,지리,NNG
21088,적,XSN
21089,인,VCP+ETM
21090,건,NNB+JX
21091,아,VV
21092,는데,EC
21093,질문,NNG
21094,하,XSV
21095,신,EP+ETM
21096,경주,NNP
21097,여행,NNG
21098,코스,NNG
21099,관련,NNG
21100,답변,NNG
21101,드리,VV
21102,겠,EP
21103,습니다,EF
21104,경주로,NNG
21105,의,JKG
21106,1,SN
21107,박,NNBC
21108,2,SN
21109,일,NNBC
21110,여행,NNG
21111,을,JKO
21112,2,SN
21113,일,NNBC
21114,경주,NNP
21115,여행,NNG
21116,일정,NNG
21117,을,JKO
21118,준비,NNG
21119,했,XSV+EP
21120,어요,EF
21121,아래,NNG
21122,첨부,NNG
21123,된,XSV+ETM
21124,일정,NNG
21125,을,JKO
21126,참고,NNG
21127,해,XSV+EC
21128,보,VX
21129,시,EP
21130,고,EC
21131,즐거운,VA+ETM
21132,경주,NNP
21133,여행,NNG
21134,가,VV
21135,는데,EC
21136,여행,NNG
21137,코스,NNG
21138,추천,NNG
21139,이,VCP
21140,요,EC
21141,제,NP
21142,가,JKS
21143,중,NNG
21144,3,SN
21145,인데,VCP+EC
21146,중,NNB
21147,3,SN
21148,이,JKS
21149,좋,VA
21150,아,EC
21151,할,VX+ETM
21152,만,NNB
21153,한,XSA+ETM
21154,경주,NNP
21155,여행,NNG
21156,코스,NNG
21157,추천,NNG
21158,이,VCP
21159,요,EC
21160,문,NNG
21161,의,JKG
21162,주신,NNG
21163,경주,NNP
21164,여행,NNG
21165,코스,NNG
21166,추천,NNG
21167,드릴게요,VV+EC
21168,재밌,VA
21169,게,EC
21170,놀,VV
21171,다,EC
21172,오,VX
21173,셨,EP+EP
21174,으면,EC
21175,좋,VA
21176,겠,EP
21177,어요,EF
21178,경북,NNP
21179,경주,NNP
21180,가,VV
21181,볼,EC+VX+ETM
21182,만,NNB
21183,한,XSA+ETM
21184,곳,NNG
21185,1,SN
21186,황성,NNG
21187,공원,NNG
21188,2,SN
21189,양남,NNG
21190,주상,NNG
21191,절리,NNG
21192,3,SN
21193,동궁,NNG
21194,과,JC
21195,월지,NNG
21196,4,SN
21197,동,NNBC
21198,궁원,NNG
21199,5,SN
21200,엄마,NNG
21201,와,JC
21202,경주,NNP
21203,여행,NNG
21204,엄마,NNG
21205,와,JC
21206,경주,NNP
21207,여행,NNG
21208,평일,NNG
21209,에,JKB
21210,대중교통,NNG
21211,타,VV
21212,고,EC
21213,가,VX
21214,려고,EC
21215,하,VX
21216,는데요,EF
21217,일단,MAG
21218,불국사,NNG
21219,가,VV
21220,고,EC
21221,도보,NNG
21222,대중교통,NNG
21223,이용,NNG
21224,의,JKG
21225,경주,NNG
21226,여행,NNG
21227,코스,NNG
21228,의견,NNG
21229,드려,VV+EC
21230,볼께요,VX+EF
21231,먼저,MAG
21232,평일,NNG
21233,어머니,NNG
21234,와,JC
21235,어머니,NNG
21236,와,JC
21237,행복,NNG
21238,한,XSA+ETM
21239,경주,NNP
21240,여행,NNG
21241,되,XSV
21242,세요,EP+EF
21243,경주,NNP
21244,주요,NNG
21245,관광지,NNG
21246,의,JKG
21247,교통편,NNG
21248,도보,NNG
21249,포함,NNG
21250,뚜벅,MAG
21251,이,MM
21252,경주,NNP
21253,여행,NNG
21254,1,SN
21255,박,NNBC
21256,코스,NNG
21257,추천,NNG
21258,좀,MAG
21259,요,JX
21260,여자,NNG
21261,친구,NNG
21262,랑,JC
21263,경주,NNP
21264,여행,NNG
21265,을,JKO
21266,가,VV
21267,려고,EC
21268,하,VV
21269,는데,EC
21270,뚜벅,MAG
21271,이,XSN
21272,로,JKB
21273,돌아다닐,VV+ETM
21274,코스,NNG
21275,좀,MAG
21276,추천,NNG
21277,해,XSV+EC
21278,주,VX
21279,세요,EP+EF
21280,경주,NNP
21281,월드,NNG
21282,는,JX
21283,제외,NNG
21284,하,XSV
21285,고요,EC
21286,그,MM
21287,여자,NNG
21288,친구,NNG
21289,와,JKB
21290,가,VV
21291,볼,EC+VX+ETM
21292,만,NNB
21293,한,XSA+ETM
21294,경주,NNP
21295,여행,NNG
21296,코스,NNG
21297,추천,NNG
21298,드릴게요,VV+EC
21299,좋,VA
21300,은,ETM
21301,하루,NNG
21302,되,VV
21303,세요,EP+EF
21304,경주,NNP
21305,가,VV
21306,볼,EC+VX+ETM
21307,만,NNB
21308,한,XSA+ETM
21309,곳,NNG
21310,1,SN
21311,경주,NNG
21312,경주,NNP
21313,여행,NNG
21314,HELP,SL
21315,!,SY
21316,2,SN
21317,월,NNBC
21318,18,SN
21319,일,NNBC
21320,부터,JX
21321,2,SN
21322,월,NNBC
21323,20,SN
21324,일,NNBC
21325,까지,JX
21326,2,SN
21327,박,NNBC
21328,3,SN
21329,일,NNBC
21330,로,JKB
21331,가족,NNG
21332,들,XSN
21333,이랑,JC
21334,경주,NNP
21335,여행,NNG
21336,가,VV
21337,려고,EC
21338,하,VV
21339,는데,EC
21340,어딜,NP+JKO
21341,가,VV
21342,야,EC
21343,할지,VX+EC
21344,모르,VV
21345,겠,EP
21346,어요,EF
21347,도와,VV+EC
21348,주,VX
21349,세요,EP+EF
21350,중,NNB
21351,1,SN
21352,경주,NNP
21353,여행,NNG
21354,추천,NNG
21355,지,NNG
21356,입니다,VCP+EF
21357,경주,NNP
21358,월드,NNG
21359,테마파크,NNG
21360,경주,NNP
21361,엑스포,NNG
21362,대공원,NNG
21363,경주,NNP
21364,국립,NNG
21365,박물관,NNG
21366,경주,NNP
21367,대,XPN
21368,원릉,NNG
21369,동굴,NNG
21370,과,JC
21371,월지,NNG
21372,뚜벅,MAG
21373,이,MM
21374,경주,NNP
21375,여행,NNG
21376,다음,NNG
21377,주,NNG
21378,평일,NNG
21379,에,JKB
21380,화,NNG
21381,수,NNG
21382,중,NNB
21383,경주,NNP
21384,여행,NNG
21385,가,VV
21386,려고,EC
21387,했,VX+EP
21388,는데,EC
21389,시기,NNG
21390,상,XSN
21391,뷰,NNP
21392,가,JKS
21393,별로,MAG
21394,일,VV+ETM
21395,거,NNB
21396,같,VA
21397,아서,EC
21398,고민,NNG
21399,입니다,VCP+EF
21400,혼자,NNG
21401,뚜벅,MAG
21402,이,MM
21403,꽃,NNG
21404,피,VV
21405,고,EC
21406,봄바람,NNG
21407,살랑살랑,MAG
21408,부,NNG
21409,는,JX
21410,4,SN
21411,월,NNBC
21412,달,NNG
21413,경주,NNP
21414,여행,NNG
21415,오푸스,NNG
21416,에서,JKB
21417,즐겨,VV+EC
21418,보,VX
21419,세요,EP+EF
21420,전,MM
21421,객실,NNG
21422,개별,NNG
21423,바베큐,NNG
21424,장,NNG
21425,으로,JKB
21426,경주,NNP
21427,여행,NNG
21428,추천,NNG
21429,50,SN
21430,대,NNBC
21431,부부,NNG
21432,10,SN
21433,월,NNBC
21434,여행,NNG
21435,경주,NNG
21436,여행,NNG
21437,1,SN
21438,박,NNBC
21439,2,SN
21440,일,NNBC
21441,코스,NNG
21442,밤,NNG
21443,야경,NNG
21444,과,JC
21445,숙소,NNG
21446,및,MAJ
21447,먹거리,NNG
21448,추천,NNG
21449,부탁,NNG
21450,합니다,XSV+EF
21451,경주,NNP
21452,여행,NNG
21453,을,JKO
21454,계획,NNG
21455,중,NNB
21456,이,VCP
21457,시,EP
21458,군요,EF
21459,그럼,MAJ
21460,경주,NNP
21461,에서,JKB
21462,가,VV
21463,볼,EC+VX+ETM
21464,만,NNB
21465,한,XSA+ETM
21466,곳,NNG
21467,들,XSN
21468,추천,NNG
21469,해,XSV+EC
21470,드리,VX
21471,겠,EP
21472,습니다,EF
21473,첨성대,NNG
21474,동궁,NNG
21475,과,JC
21476,월지,NNG
21477,대릉원,NNG
21478,경주,NNP
21479,여행,NNG
21480,코스,NNG
21481,부탁,NNG
21482,드려요,VV+EC
21483,출발,NNG
21484,합니다,XSV+EF
21485,경주,NNP
21486,여행,NNG
21487,코스,NNG
21488,부탁,NNG
21489,드립니다,VV+EC
21490,숙소,NNG
21491,는,JX
21492,아직,MAG
21493,예약,NNG
21494,안,MAG
21495,했,VV+EP
21496,어요,EF
21497,코스,NNG
21498,보고,JKB
21499,근처,NNG
21500,게스트,NNP
21501,하우스,NNP
21502,로,JKB
21503,잡,VV
21504,으려고요,EF
21505,안녕,IC
21506,하,VV
21507,세요,EP+EF
21508,무,XPN
21509,계획,NNG
21510,없이,MAG
21511,이,MM
21512,루트,NNG
21513,로,JKB
21514,가,VV
21515,면,EC
21516,실패,NNG
21517,없,VA
21518,는,ETM
21519,경주,NNP
21520,여행,NNG
21521,아이,NNG
21522,와,JC
21523,경주,NNP
21524,여행,NNG
21525,코스,NNG
21526,짜,VV
21527,려고,EC
21528,하,VV
21529,는데,EC
21530,동선,NNG
21531,ㅠㅠㅠ어렵네요,UNKNOWN
21532,가족,NNG
21533,들,XSN
21534,과,JC
21535,경주,NNP
21536,여행,NNG
21537,계획,NNG
21538,중,NNB
21539,입니다,VCP+EF
21540,구성원,NNG
21541,은,JX
21542,남편,NNG
21543,저,MM
21544,4,SN
21545,세,NNBC
21546,7,SN
21547,세,NNBC
21548,아이,NNG
21549,와,JKB
21550,함께,MAG
21551,합니다,VV+EF
21552,첫째,NR
21553,날,NNG
21554,강동,MAG
21555,워터,NNG
21556,파크,NNG
21557,6,SN
21558,시,NNBC
21559,까지,JX
21560,보낼,VV+ETM
21561,아이,NNG
21562,와,JKB
21563,함께,MAG
21564,하,VV
21565,는,ETM
21566,경주,NNP
21567,여행,NNG
21568,정말,MAG
21569,좋,VA
21570,을,ETM
21571,것,NNB
21572,같,VA
21573,습니다,EF
21574,여행,NNG
21575,하,XSV
21576,는,ETM
21577,동안,NNG
21578,필요,NNG
21579,한,XSA+ETM
21580,정보,NNG
21581,를,JKO
21582,확인,NNG
21583,하,XSV
21584,실,EP+ETM
21585,수,NNB
21586,있,VV
21587,는,ETM
21588,정보,NNG
21589,를,JKO
21590,경주,NNP
21591,여행,NNG
21592,코스,NNG
21593,(,SSO
21594,2,SN
21595,박,NNBC
21596,3,SN
21597,일,NNBC
21598,),SSC
21599,질문,NNG
21600,이,JKS
21601,있,VA
21602,어요,EF
21603,5,SN
21604,월,NNBC
21605,23,SN
21606,일,NNBC
21607,5,SN
21608,월,NNBC
21609,25,SN
21610,일,NNBC
21611,경주,NNP
21612,여행,NNG
21613,코스,NNG
21614,추천,NNG
21615,해,XSV+EC
21616,주,VX
21617,세요,EP+EF
21618,1,SN
21619,대상,NNG
21620,어머니,NNG
21621,경주,NNP
21622,여행,NNG
21623,코스,NNG
21624,2,SN
21625,박,NNBC
21626,3,SN
21627,일,NNBC
21628,답변,NNG
21629,드릴게요,VV+EC
21630,경주,NNP
21631,여행,NNG
21632,코스,NNG
21633,2,SN
21634,박,NNBC
21635,3,SN
21636,일,NNBC
21637,답변,NNG
21638,드립니다,VV+EC
21639,어머님,NNG
21640,을,JKO
21641,모시,VV
21642,고,EC
21643,떠나,VV
21644,는,ETM
21645,경주,NNP
21646,여행,NNG
21647,이,JKS
21648,즐거운,VA+ETM
21649,추억,NNG
21650,으로,JKB
21651,남,VV
21652,을,ETM
21653,수,NNB
21654,있,VV
21655,도록,EC
21656,제,NP
21657,가,JKS
21658,2,SN
21659,박,NNBC
21660,3,SN
21661,일,NNBC
21662,경주,NNP
21663,여행,NNG
21664,10,SN
21665,월,NNBC
21666,2,SN
21667,박,NNBC
21668,3,SN
21669,일,NNBC
21670,경주,NNP
21671,여행,NNG
21672,코스,NNG
21673,및,MAJ
21674,식당,NNG
21675,추천,NNG
21676,부탁,NNG
21677,드립니다,VV+EC
21678,1,SN
21679,인,NNG
21680,여행,NNG
21681,숙소,NNG
21682,는,JX
21683,경주,NNP
21684,여행,NNG
21685,가실,NNG
21686,때,NNG
21687,방문,NNG
21688,하,XSV
21689,시,EP
21690,기,ETN
21691,좋,VA
21692,은,ETM
21693,뷰,NNP
21694,예쁜,VA+ETM
21695,카페,NNG
21696,입니다,VCP+EF
21697,포토,NNG
21698,존,NNP
21699,도,JX
21700,많,VA
21701,고,EC
21702,다양,XR
21703,한,XSA+ETM
21704,작품,NNG
21705,도,JX
21706,함께,MAG
21707,감상,NNG
21708,할,XSV+ETM
21709,수,NNB
21710,있,VV
21711,는,ETM
21712,카페,NNG
21713,라서,VCP+EC
21714,경주,NNP
21715,여행,NNG
21716,에,JKB
21717,참고,NNG
21718,해,XSV+EC
21719,수면,NNG
21720,좋,VA
21721,을,ETM
21722,거,NNB
21723,같,VA
21724,아요,EC
21725,경주,NNP
21726,여행,NNG
21727,질문,NNG
21728,안녕,NNG
21729,하,XSV
21730,세요,EP+EF
21731,경주,NNP
21732,여행,NNG
21733,을,JKO
21734,가,VV+EC
21735,본,VX+ETM
21736,적,NNB
21737,이,JKS
21738,없,VA
21739,는데,EC
21740,이번,NNG
21741,에,JKB
21742,가,VV+EC
21743,보,VX
21744,려고,EC
21745,하,VX
21746,거든요,EF
21747,1,SN
21748,일,NNBC
21749,정도,NNG
21750,돌아다닐,VV+ETM
21751,거,NNB
21752,같,VA
21753,은데,EC
21754,버스,NNG
21755,와,JC
21756,렌트카,NNG
21757,반갑,VA
21758,습니다,EF
21759,살,VV
21760,아,EC
21761,있,VX
21762,는,ETM
21763,문화,NNG
21764,유산,NNG
21765,의,JKG
21766,도시,NNG
21767,경주,NNP
21768,여행,NNG
21769,을,JKO
21770,1,SN
21771,인,NNG
21772,당일,NNG
21773,로,JKB
21774,준비,NNG
21775,중,NNB
21776,이,VCP
21777,시,EP
21778,네요,EF
21779,경주,NNP
21780,방문,NNG
21781,이,JKS
21782,처음,NNG
21783,이,VCP
21784,시,EP
21785,라면,EC
21786,경주,NNP
21787,여행,NNG
21788,코스,NNG
21789,어디,NP
21790,가,JKS
21791,★,SY
21792,가족,NNG
21793,들,XSN
21794,이랑,JC
21795,경주,NNP
21796,여행,NNG
21797,을,JKO
21798,가,VV
21799,려고,EC
21800,하,VV
21801,는데,EC
21802,경주,NNP
21803,여행,NNG
21804,코스,NNG
21805,를,JKO
21806,어떻게,MAG
21807,해야,VV+EC
21808,할지,VX+EC
21809,모르,VV
21810,겟,EP
21811,네요,EF
21812,경주,NNP
21813,여행,NNG
21814,코스,NNG
21815,어디,NP
21816,가,JKS
21817,좋,VA
21818,을까요,EF
21819,사실,MAG
21820,중학교,NNG
21821,때,NNG
21822,가,VV+EC
21823,보,VX
21824,고,EC
21825,안,MAG
21826,가,VV+EC
21827,봤,VX+EP
21828,어요,EF
21829,경주,NNP
21830,여행,NNG
21831,코스,NNG
21832,가장,MAG
21833,핫,NNG
21834,플레이스,NNG
21835,만,JX
21836,가,VV+EC
21837,보,VX
21838,고,EC
21839,싶,VX
21840,어요,EF
21841,혹시,MAG
21842,경주,NNP
21843,여행,NNG
21844,코스,NNG
21845,다,MAG
21846,들,XSN
21847,6,SN
21848,월,NNBC
21849,경주,NNP
21850,여행,NNG
21851,제,NP
21852,가,JKS
21853,6,SN
21854,월,NNBC
21855,달,NNG
21856,에,JKB
21857,엄마,NNG
21858,아빠,NNG
21859,랑,JKB
21860,언니,NNG
21861,랑,JC
21862,경주,NNP
21863,여행,NNG
21864,을,JKO
21865,가,VV
21866,는데요,EC
21867,갈,VX+ETM
21868,곳,NNG
21869,추천,NNG
21870,해,XSV+EC
21871,주,VX
21872,세요,EP+EF
21873,너무,MAG
21874,유명,XR
21875,한,XSA+ETM
21876,곳,NNG
21877,은,JX
21878,아니,VCN
21879,였,EP
21880,음,ETN
21881,하,VV
21882,네요,EF
21883,예,IC
21884,경주,NNP
21885,여행,NNG
21886,을,JKO
21887,계획,NNG
21888,하,XSV
21889,시,EP
21890,는,ETM
21891,것,NNB
21892,같,VA
21893,네요,EF
21894,저,NP
21895,도,JX
21896,여러분,NP
21897,들,XSN
21898,이,JKS
21899,즐길,VV+ETM
21900,수,NNB
21901,있,VV
21902,는,ETM
21903,장소,NNG
21904,와,JC
21905,활동,NNG
21906,을,JKO
21907,추천,NNG
21908,해,XSV+EC
21909,드릴게요,VX+EC
21910,1,SN
21911,경주,NNP
21912,월드컵,NNG
21913,경주,NNP
21914,여행지,NNG
21915,추천,NNG
21916,해,XSV+EC
21917,주,VX
21918,세요,EP+EF
21919,4,SN
21920,월,NNBC
21921,에,JKB
21922,경주,NNP
21923,여행,NNG
21924,계획,NNG
21925,이,JKS
21926,있,VA
21927,어요,EF
21928,3,SN
21929,박,NNBC
21930,일정,NNG
21931,으로,JKB
21932,가,VV
21933,려고,EC
21934,해요,VX+EF
21935,질문,NNG
21936,하,XSV
21937,신,EP+ETM
21938,경주,NNP
21939,여행지,NNG
21940,관련,NNG
21941,답변,NNG
21942,드리,VV
21943,도록,EC
21944,하,VX
21945,겠,EP
21946,습니다,EF
21947,4,SN
21948,월,NNBC
21949,에,JKB
21950,경주,NNP
21951,여행,NNG
21952,을,JKO
21953,가시,VV
21954,나,EC
21955,보,VX
21956,군요,EC
21957,경주,NNP
21958,는,JX
21959,대부분,NNG
21960,평지,NNG
21961,라,VCP+EC
21962,많,VA
21963,으니,EC
21964,경주,NNP
21965,여행지,NNG
21966,알아보,VV
21967,실,EP+ETM
21968,때,NNG
21969,조금,NNG
21970,이,VCP
21971,라도,EC
21972,참고,NNG
21973,되,XSV
21974,셨,EP+EP
21975,으면,EC
21976,경주,NNP
21977,여행,NNG
21978,추천,NNG
21979,좀,MAG
21980,해,VV+EC
21981,주,VX
21982,세요,EP+EF
21983,가,VV
21984,야,EC
21985,하,VV
21986,는,ETM
21987,경주,NNP
21988,여행지,NNG
21989,도,JX
21990,추천,NNG
21991,부탁,NNG
21992,합니다,XSV+EF
21993,경주,NNP
21994,보문,NNG
21995,단지,NNG
21996,내,NNB
21997,에,JKB
21998,위치,NNG
21999,한,XSA+ETM
22000,우양,NNG
22001,미술관,NNG
22002,은,JX
22003,국내,NNG
22004,최초,NNG
22005,경주,NNP
22006,여행,NNG
22007,에서,JKB
22008,꼭,MAG
22009,추천,NNG
22010,드리,VV
22011,고,EC
22012,싶,VX
22013,은,ETM
22014,장소,NNG
22015,는,JX
22016,동궁,NNG
22017,과,JC
22018,월지,NNG
22019,인데요,VCP+EF
22020,신라,NNP
22021,시대,NNG
22022,의,JKG
22023,별,MM
22024,궁터,NNG
22025,였었,VCP+EP
22026,고,EC
22027,왕자,NNG
22028,가,JKS
22029,생활,NNG
22030,하,XSV
22031,는,ETM
22032,장소,NNG
22033,였,VCP+EP
22034,다고,EC
22035,합니다,VX+EC
22036,경주,NNP
22037,여행,NNG
22038,코스,NNG
22039,(,SSO
22040,지도,NNG
22041,),SSC
22042,",",SC
22043,숙소,NNG
22044,2,SN
22045,주,NNBC
22046,후,NNG
22047,에,JKB
22048,여자,NNG
22049,친구,NNG
22050,와,JKB
22051,같이,MAG
22052,경주,NNP
22053,여행,NNG
22054,을,JKO
22055,하,VV
22056,기,ETN
22057,로,JKB
22058,했,VV+EP
22059,어요,EF
22060,차,NNG
22061,를,JKO
22062,가지,VV
22063,고,EC
22064,갈,VX+ETM
22065,예정,NNG
22066,인데요,VCP+EF
22067,경주,NNP
22068,여행,NNG
22069,어떤,MM
22070,식,NNB
22071,으로,JKB
22072,코스,NNG
22073,를,JKO
22074,잡,VV
22075,고,EC
22076,가,VX
22077,는,ETM
22078,것,NNB
22079,이,JKS
22080,좋,VA
22081,을까요,EF
22082,그리고,MAJ
22083,경주,NNP
22084,여행,NNG
22085,코스,NNG
22086,지도,NNG
22087,를,JKO
22088,알아보,VV
22089,고,EC
22090,외,NNB
22091,경주,NNP
22092,여행,NNG
22093,하,XSV
22094,면서,EC
22095,갈,VX+ETM
22096,만,NNB
22097,한,XSA+ETM
22098,곳,NNG
22099,몇,MM
22100,군데,NNBC
22101,도,JX
22102,알려,VV+EC
22103,주,VX
22104,세요,EP+EF
22105,경주,NNP
22106,경주,NNP
22107,여행,NNG
22108,2,SN
22109,박,NNBC
22110,3,SN
22111,일,NNBC
22112,코스,NNG
22113,조언,NNG
22114,부탁,NNG
22115,드립니다,VV+EF
22116,.,SF
22117,저희,NP
22118,가족,NNG
22119,과,JC
22120,저희,NP
22121,부모,NNG
22122,님,XSN
22123,을,JKO
22124,모시,VV
22125,고,EC
22126,경주,NNP
22127,여행,NNG
22128,을,JKO
22129,2,SN
22130,박,NNBC
22131,3,SN
22132,일,NNBC
22133,질문,NNG
22134,하,XSV
22135,신,EP+ETM
22136,경주,NNP
22137,여행,NNG
22138,코스,NNG
22139,관련,NNG
22140,답변,NNG
22141,드리,VV
22142,겠,EP
22143,습니다,EF
22144,가족,NNG
22145,분,NNB
22146,들,XSN
22147,과,JKB
22148,함께,MAG
22149,경주,NNP
22150,여행,NNG
22151,을,JKO
22152,계획,NNG
22153,하,XSV
22154,고,EC
22155,계시,VX
22156,는군요,EC
22157,가족,NNG
22158,3,SN
22159,일,NNBC
22160,경주,NNP
22161,여행,NNG
22162,일정,NNG
22163,을,JKO
22164,준비,NNG
22165,했,XSV+EP
22166,어요,EF
22167,아래,NNG
22168,첨부,NNG
22169,된,XSV+ETM
22170,일정,NNG
22171,을,JKO
22172,참고,NNG
22173,해,XSV+EC
22174,친정,NNG
22175,엄마,NNG
22176,와,JC
22177,2,SN
22178,박,NNBC
22179,3,SN
22180,일,NNBC
22181,경주,NNP
22182,여행,NNG
22183,코스,NNG
22184,요,VCP+EC
22185,7,SN
22186,월,NNBC
22187,10,SN
22188,일,NNBC
22189,70,SN
22190,대,NNBC
22191,초반,NNG
22192,아주,MAG
22193,건강,NNG
22194,한,XSA+ETM
22195,친정,NNG
22196,엄마,NNG
22197,와,JC
22198,둘,NR
22199,이,JKS
22200,경주,NNP
22201,여행,NNG
22202,질문,NNG
22203,하,XSV
22204,신,EP+ETM
22205,경주,NNP
22206,여행,NNG
22207,코스,NNG
22208,관련,NNG
22209,답변,NNG
22210,드리,VV
22211,겠,EP
22212,습니다,EF
22213,부모,NNG
22214,님,XSN
22215,과,JKB
22216,함께,MAG
22217,하,VV
22218,는,ETM
22219,경주,NNP
22220,여행,NNG
22221,을,JKO
22222,계획,NNG
22223,중,NNB
22224,이,VCP
22225,시,EP
22226,군요,EF
22227,숙소,NNG
22228,의,JKG
22229,맞춤,NNG
22230,형,XSN
22231,경주,NNG
22232,여행,NNG
22233,일정,NNG
22234,을,JKO
22235,준비,NNG
22236,했,XSV+EP
22237,어요,EF
22238,아래,NNG
22239,첨부,NNG
22240,된,XSV+ETM
22241,일정,NNG
22242,을,JKO
22243,경주,NNP
22244,여행,NNG
22245,!,SF
22246,!,SY
22247,황리,NNG
22248,단,MM
22249,길,NNG
22250,맛집,NNG
22251,추천,NNG
22252,이번,NNG
22253,주,NNG
22254,에,JKB
22255,경주,NNP
22256,여행,NNG
22257,가,VV
22258,는데,EC
22259,황리,NNG
22260,단,MM
22261,길,NNG
22262,근처,NNG
22263,로,JKB
22264,맛집,NNG
22265,많이,MAG
22266,추천,NNG
22267,해,XSV+EC
22268,주,VX
22269,세요,EP+EF
22270,뚜벅,MAG
22271,이,VCP
22272,라,EC
22273,거리,NNG
22274,멀,VA
22275,면,EC
22276,힘들,VA
22277,어요,EF
22278,경주,NNP
22279,여행,NNG
22280,을,JKO
22281,위한,VV+ETM
22282,황리,NNG
22283,단,MM
22284,길,NNG
22285,맛집,NNG
22286,추천,NNG
22287,과,JC
22288,황리,NNG
22289,단,MM
22290,맛집,NNG
22291,과,JC
22292,경주,NNP
22293,맛집,NNG
22294,은,JX
22295,매일,MAG
22296,많,VA
22297,은,ETM
22298,분,NNB
22299,들,XSN
22300,이,JKS
22301,줄,NNG
22302,을,JKO
22303,오랫동안,NNG
22304,서,VV
22305,서,EC
22306,기다려,VV+EC
22307,먹,VV
22308,는,ETM
22309,곳,NNG
22310,과,JC
22311,배달,NNG
22312,경주,NNP
22313,여행,NNG
22314,(,SSO
22315,숙소,NNG
22316,추천,NNG
22317,),SSC
22318,안녕,NNG
22319,하,XSV
22320,세요,EP+EF
22321,경기도,NNP
22322,권,XSN
22323,에,JKB
22324,사,VV
22325,는,ETM
22326,사람,NNG
22327,입니다,VCP+EF
22328,내년,NNG
22329,1,SN
22330,월,NNBC
22331,중순,NNG
22332,쯤,XSN
22333,경주,NNP
22334,여행,NNG
22335,을,JKO
22336,갈,VV+ETM
22337,예정,NNG
22338,입니다,VCP+EF
22339,인원,NNG
22340,은,JX
22341,엄마,NNG
22342,3,SN
22343,명,NNBC
22344,과,JC
22345,초등,NNG
22346,5,SN
22347,명,NNBC
22348,총,MM
22349,8,SN
22350,명,NNBC
22351,근데,MAJ
22352,추운,VA+ETM
22353,겨울,NNG
22354,걷,VV
22355,는,ETM
22356,건,NNB+JX
22357,비추,NNG
22358,입니다,VCP+EF
22359,가까운,VA+ETM
22360,거리,NNG
22361,도,JX
22362,택시,NNG
22363,타,VV
22364,고,EC
22365,다니,VV
22366,세요,EP+EF
22367,즐거운,VA+ETM
22368,경주,NNP
22369,여행,NNG
22370,되,XSV
22371,시,EP
22372,기,ETN
22373,경주,NNP
22374,여행지,NNG
22375,여자,NNG
22376,친구,NNG
22377,랑,JC
22378,경주,NNP
22379,여행,NNG
22380,갈려고,VV+EC
22381,하,VX
22382,는데요,EF
22383,혹시,MAG
22384,가,VV
22385,볼,EC+VX+ETM
22386,만,NNB
22387,한,XSA+ETM
22388,곳,NNG
22389,이나,JC
22390,경치,NNG
22391,좋,VA
22392,은,ETM
22393,곳,NNB
22394,있,VV
22395,을까요,EC
22396,차,NNG
22397,타,VV
22398,구,EC
22399,이동,NNG
22400,할,XSV+ETM
22401,꺼,NNB+VCP
22402,구요,EF
22403,해,VV+EC
22404,주,VX
22405,셍,NNP
22406,경주,NNP
22407,여행,NNG
22408,을,JKO
22409,계획,NNG
22410,하,XSV
22411,고,EC
22412,계시,VX
22413,는군요,EF
22414,요즘,MAG
22415,경주,NNP
22416,로,JKB
22417,여행,NNG
22418,가시,VV
22419,는,ETM
22420,분,NNB
22421,들,XSN
22422,이,JKS
22423,정말,MAG
22424,많,VA
22425,은데,EC
22426,요,JX
22427,그만큼,MAG
22428,경주,NNP
22429,여행,NNG
22430,감성,NNG
22431,독,NNG
22432,채,MAG
22433,자,IC
22434,쿠지,NNP
22435,숙소,NNG
22436,추천,NNG
22437,부탁,NNG
22438,드립니다,VV+EF
22439,.,SF
22440,3,SN
22441,월,NNBC
22442,마지막,NNG
22443,주,NNG
22444,에,JKB
22445,경주,NNP
22446,여행,NNG
22447,을,JKO
22448,계획,NNG
22449,하,XSV
22450,고,EC
22451,있,VX
22452,습니다,EF
22453,어른,NNG
22454,5,SN
22455,명,NNBC
22456,4,SN
22457,세,NNBC
22458,아이,NNG
22459,가능,NNG
22460,한,XSA+ETM
22461,독채,NNG
22462,자,NNG
22463,쿠지,NNP
22464,숙소,NNG
22465,괜찮,VA
22466,은,ETM
22467,곳,NNB
22468,있,VV
22469,으면,EC
22470,추천,NNG
22471,휴식,NNG
22472,을,JKO
22473,취하,VV
22474,고자,EC
22475,하,VV
22476,는,ETM
22477,분,NNB
22478,들,XSN
22479,께,JKB
22480,최적,NNG
22481,의,JKG
22482,선택,NNG
22483,입니다,VCP+EF
22484,즐거운,VA+ETM
22485,경주,NNP
22486,여행,NNG
22487,되,XSV
22488,시,EP
22489,길,ETN+JKO
22490,바랍니다,VV+EF
22491,http,SL
22492,itta,SL
22493,stay,SL
22494,kr,SL
22495,html,SL
22496,index,SL
22497,html,SL
22498,11,SN
22499,월,NNBC
22500,말,NNB
22501,경주,NNP
22502,여행,NNG
22503,11,SN
22504,월,NNBC
22505,말,NNB
22506,에,JKB
22507,1,SN
22508,박,NNBC
22509,2,SN
22510,일,NNBC
22511,로,JKB
22512,4,SN
22513,명,NNBC
22514,경주,NNP
22515,여행,NNG
22516,갈,VV+ETM
22517,건데,NNB+VCP+EC
22518,코스,NNG
22519,추천,NNG
22520,부탁,NNG
22521,드립니다,VV+EC
22522,경주,NNP
22523,에,JKB
22524,놀,VV
22525,러,EC
22526,오,VX
22527,시,EP
22528,는,ETM
22529,군요,NNG
22530,1,SN
22531,박,NNBC
22532,2,SN
22533,일,NNBC
22534,코스,NNG
22535,에다가,JKB
22536,11,SN
22537,월,NNBC
22538,그래도,MAJ
22539,패딩,NNG
22540,느낌,NNG
22541,은,JX
22542,아니,VCN
22543,고,EC
22544,두꺼운,VA+ETM
22545,코트,NNG
22546,나,JC
22547,경량,NNG
22548,패딩,NNG
22549,정도,NNG
22550,입,VV
22551,고,EC
22552,오,VX
22553,시,EP
22554,기,ETN
22555,를,JKO
22556,추천,NNG
22557,드려요,VV+EC
22558,즐거운,VA+ETM
22559,경주,NNP
22560,여행,NNG
22561,되,XSV
22562,세요,EP+EF
22563,경주,NNP
22564,여행,NNG
22565,추천,NNG
22566,부탁,NNG
22567,드려요,VV+EC
22568,~^^,SY
22569,경주,NNP
22570,여행,NNG
22571,을,JKO
22572,다녀오,VV
22573,고,EC
22574,싶,VX
22575,은데,EC
22576,기본,NNG
22577,적,XSN
22578,으로,JKB
22579,가,VV
22580,볼,EC+VX+ETM
22581,만,NNB
22582,한,XSA+ETM
22583,곳,NNG
22584,들,XSN
22585,말,VV
22586,고,EC
22587,특별히,MAG
22588,가,VV+EC
22589,보,VX
22590,면,EC
22591,좋,VA
22592,을,ETM
22593,곳,NNG
22594,이,JKS
22595,있,VV
22596,을까요,EC
22597,맛집,NNG
22598,이나,JC
22599,문,NNG
22600,의,JKG
22601,주신,NNG
22602,경주,NNP
22603,가,VV
22604,볼,EC+VX+ETM
22605,만,NNB
22606,한,XSA+ETM
22607,곳,NNG
22608,추천,NNG
22609,드릴게요,VV+EC
22610,즐거운,VA+ETM
22611,경주,NNP
22612,여행,NNG
22613,되,XSV
22614,셨,EP+EP
22615,으면,EC
22616,좋,VA
22617,겠,EP
22618,어요,EF
22619,경북,NNP
22620,경주,NNP
22621,가,VV
22622,볼,EC+VX+ETM
22623,만,NNB
22624,한,XSA+ETM
22625,곳,NNG
22626,1,SN
22627,2,SN
22628,박,NNBC
22629,3,SN
22630,일,NNBC
22631,경주,NNP
22632,여행,NNG
22633,코스,NNG
22634,추천,NNG
22635,이,VCP
22636,요,EF
22637,!,SF
22638,요번,NNG
22639,에,JKB
22640,는,JX
22641,색다른,VA+ETM
22642,주제,NNG
22643,로,JKB
22644,경주,NNP
22645,여행,NNG
22646,을,JKO
22647,하,VV
22648,고,EC
22649,싶,VX
22650,어요,EF
22651,문화재,NNG
22652,위주,NNG
22653,가,JKC
22654,아닌,VCN+ETM
22655,다른,MM
22656,위주,NNG
22657,로,JKB
22658,갈만,NNG
22659,한,XSA+ETM
22660,곳,NNG
22661,추천,NNG
22662,해,XSV+EC
22663,주,VX
22664,세요,EP+EF
22665,야경,NNG
22666,2,SN
22667,박,NNBC
22668,3,SN
22669,일,NNBC
22670,경주,NNP
22671,여행,NNG
22672,코스,NNG
22673,추천,NNG
22674,이,VCP
22675,요,EC
22676,답변,NNG
22677,드릴게요,VV+EC
22678,안녕,NNG
22679,하,XSV
22680,세요,EP+EF
22681,저,NP
22682,도,JX
22683,저번,NNG
22684,주,NNG
22685,에,JKB
22686,경주,NNP
22687,여행,NNG
22688,갔,VV+EP
22689,던,ETM
22690,사람,NNG
22691,입니다,VCP+EF
22692,경주,NNP
22693,여행,NNG
22694,이,JKS
22695,[,SSO
22696,추천,NNG
22697,해,XSV+EC
22698,주,VX
22699,세요,EP+EF+VCP
22700,],SSC
22701,경주,NNP
22702,여행,NNG
22703,추천,NNG
22704,해,XSV+EC
22705,주,VX
22706,세요,EP+EF
22707,경주,NNP
22708,여행,NNG
22709,안녕,NNG
22710,하,XSV
22711,세요,EP+EF
22712,무,XPN
22713,계획,NNG
22714,이,MM
22715,루트,NNG
22716,로,JKB
22717,이,MM
22718,용시,NNG
22719,실패,NNG
22720,없,VA
22721,는,ETM
22722,경주,NNP
22723,여행,NNG
22724,소개,NNG
22725,해,XSV+EC
22726,드릴까,VX+EC
22727,합니다,VX+EF
22728,한번,MAG
22729,보,VV
22730,시,EP
22731,고,EC
22732,마음,NNG
22733,에,JKB
22734,드신,VV+EP+ETM
22735,다면,NNG
22736,채택,NNG
22737,부탁,NNG
22738,드립니다,VV+EC
22739,캐리,NNP
22740,어사이즈,NNP
22741,추천,NNP
22742,(,SSO
22743,경주,NNP
22744,여행,NNG
22745,),SSC
22746,이번,NNG
22747,에,JKB
22748,아버지,NNG
22749,랑,JKB
22750,2,SN
22751,박,NNBC
22752,3,SN
22753,일,NNBC
22754,로,JKB
22755,경주,NNP
22756,여행,NNG
22757,을,JKO
22758,가,VV
22759,기,ETN
22760,로,JKB
22761,했,VV+EP
22762,습니다,EF
22763,캐리어,NNG
22764,가,JKS
22765,없,VA
22766,어,EC
22767,이,MM
22768,참,NNB
22769,에,JKB
22770,겸사겸사,MAG
22771,로,JKB
22772,하나,NR
22773,살까,VV+EC
22774,합니다,VX+EF
22775,캐리,NNP
22776,어사이즈,NNP
22777,추천,NNG
22778,부탁,NNG
22779,드립니다,VV+EC
22780,경주,NNP
22781,여행,NNG
22782,에,JKB
22783,20,SN
22784,인치,NNBC
22785,캐리어,NNG
22786,를,JKO
22787,추천,NNG
22788,합니다,XSV+EF
22789,매일,NNG
22790,이,JKS
22791,즐거우,VV
22792,셨,EP+EP
22793,으면,EC
22794,좋,VA
22795,겠,EP
22796,습니당,EF
22797,경주,NNP
22798,여행,NNG
22799,!,SF
22800,!,SY
22801,경주,NNP
22802,여행,NNG
22803,을,JKO
22804,가,VV
22805,려고,EC
22806,하,VV
22807,는데,EC
22808,혹시,MAG
22809,경주,NNP
22810,에,JKB
22811,폴라로이드,NNG
22812,카메라,NNG
22813,대여,NNG
22814,할,XSV+ETM
22815,수,NNB
22816,있,VV
22817,는,ETM
22818,곳,NNG
22819,이나,JX
22820,싸,VA
22821,게,EC
22822,구매,NNG
22823,하,XSV
22824,는,ETM
22825,할,VV+ETM
22826,수,NNB
22827,있,VV
22828,는,ETM
22829,곳,NNB
22830,그리고,MAJ
22831,경주,NNP
22832,여행,NNG
22833,온다고,VV+EC
22834,하,VX
22835,시,EP
22836,니,EC
22837,숙소,NNG
22838,가,JKS
22839,제일,MAG
22840,중요,NNG
22841,하,XSV
22842,잖아요,EC+VX+EF
22843,그래서,MAJ
22844,저희,NP
22845,오푸스,NNG
22846,11,SN
22847,풀,NNG
22848,빌라,NNG
22849,펜션,NNG
22850,을,JKO
22851,추천,NNG
22852,해,XSV+EC
22853,드리,VX
22854,려고,EC
22855,경주,NNP
22856,여행,NNG
22857,렌터카,NNG
22858,문,NNG
22859,의,JKG
22860,경주,NNG
22861,여행,NNG
22862,을,JKO
22863,가,VV
22864,려고,EC
22865,합니다,VX+EF
22866,우선,MAG
22867,숙소,NNG
22868,는,JX
22869,터미널,NNG
22870,주요,NNG
22871,관광지,NNG
22872,를,JKO
22873,도보,NNG
22874,5,SN
22875,10,SN
22876,분,NNBC
22877,경주,NNP
22878,여행,NNG
22879,관광지,NNG
22880,추천,NNG
22881,해,XSV+EC
22882,드리,VX
22883,겠,EP
22884,습니다,EF
22885,말씀,NNG
22886,하,XSV
22887,신,EP+ETM
22888,터미널,NNG
22889,에서,JKB
22890,주요,NNG
22891,관광지,NNG
22892,는,JX
22893,경주,NNP
22894,여행,NNG
22895,은,JX
22896,황리,NNG
22897,단,MM
22898,길,NNG
22899,에서,JKB
22900,시작,NNG
22901,한다고,XSV+EC
22902,보,VX
22903,시,EP
22904,면,EC
22905,됩니다,VV+EF
22906,황리,NNG
22907,단,MM
22908,길,NNG
22909,을,JKO
22910,시작,NNG
22911,으로,JKB
22912,2,SN
22913,박,NNBC
22914,3,SN
22915,일,NNBC
22916,경주,NNP
22917,여행,NNG
22918,코스,NNG
22919,추천,NNG
22920,이,VCP
22921,요,EF
22922,!,SF
22923,요번,NNG
22924,에,JKB
22925,는,JX
22926,색다른,VA+ETM
22927,주제,NNG
22928,로,JKB
22929,경주,NNP
22930,여행,NNG
22931,을,JKO
22932,하,VV
22933,고,EC
22934,싶,VX
22935,어요,EF
22936,2,SN
22937,박,NNBC
22938,3,SN
22939,일,NNBC
22940,경주,NNP
22941,여행,NNG
22942,코스,NNG
22943,추천,NNG
22944,입니다,VCP+EF
22945,안녕,IC
22946,하,VV
22947,세요,EP+EF
22948,2,SN
22949,코스,NNG
22950,경주,NNP
22951,남산,NNP
22952,정복,NNG
22953,하,XSV
22954,기,ETN
22955,경주,NNG
22956,여행,NNG
22957,코스,NNG
22958,중,NNB
22959,에서,JKB
22960,많,VA
22961,은,ETM
22962,4,SN
22963,코스,NNG
22964,불국사,NNG
22965,와,JC
22966,석굴암,NNG
22967,관람,NNG
22968,하,XSV
22969,기,ETN
22970,경주,NNG
22971,여행,NNG
22972,의,JKG
22973,랜드마크,NNP
22974,죠,VCP+EC
22975,경주,NNP
22976,여행,NNG
22977,(,SSO
22978,내공,NNP
22979,100,SN
22980,),SSC
22981,경주,NNP
22982,여행,NNG
22983,당일치기,NNG
22984,로,JKB
22985,일찍,MAG
22986,아침,NNG
22987,에,JKB
22988,거,VV
22989,고,EC
22990,저녁,NNG
22991,늦,VA
22992,은,ETM
22993,시간,NNG
22994,에,JKB
22995,갈려는,VV+ETM
22996,데,NNB
22997,꼭,MAG
22998,가,VV
22999,야,EC
23000,되,VV
23001,는,ETM
23002,곳,NNG
23003,이랑,JC
23004,반려,NNG
23005,건,VCP+EC
23006,동반,NNG
23007,입장,NNG
23008,이,JKS
23009,되,VV
23010,는지,EC
23011,궁금,XR
23012,합니다,XSA+EF
23013,반려,NNG
23014,견,NNG
23015,동반,NNG
23016,경주,NNP
23017,여행지,NNG
23018,추천,NNG
23019,해,XSV+EC
23020,드려요,VV+EC
23021,경주,NNP
23022,여행,NNG
23023,렌트,NNG
23024,렌트,NNG
23025,해서,XSV+EC
23026,경주,NNP
23027,여행,NNG
23028,할려,XSV+EC
23029,하,VV
23030,는데,EC
23031,경주,NNP
23032,도,JX
23033,부산,NNP
23034,처럼,JKB
23035,운전,NNG
23036,하,XSV
23037,는,ETM
23038,거,NNB
23039,많이,MAG
23040,빡센,VA+ETM
23041,가여,NNG
23042,부산,NNP
23043,에,JKB
23044,살,VV
23045,고,EC
23046,있,VX
23047,다,EC
23048,보,VX
23049,니,EC
23050,종종,MAG
23051,경주,NNP
23052,여행,NNG
23053,을,JKO
23054,가,VV
23055,는데,EC
23056,일단,MAG
23057,차,NNG
23058,가,JKS
23059,많이,MAG
23060,몰리,VV
23061,는,ETM
23062,곳,NNG
23063,은,JX
23064,황리,NNG
23065,단,MM
23066,길,NNG
23067,첨성대,NNG
23068,인근,NNG
23069,대릉원,NNG
23070,인근,NNG
23071,경주,NNP
23072,시내,NNG
23073,정도,NNG
23074,입니다,VCP+EF
23075,여기,NP
23076,외,NNB
23077,에,JKB
23078,는,JX
23079,운전,NNG
23080,하,XSV
23081,는데,EC
23082,주말,NNG
23083,1,SN
23084,박,NNBC
23085,2,SN
23086,일,NNBC
23087,경주,NNP
23088,여행,NNG
23089,코스,NNG
23090,문,NNG
23091,의,JKG
23092,드립니다,VV+EF
23093,.,SF
23094,엄마,NNG
23095,아빠,NNG
23096,랑,JKB
23097,같이,MAG
23098,갈,VV+ETM
23099,건데요,NNB+VCP+EF
23100,전,MM
23101,경주로,NNG
23102,수학여행,NNG
23103,다녀온,VV+ETM
23104,지,NNB
23105,너무,MAG
23106,오래,MAG
23107,됐,VV+EP
23108,고,EC
23109,엄마,NNG
23110,아빠,NNG
23111,는,JX
23112,경주,NNP
23113,여행,NNG
23114,이,JKS
23115,처음,NNG
23116,이,VCP
23117,라서요,EF
23118,그리고,MAJ
23119,경주,NNP
23120,맛집,NNG
23121,있,VV
23122,으면,EC
23123,추도,NNG
23124,부탁,NNG
23125,드려,VV+EF
23126,용,XSN
23127,주말,NNG
23128,1,SN
23129,박,NNBC
23130,2,SN
23131,일,NNBC
23132,경주,NNP
23133,여행,NNG
23134,코스,NNG
23135,문,NNG
23136,의,JKG
23137,드립니다,VV+EC
23138,답변,NNG
23139,드릴게요,VV+EC
23140,경주,NNP
23141,는,JX
23142,경주,NNP
23143,여행,NNG
23144,숙소,NNG
23145,11,SN
23146,월,NNBC
23147,20,SN
23148,일,NNBC
23149,토요일,NNG
23150,경주,NNP
23151,여행,NNG
23152,을,JKO
23153,가,VV
23154,려고,EC
23155,하,VV
23156,는데,EC
23157,숙소,NNG
23158,정하,VV
23159,기,ETN
23160,가,JKS
23161,힘드,VA
23162,네요,EC
23163,5,SN
23164,인,NNG
23165,2021,SN
23166,낭,NNG
23167,만,JX
23168,있,VX
23169,는,ETM
23170,가을,NNG
23171,에,JKB
23172,경주,NNP
23173,여행,NNG
23174,즐기,VV
23175,고,EC
23176,싶,VX
23177,다면,EC
23178,경주,NNP
23179,신상,NNG
23180,풀,NNG
23181,빌,VV
23182,라,EC
23183,오,VX
23184,세요,EP+EF
23185,수,NNB
23186,있,VV
23187,어요,EF
23188,경주,NNP
23189,펜션,NNG
23190,경주,NNP
23191,풀,NNG
23192,빌라,NNP
23193,경주,NNP
23194,숙소,NNG
23195,경주,NNP
23196,신축,NNG
23197,펜션,NNG
23198,경주,NNP
23199,가,JKS
23200,볼,VV+ETM
23201,만,NNB
23202,한,XSA+ETM
23203,곳,NNB
23204,경주,NNP
23205,여행,NNG
23206,경주,NNP
23207,여행,NNG
23208,택시,NNG
23209,투어,NNG
23210,와,JC
23211,렌트카,NNG
23212,이용,NNG
23213,12,SN
23214,월,NNBC
23215,에,JKB
23216,1,SN
23217,박,NNBC
23218,2,SN
23219,일,NNBC
23220,지인,NNG
23221,들,XSN
23222,과,JC
23223,경주,NNP
23224,여행,NNG
23225,가,VV
23226,기,ETN
23227,로,JKB
23228,했,VV+EP
23229,는데,EC
23230,질문,NNG
23231,하,XSV
23232,신,EP+ETM
23233,경주,NNP
23234,여행,NNG
23235,택시,NNG
23236,투어,NNG
23237,와,JC
23238,관련,NNG
23239,하,XSA
23240,여,EC
23241,답변,NNG
23242,드리,VV
23243,겠,EP
23244,습니다,EF
23245,음,IC
23246,경주,NNP
23247,택시,NNG
23248,투어,NNG
23249,도,JX
23250,경주,NNP
23251,여행,NNG
23252,시,NNB
23253,편안,NNG
23254,하,XSA
23255,게,EC
23256,최근,NNG
23257,들,XSN
23258,어,IC
23259,경주,NNP
23260,여행,NNG
23261,시,NNB
23262,많,VA
23263,은,ETM
23264,분,NNB
23265,들,XSN
23266,이,JKS
23267,택시,NNG
23268,투어,NNG
23269,를,JKO
23270,이용,NNG
23271,하,XSV
23272,시,EP
23273,는데요,EC
23274,1,SN
23275,박,NNBC
23276,2,SN
23277,일,NNBC
23278,로,JKB
23279,경주,NNP
23280,여행,NNG
23281,을,JKO
23282,갑니다,VV+EC
23283,1,SN
23284,박,NNBC
23285,2,SN
23286,일,NNBC
23287,로,JKB
23288,경주,NNP
23289,여행,NNG
23290,을,JKO
23291,갑니다,VV+EC
23292,천군동,NNP
23293,에,JKB
23294,위치,NNG
23295,한,XSA+ETM
23296,풀,NNG
23297,빌라,NNG
23298,3,SN
23299,시,NNBC
23300,입실,NNG
23301,인데,VCP+EC
23302,경주,NNP
23303,12,SN
23304,시,NNBC
23305,도착,NNG
23306,예정,NNG
23307,이,VCP
23308,라서,EC
23309,그동안,NNG
23310,안녕,NNG
23311,하,XSV
23312,세요,EP+EF
23313,무,XPN
23314,계획,NNG
23315,없이,MAG
23316,이,MM
23317,루트,NNG
23318,로,JKB
23319,가,VV
23320,면,EC
23321,실패,NNG
23322,가,JKS
23323,없,VA
23324,는,ETM
23325,경주,NNP
23326,여행,NNG
23327,소개,NNG
23328,해,XSV+EC
23329,볼까,VX+EC
23330,합니다,VX+EF
23331,한번,MAG
23332,보,VV
23333,시,EP
23334,고,EC
23335,마음,NNG
23336,에,JKB
23337,드,VV
23338,신다면,EP+EC
23339,경주,NNP
23340,여행,NNG
23341,에,JKB
23342,빠질,VV+ETM
23343,수,NNB
23344,없,VA
23345,는,ETM
23346,빵집,NNG
23347,?,SF
23348,경주,NNP
23349,여행,NNG
23350,에,JKB
23351,빠질,VV+ETM
23352,수,NNB
23353,없,VA
23354,는,ETM
23355,빵집,NNG
23356,알려,VV+EC
23357,주,VX
23358,세요,EP+EF
23359,주말,NNG
23360,에,JKB
23361,남편,NNG
23362,과,JC
23363,경주,NNP
23364,여행,NNG
23365,갑니다,VV+EC
23366,제,NP
23367,가,JKS
23368,빵,NNG
23369,을,JKO
23370,너무,MAG
23371,좋,VA
23372,아,EC
23373,하,VV
23374,는데,EC
23375,경주,NNP
23376,여행,NNG
23377,에서,NNG
23378,만,JX
23379,먹,VV
23380,을,ETM
23381,수,NNB
23382,있,VV
23383,는,ETM
23384,빵집,NNG
23385,어딘가요,NP+VCP+EF
23386,경주,NNP
23387,여행,NNG
23388,하,XSV
23389,기,ETN
23390,좋,VA
23391,은,ETM
23392,계절,NNG
23393,입니다,VCP+EF
23394,저,NP
23395,도,JX
23396,늘,MAG
23397,이맘때,NNG
23398,아이,NNG
23399,들,XSN
23400,과,JC
23401,경주,NNP
23402,에,JKB
23403,가,VV
23404,거든요,EF
23405,경주,NNP
23406,여행,NNG
23407,코스,NNG
23408,동선,NNG
23409,어떻게,MAG
23410,짜,VV
23411,야,EC
23412,될까요,VV+EF
23413,?,SF
23414,자차,NNG
23415,이용,NNG
23416,해서,XSV+EC
23417,1,SN
23418,박,NNBC
23419,2,SN
23420,일,NNBC
23421,로,JKB
23422,경주,NNP
23423,여행,NNG
23424,을,JKO
23425,가,VV
23426,려고,EC
23427,합니다,VX+EF
23428,경주,NNP
23429,여행,NNG
23430,코스,NNG
23431,동선,NNG
23432,어떻게,MAG
23433,짜,VV
23434,야,EC
23435,될까요,VV+EC
23436,이,MM
23437,문제,NNG
23438,에,JKB
23439,대한,VV+ETM
23440,해결책,NNG
23441,을,JKO
23442,제시,NNG
23443,해,XSV+EC
23444,드리,VX
23445,도록,EC
23446,하,VX
23447,겠,EP
23448,습니다,EF
23449,Step,SL
23450,1,SN
23451,경주,NNP
23452,여행,NNG
23453,이처럼,MAG
23454,경주,NNP
23455,여행,NNG
23456,코스,NNG
23457,동선,NNG
23458,을,JKO
23459,메인,VV+ETM
23460,으로,JKB
23461,잡,VV
23462,은,ETM
23463,장소,NNG
23464,와,JC
23465,그,NP
23466,와,JKB
23467,경주,NNP
23468,여행,NNG
23469,추천,NNG
23470,중학,NNG
23471,생,XSN
23472,이,VCP
23473,고,EC
23474,친구,NNG
23475,랑,JKB
23476,당일치기,NNG
23477,로,JKB
23478,경주,NNP
23479,여행,NNG
23480,을,JKO
23481,할려고,VV+EC
23482,하,VV
23483,는데,EC
23484,가,VX
23485,볼,EC+VX+ETM
23486,만,NNB
23487,한,XSA+ETM
23488,곳,NNB
23489,제,NP
23490,가,JKS
23491,저번,NNG
23492,에,JKB
23493,다녀온,VV+ETM
23494,경주,NNP
23495,여행,NNG
23496,코스,NNG
23497,를,JKO
23498,같이,MAG
23499,추천,NNG
23500,드릴,VV+ETM
23501,테,NNB+VCP
23502,니,EC
23503,참고,NNG
23504,용,XSN
23505,으로,JKB
23506,tistory,SL
23507,com,SL
23508,46,SN
23509,제,NP+JKG
23510,글,NNG
23511,이,JKS
23512,도움,NNG
23513,이,JKS
23514,되,VV
23515,서,EC
23516,즐거운,VA+ETM
23517,경주,NNP
23518,여행,NNG
23519,보내,VV
23520,시,EP
23521,면,EC
23522,좋,VA
23523,겠,EP
23524,네요,EC
23525,1,SN
23526,박,NNBC
23527,2,SN
23528,일,NNBC
23529,어르신,NNG
23530,들,XSN
23531,과,JKB
23532,함께,MAG
23533,경주,NNP
23534,여행,NNG
23535,~,SY
23536,숙소,NNG
23537,와,JC
23538,.,SF
23539,..,SY
23540,1,SN
23541,박,NNBC
23542,2,SN
23543,일,NNBC
23544,어르신,NNG
23545,들,XSN
23546,경주,NNP
23547,여행,NNG
23548,추천,NNG
23549,해,XSV+EC
23550,주,VX
23551,세요,EP+EF
23552,인원,NNG
23553,20,SN
23554,25,SN
23555,명,NNBC
23556,숙소,NNG
23557,는,JX
23558,식사,NNG
23559,가,JKS
23560,함께,MAG
23561,경주,NNP
23562,여행,NNG
23563,추천,NNG
23564,안녕,NNG
23565,하,XSV
23566,세요,EP+EF
23567,경주,NNP
23568,여행,NNG
23569,에,JKB
23570,관심,NNG
23571,이,JKS
23572,있,VV
23573,으신,EP+ETM
23574,것,NNB
23575,같,VA
23576,아서,EC
23577,저희,NP
23578,가,JKS
23579,함께,MAG
23580,하,VV
23581,는,ETM
23582,경주,NNP
23583,여행,NNG
23584,에서,JKB
23585,는,JX
23586,역사,NNG
23587,와,JC
23588,문화,NNG
23589,를,JKO
23590,경험,NNG
23591,할,XSV+ETM
23592,수,NNB
23593,있,VV
23594,는,ETM
23595,명소,NNG
23596,를,JKO
23597,추천,NNG
23598,합니다,XSV+EC
23599,경주,NNP
23600,여행,NNG
23601,용,XSN
23602,황,NNG
23603,이,JKS
23604,무엇,NP
23605,인가요,VCP+EF
23606,?,SF
23607,안녕,IC
23608,하,VV
23609,세요,EP+EF
23610,경주,NNP
23611,여행,NNG
23612,하,XSV
23613,려고,EC
23614,알아보,VV
23615,고,EC
23616,있,VX
23617,습니다,EF
23618,알아보,VV
23619,던,ETM
23620,중,NNB
23621,황리,NNG
23622,단,MM
23623,길,NNG
23624,과,JC
23625,용,NNG
23626,황동,NNG
23627,용,XSN
23628,황지,NNG
23629,구,VCP+EC
23630,이렇게,MAG
23631,알,VV
23632,게,EC
23633,되,VV
23634,었,EP
23635,는데,EC
23636,지역민,NNG
23637,은,JX
23638,용,NNG
23639,황,NNG
23640,쪽,NNB
23641,에서,JKB
23642,자주,MAG
23643,놀,VV
23644,고,EC
23645,관광객,NNG
23646,들,XSN
23647,은,JX
23648,황리,NNG
23649,단,MM
23650,길,NNG
23651,에서,JKB
23652,논다는,VV+ETM
23653,말,NNG
23654,이,JKS
23655,있,VV
23656,더라고요,EC
23657,용,NNG
23658,황동,NNG
23659,이,VCP
23660,라는,ETM
23661,곳,NNG
23662,은,JX
23663,아예,MAG
23664,없,VA
23665,던데,EC
23666,경주,NNP
23667,여행,NNG
23668,돌아볼,VV+ETM
23669,곳,NNB
23670,경주,NNP
23671,여행,NNG
23672,코스,NNG
23673,알아보,VV
23674,고,EC
23675,있,VX
23676,는데,EC
23677,마땅히,MAG
23678,갈만,NNG
23679,한,XSA+ETM
23680,곳,NNB
23681,있,VA
23682,을까,EF
23683,영,MAG
23684,안녕,NNG
23685,하,XSV
23686,세요,EP+EF
23687,취향,NNG
23688,대로,JKB
23689,머물,VV
23690,다,EC
23691,여기,VV
23692,어,EC
23693,때,NNG
23694,입니다,VCP+EF
23695,질문,NNG
23696,하,XSV
23697,신,EP+ETM
23698,경주,NNP
23699,여행,NNG
23700,관련,NNG
23701,답변,NNG
23702,드리,VV
23703,도록,EC
23704,하,VX
23705,겠,EP
23706,습니다,EF
23707,경주,NNP
23708,여행,NNG
23709,을,JKO
23710,하,VV
23711,시,EP
23712,나,EC
23713,봅니다,VX+EC
23714,갈,VX+ETM
23715,만,NNB
23716,한,XSA+ETM
23717,곳,NNG
23718,몇,MM
23719,가지,NNBC
23720,알려,VV+EC
23721,드리,VX
23722,도록,EC
23723,할머니,NNG
23724,랑,JKB
23725,12,SN
23726,월,NNBC
23727,경주,NNP
23728,여행,NNG
23729,할머니,NNG
23730,랑,JKB
23731,1,SN
23732,박,NNBC
23733,2,SN
23734,일,NNBC
23735,로,JKB
23736,경주,NNP
23737,여행,NNG
23738,갈려고,VV+EC
23739,하,VV
23740,는데,EC
23741,코스,NNG
23742,를,JKO
23743,어떻게,MAG
23744,짜,VV
23745,면,EC
23746,좋,VA
23747,을까요,EC
23748,질문,NNG
23749,하,XSV
23750,신,EP+ETM
23751,경주,NNP
23752,여행,NNG
23753,과,JC
23754,관련,NNG
23755,하,XSA
23756,여,EC
23757,답변,NNG
23758,드리,VV
23759,겠,EP
23760,습니다,EF
23761,할머니,NNG
23762,랑,JKB
23763,여행,NNG
23764,을,JKO
23765,요즘,NNG
23766,에,JKB
23767,는,JX
23768,경주,NNP
23769,택시,NNG
23770,투어,NNG
23771,를,JKO
23772,통해,VV+EC
23773,보다,MAG
23774,편안,NNG
23775,하,XSA
23776,게,EC
23777,경주,NNP
23778,여행,NNG
23779,을,JKO
23780,즐겨,VV+EC
23781,보,VX
23782,실,EP+ETM
23783,수,NNB
23784,경주,NNP
23785,여행,NNG
23786,1,SN
23787,박,NNBC
23788,2,SN
23789,일,NNBC
23790,알찬,VA+ETM
23791,코스,NNG
23792,로,JKB
23793,추천,NNG
23794,해,XSV+EC
23795,주,VX
23796,세요,EP+EF
23797,^^,SY
23798,경주,NNP
23799,여행,NNG
23800,1,SN
23801,박,NNBC
23802,2,SN
23803,일,NNBC
23804,알찬,VA+ETM
23805,코스,NNG
23806,로,JKB
23807,추천,NNG
23808,해,XSV+EC
23809,주,VX
23810,세요,EP+EF
23811,1,SN
23812,박,NNBC
23813,이,VCP
23814,라,EC
23815,짧,VA
23816,지만,EC
23817,질문,NNG
23818,하,XSV
23819,신,EP+ETM
23820,경주,NNP
23821,여행,NNG
23822,관련,NNG
23823,답변,NNG
23824,드리,VV
23825,도록,EC
23826,하,VX
23827,겠,EP
23828,습니다,EF
23829,1,SN
23830,박,NNBC
23831,2,SN
23832,일,NNBC
23833,경주,NNP
23834,여행,NNG
23835,을,JKO
23836,다녀오,VV
23837,실,EP+ETM
23838,예정,NNG
23839,이,VCP
23840,시,EP
23841,군요,EC
23842,가,VX
23843,볼,EC+VX+ETM
23844,만,NNB
23845,한,XSA+ETM
23846,곳,NNG
23847,들,XSN
23848,좋,VA
23849,으니,EC
23850,경주,NNP
23851,여행,NNG
23852,하,XSV
23853,시,EP
23854,는데,EC
23855,참고,NNG
23856,하,XSV
23857,시,EP
23858,기,ETN
23859,바랍니다,VV+EF
23860,도움,NNG
23861,이,JKS
23862,사월,NNG
23863,말,NNG
23864,에,JKB
23865,가족,NNG
23866,들,XSN
23867,과,JC
23868,경주,NNP
23869,여행,NNG
23870,계획,NNG
23871,중,NNB
23872,인데,VCP+EC
23873,사월,NNG
23874,말,NNG
23875,에,JKB
23876,가족,NNG
23877,들,XSN
23878,과,JC
23879,경주,NNP
23880,여행,NNG
23881,계획,NNG
23882,중,NNB
23883,인데,VCP+EC
23884,경주,NNP
23885,는,JX
23886,처음,MAG
23887,가,VV
23888,는,ETM
23889,곳,NNG
23890,이,JKS
23891,업,VV
23892,네요,EC
23893,가족,NNG
23894,들,XSN
23895,과,JKB
23896,가,VV
23897,볼,EC+VX+ETM
23898,만,NNB
23899,한,XSA+ETM
23900,곳,NNB
23901,즘,MAJ
23902,소개,NNG
23903,해,XSV+EC
23904,주,VX
23905,세요,EP+EF
23906,경경,NNG
23907,주,VV
23908,는,ETM
23909,가족,NNG
23910,과,JKB
23911,함께,MAG
23912,경주,NNP
23913,여행,NNG
23914,계획,NNG
23915,하,XSV
23916,고,EC
23917,계시,VX
23918,군요,EC
23919,한화,NNG
23920,리조트,NNG
23921,경주,NNP
23922,내,NNB
23923,에서,JKB
23924,도,JX
23925,즐거운,VA+ETM
23926,경주,NNP
23927,여행,NNG
23928,의,JKG
23929,추억,NNG
23930,을,JKO
23931,만드실,VV+EP+ETM
23932,수,NNB
23933,경주,NNP
23934,여행,NNG
23935,지금,MAG
23936,경주,NNP
23937,여행,NNG
23938,3,SN
23939,가지,NNBC
23940,만,JX
23941,답,NNG
23942,해,XSV+EC
23943,주,VX
23944,세요,EP+EF
23945,1,SN
23946,지금,MAG
23947,경주,NNP
23948,여행,NNG
23949,가,VV
23950,면,EC
23951,많이,MAG
23952,더,MAG
23953,울,VV
23954,까요,EF
23955,2,SN
23956,쪄죽,VV
23957,을,ETM
23958,정도,NNG
23959,로,JKB
23960,못,MAG
23961,돌아다니,VV
23962,나요,EC
23963,3,SN
23964,고속버스,NNG
23965,타,VV
23966,고,EC
23967,1,SN
23968,지금,MAG
23969,경주,NNP
23970,여행,NNG
23971,가,VV
23972,면,EC
23973,많이,MAG
23974,더,MAG
23975,울,VV
23976,까요,EF
23977,가장,MAG
23978,더운,VA+ETM
23979,시기,NNG
23980,입니다,VCP+EF
23981,낮,NNG
23982,에,JKB
23983,30,SN
23984,도,NNBC
23985,가,JKC
23986,넘,VV
23987,고,EC
23988,34,SN
23989,도,NNBC
23990,까지,JX
23991,갈,VV+ETM
23992,수,NNB
23993,도,JX
23994,있,VA
23995,습니다,EF
23996,2,SN
23997,경주,NNP
23998,여행,NNG
23999,3,SN
24000,박,NNBC
24001,4,SN
24002,일,NNBC
24003,가족,NNG
24004,여행,NNG
24005,코스,NNG
24006,추천,NNG
24007,부탁드려요,VV+EF
24008,!,SF
24009,경주,NNP
24010,여행,NNG
24011,3,SN
24012,박,NNBC
24013,4,SN
24014,일,NNBC
24015,코스,NNG
24016,로,JKB
24017,추천,NNG
24018,부탁,NNG
24019,드려요,VV+EC
24020,이번,NNG
24021,추석,NNG
24022,기간,NNG
24023,에,JKB
24024,4,SN
24025,인,NNG
24026,가족,NNG
24027,아이,NNG
24028,들,XSN
24029,은,JX
24030,없,VA
24031,어요,EF
24032,이,MM
24033,함께,MAG
24034,여행,NNG
24035,을,JKO
24036,가,VV
24037,고자,EC
24038,경주,NNP
24039,여행,NNG
24040,3,SN
24041,박,NNBC
24042,4,SN
24043,일,NNBC
24044,가족,NNG
24045,여행,NNG
24046,코스,NNG
24047,추천,NNG
24048,해,XSV+EC
24049,드릴게요,VX+EF
24050,제,NP
24051,가,JKS
24052,여러분,NP
24053,을,JKO
24054,위해,VV+EC
24055,직접,MAG
24056,조사,NNG
24057,한,XSA+ETM
24058,결과,NNG
24059,를,JKO
24060,바탕,NNG
24061,으로,JKB
24062,최적,NNG
24063,의,JKG
24064,코스,NNG
24065,를,JKO
24066,제안,NNG
24067,해,XSV+EC
24068,초등학생,NNG
24069,경주,NNP
24070,여행,NNG
24071,전남,NNP
24072,에서,JKB
24073,2,SN
24074,박,NNBC
24075,3,SN
24076,일,NNBC
24077,로,JKB
24078,초등학생,NNG
24079,데리,VV
24080,고,EC
24081,경주,NNP
24082,여행,NNG
24083,을,JKO
24084,가져,VV+EC
24085,고하,VV
24086,는데요,EF
24087,아,IC
24088,코스,NNG
24089,짜,VV
24090,기,ETN
24091,가,JKS
24092,쉽,VA
24093,지,EC
24094,않,VX
24095,네요,EF
24096,숙소,NNG
24097,는,JX
24098,질문,NNG
24099,하,XSV
24100,신,EP+ETM
24101,경주,NNP
24102,여행지,NNG
24103,관련,NNG
24104,답변,NNG
24105,드리,VV
24106,도록,EC
24107,하,VX
24108,겠,EP
24109,습니다,EF
24110,2,SN
24111,박,NNBC
24112,3,SN
24113,일,NNBC
24114,간,NNG
24115,다녀올,VV+ETM
24116,만,NNB
24117,한,XSA+ETM
24118,곳,NNG
24119,으로,JKB
24120,경주,NNP
24121,여행지,NNG
24122,를,JKO
24123,찾,VV
24124,고,EC
24125,계시,VX
24126,나,EC
24127,봅니다,VX+EC
24128,경주,NNP
24129,에,JKB
24130,경주,NNP
24131,여행,NNG
24132,코스,NNG
24133,동선,NNG
24134,별,XSN
24135,로,JKB
24136,추천,NNG
24137,해,XSV+EC
24138,주,VX
24139,세요,EP+EF
24140,.,SF
24141,경주,NNP
24142,여행,NNG
24143,코스,NNG
24144,동선,NNG
24145,일,NNG
24146,이,JKS
24147,있,VV
24148,어서,EC
24149,경주,NNP
24150,가,VV
24151,는,ETM
24152,김,NNB
24153,에,JKB
24154,다음,NNG
24155,주,NNG
24156,에,JKB
24157,하루,NNG
24158,정도,NNG
24159,만,JX
24160,보,VV
24161,려고,EC
24162,하,VV
24163,는데,EC
24164,일단,MAG
24165,석굴암,NNG
24166,불국사,NNP
24167,는,JX
24168,질문,NNG
24169,하,XSV
24170,신,EP+ETM
24171,경주,NNP
24172,여행,NNG
24173,일정,NNG
24174,관련,NNG
24175,답변,NNG
24176,드리,VV
24177,도록,EC
24178,하,VX
24179,겠,EP
24180,습니다,EF
24181,비록,MAG
24182,1,SN
24183,박,NNBC
24184,2,SN
24185,일,NNBC
24186,이,VCP
24187,지만,EC
24188,사실상,MAG
24189,당일치기,NNG
24190,인,VCP+ETM
24191,경주,NNP
24192,여행,NNG
24193,을,JKO
24194,준비,NNG
24195,1,SN
24196,박,NNBC
24197,2,SN
24198,일,NNBC
24199,초보,NNG
24200,운전,NNG
24201,경주,NNG
24202,여행,NNG
24203,코스,NNG
24204,1,SN
24205,박,NNBC
24206,2,SN
24207,일,NNBC
24208,로,JKB
24209,경주,NNP
24210,여행,NNG
24211,코스,NNG
24212,좀,MAG
24213,짜,VV+EC
24214,주,VX
24215,세요,EP+EF
24216,아무래도,MAG
24217,가,VV
24218,는,ETM
24219,데,NNB
24220,는,JX
24221,어려움,NNG
24222,이,JKS
24223,없,VA
24224,을,ETM
24225,것,NNB
24226,4,SN
24227,월,NNBC
24228,1,SN
24229,2,SN
24230,일,NNBC
24231,에,JKB
24232,경주,NNP
24233,여행,NNG
24234,하,XSV
24235,기,ETN
24236,에,JKB
24237,좋,VA
24238,은,ETM
24239,날,NNG
24240,일,VCP+ETM
24241,것,NNB
24242,같,VA
24243,아요,EF
24244,벚꽃,NNG
24245,들,XSN
24246,이,JKS
24247,서서히,MAG
24248,개화,NNG
24249,를,JKO
24250,참고,NNG
24251,로,JKB
24252,쭈니,NNP
24253,아빠,NNG
24254,블로그,NNG
24255,를,JKO
24256,방문,NNG
24257,하,XSV
24258,시,EP
24259,면,EC
24260,경주,NNP
24261,여행,NNG
24262,카테고리,NNG
24263,가,JKS
24264,있,VA
24265,습니다,EF
24266,아들,NNG
24267,과,JC
24268,(,SSO
24269,초,XPN
24270,4,SN
24271,년,NNBC
24272,),SSC
24273,경주,NNP
24274,여행,NNG
24275,일정,NNG
24276,!,SY
24277,아들,NNG
24278,과,JC
24279,경주,NNP
24280,여행,NNG
24281,을,JKO
24282,가려,VV+EC
24283,합니다,VX+EF
24284,선배,NNG
24285,님,XSN
24286,들,XSN
24287,의,JKG
24288,조언,NNG
24289,을,JKO
24290,경주,NNG
24291,여행,NNG
24292,코스,NNG
24293,추천,NNG
24294,드립니다,VV+EF
24295,안녕,IC
24296,하,VV
24297,세요,EP+EF
24298,여행,NNG
24299,전문,NNG
24300,블로거,NNP
24301,초등,NNG
24302,학교,NNG
24303,4,SN
24304,학년,NNG
24305,아들,NNG
24306,과,JKB
24307,함께,MAG
24308,가,VV
24309,는,ETM
24310,경주,NNP
24311,여행,NNG
24312,이,VCP
24313,라면,EC
24314,역사,NNG
24315,와,JC
24316,하루,NNG
24317,코스,NNG
24318,경주,NNP
24319,남산,NNP
24320,정복,NNG
24321,하,XSV
24322,기,ETN
24323,경주,NNG
24324,여행,NNG
24325,코스,NNG
24326,중,NNB
24327,에서,JKB
24328,경주,NNP
24329,여행,NNG
24330,을,JKO
24331,가,VV
24332,려고,EC
24333,함,VX+ETN
24334,니다,VCP+EF
24335,",",SC
24336,",!",SY
24337,저희,NP
24338,가족,NNG
24339,이,JKS
24340,2,SN
24341,박,NNBC
24342,3,SN
24343,일,NNBC
24344,로,JKB
24345,경주,NNP
24346,여행,NNG
24347,을,JKO
24348,가,VV
24349,려고,EC
24350,합니다,VX+EF
24351,가족,NNG
24352,은,JX
24353,4,SN
24354,인,NNG
24355,가족,NNG
24356,3,SN
24357,학년,NNG
24358,5,SN
24359,학년,NNG
24360,이,VCP
24361,구요,EF
24362,경주,NNP
24363,에,JKB
24364,있,VV
24365,는,ETM
24366,문화재,NNG
24367,를,JKO
24368,보,VV
24369,고,EC
24370,작년,NNG
24371,여름,NNG
24372,방학,NNG
24373,때,NNG
24374,저,NP
24375,도,JX
24376,경주,NNP
24377,여행,NNG
24378,한,MM
24379,번,NNBC
24380,했었,VV+EP
24381,죠,EF
24382,저,NP
24383,는,JX
24384,2,SN
24385,박,NNBC
24386,3,SN
24387,일,NNBC
24388,로,JKB
24389,갔다온,VV+ETM
24390,게,NNB+JKC
24391,아니,VCN
24392,라,EC
24393,당일,NNG
24394,로,JKB
24395,갔다왔,VV+EP
24396,습니다,EF
24397,성심껏,MAG
24398,답변,NNG
24399,포항,NNP
24400,에서,JKB
24401,경주,NNP
24402,가,VV
24403,는,ETM
24404,기차,NNG
24405,와,JC
24406,요금,NNG
24407,그리고,MAJ
24408,경주,NNP
24409,여행,NNG
24410,시,NNB
24411,.,SF
24412,..,SY
24413,포항,NNP
24414,에서,JKB
24415,경주,NNP
24416,가,VV
24417,는,ETM
24418,기차,NNG
24419,와,JC
24420,요금,NNG
24421,그리고,MAJ
24422,경주,NNP
24423,여행,NNG
24424,시,NNG
24425,중,NNB
24426,3,SN
24427,과,NNG
24428,경주,NNP
24429,여행,NNG
24430,시,XSN
24431,가,VV+EC
24432,보,VX
24433,아야,EC
24434,할,VX+ETM
24435,코스,NNG
24436,그리고,MAJ
24437,경주,NNP
24438,맛집,NNG
24439,그리고,MAJ
24440,경주,NNP
24441,여행,NNG
24442,시,XSN
24443,가,VV+EC
24444,보,VX
24445,아야,EC
24446,할,VX+ETM
24447,곳,NNG
24448,답변,NNG
24449,드릴게요,VV+EC
24450,포항,NNP
24451,에서,JKB
24452,경주,NNP
24453,가시,NNG
24454,는,JX
24455,열차,NNG
24456,시간,NNG
24457,가격,NNG
24458,경주,NNP
24459,여행,NNG
24460,시,XSN
24461,가,VV+EC
24462,보,VX
24463,아야,EC
24464,할,VX+ETM
24465,경주,NNP
24466,여행,NNG
24467,갈만,NNG
24468,한,XSA+ETM
24469,곳,NNB
24470,알려,VV+EC
24471,주,VX
24472,세요,EP+EF
24473,!,SF
24474,!,SY
24475,경주,NNP
24476,여행,NNG
24477,을,JKO
24478,가,VV
24479,려고,EC
24480,합니다,VX+EC
24481,2,SN
24482,박,NNBC
24483,3,SN
24484,일,NNBC
24485,경주,NNP
24486,를,JKO
24487,관광,NNG
24488,하,XSV
24489,며,EC
24490,옛,MM
24491,문화,NNG
24492,와,JC
24493,정서,NNG
24494,를,JKO
24495,배워,VV+EC
24496,보,VX
24497,고,EC
24498,체험,NNG
24499,하,XSV
24500,고자,EC
24501,경주,NNP
24502,여행,NNG
24503,계획,NNG
24504,을,JKO
24505,세우,VV
24506,고,EC
24507,있,VX
24508,는데요,EC
24509,1,SN
24510,일,NNBC
24511,차,NNG
24512,2,SN
24513,일,NNBC
24514,차,NNG
24515,3,SN
24516,일,NNBC
24517,차,NNG
24518,어떤,MM
24519,식,NNB
24520,으로,JKB
24521,경주,NNP
24522,여행,NNG
24523,계획,NNG
24524,을,JKO
24525,세워야할지,VV+EC+VX+EC
24526,궁금,XR
24527,합니다,XSA+EF
24528,가족,NNG
24529,들,XSN
24530,과,JKB
24531,함께,MAG
24532,하,VV
24533,는,ETM
24534,경주,NNP
24535,여행,NNG
24536,경주,NNP
24537,여행,NNG
24538,질문,NNG
24539,이,VCP
24540,요,EC
24541,안녕,NNG
24542,하,XSV
24543,세요,EP+EF
24544,경주,NNP
24545,여행,NNG
24546,을,JKO
24547,준비,NNG
24548,중,NNB
24549,인데요,VCP+EF
24550,출발지,NNG
24551,는,JX
24552,서울,NNP
24553,이,VCP
24554,구요,EF
24555,3,SN
24556,월,NNBC
24557,22,SN
24558,일,NNBC
24559,오전,NNG
24560,6,SN
24561,시,NNBC
24562,경,XSN
24563,에,JKB
24564,서울,NNP
24565,에서,JKB
24566,출발,NNG
24567,하,XSV
24568,려고,EC
24569,하,VV
24570,고요,EC
24571,부탁드려요,VV+EF
24572,경주,NNP
24573,여행,NNG
24574,일정,NNG
24575,과,JC
24576,형편,NNG
24577,에,JKB
24578,맞,VV
24579,게,EC
24580,아래,NNG
24581,코스,NNG
24582,에서,JKB
24583,조절,NNG
24584,하,XSV
24585,면,EC
24586,됩니다,VV+EF
24587,시내버스,NNG
24588,투어,NNG
24589,도보,NNG
24590,자전거,NNG
24591,역사,NNG
24592,에,JKB
24593,무지,MAG
24594,한,MM
24595,경주,NNG
24596,여행,NNG
24597,코스,NNG
24598,부탁,NNG
24599,드려요,VV+EC
24600,이번,NNG
24601,에,JKB
24602,여동생,NNG
24603,이랑,JC
24604,경주,NNP
24605,여행,NNG
24606,1,SN
24607,박,NNBC
24608,2,SN
24609,일,NNBC
24610,하,VV
24611,려고,EC
24612,하,VX
24613,는데요,EF
24614,부끄럽,VA
24615,지만,EC
24616,고등학생,NNG
24617,때,NNG
24618,역사,NNG
24619,넘,MAG
24620,싫,VA
24621,어,EC
24622,해서,VV+EC
24623,역사,NNG
24624,잘,MAG
24625,몰라요,VV+EC
24626,안내소,NNG
24627,책자,NNG
24628,나,JC
24629,경주,NNP
24630,여행,NNG
24631,사이트,NNG
24632,활용,NNG
24633,하,XSV
24634,시,EP
24635,면,EC
24636,됩니다,VV+EF
24637,책자,NNG
24638,가,JKS
24639,진짜,MAG
24640,잘,MAG
24641,나와,VV+EC
24642,있,VX
24643,어서,EC
24644,그리고,MAJ
24645,경주,NNP
24646,나,JC
24647,어디,NP
24648,여행,NNG
24649,가시,VV
24650,면,EC
24651,경주,NNP
24652,여행,NNG
24653,코스,NNG
24654,추천,NNG
24655,경주,NNG
24656,여행,NNG
24657,가,VV
24658,려고,EC
24659,합니다,VX+EC
24660,4,SN
24661,우러,VV+EC
24662,30,SN
24663,일,NNBC
24664,새벽,NNG
24665,에,JKB
24666,출발,MAG
24667,해서,VV+EC
24668,대명,NNG
24669,콘도,NNG
24670,에,JKB
24671,묵,VV
24672,을,ETM
24673,예정,NNG
24674,인데,VCP+EC
24675,1,SN
24676,박,NNBC
24677,2,SN
24678,일,NNBC
24679,동안,NNG
24680,있,VV
24681,을,ETM
24682,예정,NNG
24683,이,VCP
24684,고,EC
24685,기림사,NNG
24686,분황사,NNG
24687,부처,NNG
24688,골,NNG
24689,무열왕릉,NNG
24690,석굴암,NNG
24691,황룡,NNG
24692,사지,NNG
24693,오릉,NNG
24694,국립,NNG
24695,경주,NNP
24696,박물관,NNG
24697,참고,NNG
24698,하,XSV
24699,시,EP
24700,어,EC
24701,유쾌,XR
24702,한,XSA+ETM
24703,경주,NNP
24704,여행,NNG
24705,하,XSV
24706,시,EP
24707,기,ETN
24708,를,JKO
24709,경주,NNP
24710,여행,NNG
24711,날씨,NNG
24712,.,SF
24713,.,SY
24714,10,SN
24715,월,NNBC
24716,8,SN
24717,일,NNBC
24718,날,NNG
24719,경주,NNP
24720,여행,NNG
24721,가,VV
24722,려는데,EC
24723,날씨,NNG
24724,가,JKS
24725,어떤,MM
24726,가요,NNG
24727,10,SN
24728,월,NNBC
24729,8,SN
24730,일,NNBC
24731,경주,NNP
24732,날씨,NNG
24733,는,JX
24734,대체로,MAG
24735,흐릴,VV+ETM
24736,가능,NNG
24737,성,XSN
24738,이,JKS
24739,있,VV
24740,으며,EC
24741,낮,NNG
24742,기온,NNG
24743,은,JX
24744,18,SN
24745,22,SN
24746,C,SL
24747,정도,NNG
24748,로,JKB
24749,예상,NNG
24750,돼요,XSV+EC
24751,비,NNG
24752,가,JKS
24753,내릴,VV+ETM
24754,가능,NNG
24755,성,XSN
24756,은,JX
24757,낮,VA
24758,지만,EC
24759,흐린,VV+ETM
24760,날씨,NNG
24761,가,JKS
24762,이어질,VV+ETM
24763,수,NNB
24764,있,VV
24765,으니,EC
24766,여행,NNG
24767,계획,NNG
24768,에,JKB
24769,참고,NNG
24770,하,XSV
24771,시,EP
24772,면,EC
24773,좋,VA
24774,을,ETM
24775,것,NNB
24776,경주,NNP
24777,여행,NNG
24778,코스,NNG
24779,(,SSO
24780,2,SN
24781,박,NNBC
24782,3,SN
24783,일,NNBC
24784,),SSC
24785,5,SN
24786,월,NNBC
24787,23,SN
24788,일,NNBC
24789,5,SN
24790,월,NNBC
24791,25,SN
24792,일,NNBC
24793,경주,NNP
24794,여행,NNG
24795,코스,NNG
24796,추천,NNG
24797,해,XSV+EC
24798,주,VX
24799,세요,EP+EF
24800,1,SN
24801,대상,NNG
24802,어머니,NNG
24803,자녀,NNG
24804,9,SN
24805,세,NNBC
24806,본인,NNG
24807,경주,NNP
24808,여행,NNG
24809,코스,NNG
24810,2,SN
24811,박,NNBC
24812,3,SN
24813,일,NNBC
24814,답변,NNG
24815,드립니다,VV+EF
24816,안녕,IC
24817,하,VV
24818,세요,EP+EF
24819,여행,NNG
24820,전문,NNG
24821,블로거,NNP
24822,어머님,NNG
24823,을,JKO
24824,모시,VV
24825,고,EC
24826,떠나,VV
24827,는,ETM
24828,경주,NNP
24829,여행,NNG
24830,이,JKS
24831,즐거운,VA+ETM
24832,추억,NNG
24833,으로,JKB
24834,남,VV
24835,을,ETM
24836,수,NNB
24837,있,VV
24838,도록,EC
24839,제,NP
24840,가,JKS
24841,경험,NNG
24842,한,XSV+ETM
24843,경주,NNP
24844,여행,NNG
24845,가,VV
24846,려구요,EC
24847,경주,NNP
24848,여행,NNG
24849,가,VV
24850,려고,EC
24851,하,VV
24852,는,ETM
24853,데,NNB
24854,11,SN
24855,월,NNBC
24856,초,NNB
24857,에,JKB
24858,나,JX
24859,갈,VV+ETM
24860,것,NNB
24861,같,VA
24862,아요,EF
24863,그,NP
24864,쯤,XSN
24865,되,VV
24866,면,EC
24867,날씨,NNG
24868,가,JKS
24869,많이,MAG
24870,추울,VA+ETM
24871,것,NNB
24872,같,VA
24873,은데,EC
24874,그,MM
24875,시즌,NNG
24876,에,JKB
24877,다니,VV
24878,기,ETN
24879,가,JKS
24880,괜찮,VA
24881,을까요,EC
24882,11,SN
24883,월,NNBC
24884,이,VCP
24885,면,EC
24886,가을,NNG
24887,도,JX
24888,무르익,VV
24889,어,EC
24890,갈,VX+ETM
24891,무렵,NNB
24892,이,VCP
24893,고,EC
24894,그리,MAG
24895,춥,VA
24896,지,EC
24897,않,VX
24898,아서,EC
24899,경주,NNP
24900,여행,NNG
24901,코스,NNG
24902,",",SC
24903,신경주역,NNP
24904,경주역,NNP
24905,질문,NNG
24906,드려요,VV+EC
24907,안녕,NNG
24908,하,XSV
24909,세요,EP+EF
24910,20,SN
24911,대,NNBC
24912,여성,NNG
24913,이,JKS
24914,고요,NNG
24915,친구,NNG
24916,랑,JKB
24917,여행,NNG
24918,가,VV
24919,려고,EC
24920,계획,NNG
24921,짜,VV
24922,고,EC
24923,있,VX
24924,는데,EC
24925,경주,NNP
24926,여행,NNG
24927,은,JX
24928,처음,NNG
24929,이,VCP
24930,라,EC
24931,질문,NNG
24932,드려요,VV+EC
24933,2,SN
24934,박,NNBC
24935,3,SN
24936,일,NNBC
24937,어디,NP
24938,가,JKS
24939,이동,NNG
24940,하,XSV
24941,기,ETN
24942,좋,VA
24943,을까요,EC
24944,바다,NNG
24945,위주,NNG
24946,야경,NNG
24947,여행,NNG
24948,아직,MAG
24949,숙소,NNG
24950,도,JX
24951,잡,VV
24952,기,ETN
24953,전,NNG
24954,입니다,VCP+EF
24955,경주,NNP
24956,여행,NNG
24957,시,XSN
24958,가,VV
24959,볼,EC+VX+ETM
24960,만,NNB
24961,한,XSA+ETM
24962,곳,NNG
24963,7,SN
24964,월,NNBC
24965,말,NNB
24966,에,JKB
24967,경주,NNP
24968,여행,NNG
24969,을,JKO
24970,계획,NNG
24971,했,XSV+EP
24972,는데,EF
24973,.,SF
24974,.,SY
24975,비피,NNG
24976,해,XSV+EC
24977,어떤,MM
24978,가요,NNG
24979,?,SF
24980,?,SY
24981,7,SN
24982,월,NNBC
24983,말,NNB
24984,에,JKB
24985,경주,NNP
24986,여행,NNG
24987,을,JKO
24988,계획,NNG
24989,했,XSV+EP
24990,는데,EC
24991,뉴스,NNG
24992,보,VV
24993,니,EC
24994,비,NNG
24995,가,JKS
24996,계속,MAG
24997,많이,MAG
24998,오,VV
24999,더라구요,EF
25000,여행,NNG
25001,을,JKO
25002,미뤄야,VV+EC
25003,하나,NR
25004,고민,NNG
25005,입니다,VCP+EF
25006,경주,NNP
25007,에,JKB
25008,기상,NNG
25009,예보,NNG
25010,확인,NNG
25011,하,XSV
25012,기,ETN
25013,경주,NNG
25014,여행,NNG
25015,을,JKO
25016,하,VV
25017,기,ETN
25018,전,NNG
25019,에,JKB
25020,기상,NNG
25021,예보,NNG
25022,를,JKO
25023,확인,NNG
25024,하,XSV
25025,는,ETM
25026,것,NNB
25027,이,JKS
25028,중요,NNG
25029,합니다,XSV+EF
25030,기상청,NNG
25031,이나,JC
25032,날씨,NNG
25033,앱,NNG
25034,을,JKO
25035,통해,VV+EC
25036,2,SN
25037,박,NNBC
25038,경주,NNP
25039,여행,NNG
25040,11,SN
25041,월,NNBC
25042,중순,NNG
25043,에,JKB
25044,남편,NNG
25045,과,JC
25046,경주,NNP
25047,여행,NNG
25048,을,JKO
25049,계획,NNG
25050,하,XSV
25051,고,EC
25052,있,VX
25053,는데요,EF
25054,처음,MAG
25055,가,VV+EC
25056,보,VX
25057,는,ETM
25058,곳,NNG
25059,이,VCP
25060,라,EC
25061,첫날,NNG
25062,은,JX
25063,황남,NNG
25064,관한,VV+ETM
25065,옥,NNG
25066,호텔,NNG
25067,에서,JKB
25068,1,SN
25069,박,NNBC
25070,하,VV
25071,고,EC
25072,이튿날,NNG
25073,은,JX
25074,청공,NNG
25075,한,XSA+ETM
25076,옥스,NNP
25077,테이,NNP
25078,에서,JKB
25079,1,SN
25080,박,NNBC
25081,총,MM
25082,2,SN
25083,박,NNBC
25084,3,SN
25085,일,NNBC
25086,계획,NNG
25087,인데요,VCP+EC
25088,여행,NNG
25089,스,XSN
25090,케,XSV+EC
25091,쥴,NNP
25092,을,JKO
25093,어떻,VA
25094,게,EC
25095,경주,NNP
25096,여행지,NNG
25097,추천,NNG
25098,2,SN
25099,부산,NNP
25100,을,JKO
25101,벗어난,VV+ETM
25102,경주,NNP
25103,여행지,NNG
25104,알려,VV+EC
25105,주,VX
25106,세요,EP+EF
25107,3,SN
25108,당일,NNG
25109,치,VV
25110,기,ETN
25111,로,JKB
25112,경주,NNP
25113,여행,NNG
25114,코스,NNG
25115,밑,NNG
25116,에,JKB
25117,자세,XR
25118,하,XSA
25119,게,EC
25120,권역,NNG
25121,별,XSN
25122,로,JKB
25123,여행,NNG
25124,코스,NNG
25125,를,JKO
25126,소개,NNG
25127,했,XSV+EP
25128,습니다,EF
25129,경주,NNP
25130,여행,NNG
25131,이,JKS
25132,처음,NNG
25133,이,VCP
25134,라면,EC
25135,대릉원,NNG
25136,첨성대,NNG
25137,참고,NNG
25138,로,JKB
25139,쭈니,NNP
25140,아빠,NNG
25141,블로그,NNG
25142,를,JKO
25143,방문,NNG
25144,하,XSV
25145,시,EP
25146,면,EC
25147,경주,NNP
25148,여행,NNG
25149,경주,NNP
25150,여행,NNG
25151,30,SN
25152,만,NR
25153,원,NNBC
25154,경주,NNG
25155,여행,NNG
25156,2,SN
25157,박,NNBC
25158,3,SN
25159,일,NNBC
25160,남자,NNG
25161,친구,NNG
25162,랑,JKB
25163,가,VV
25164,는데,EC
25165,숙소,NNG
25166,랑,JKB
25167,ktx,SL
25168,비,NNG
25169,는,JX
25170,다,MAG
25171,냈,VV+EP
25172,고,EC
25173,제,NP+JKG
25174,개인,NNG
25175,적,XSN
25176,으로,JKB
25177,30,SN
25178,만,NR
25179,원,NNBC
25180,이,VCP
25181,면,EC
25182,부족,NNG
25183,할까요,XSV+EC
25184,30,SN
25185,만,NR
25186,원,NNBC
25187,으로,JKB
25188,경주,NNP
25189,여행,NNG
25190,을,JKO
25191,계획,NNG
25192,하,XSV
25193,고,EC
25194,계신다면,VX+EC
25195,예산,NNG
25196,이,JKS
25197,어떻게,MAG
25198,집행,NNG
25199,되,XSV
25200,느냐,EC
25201,에,JKB
25202,따라,VV+EC
25203,충분,XR
25204,할,XSA+ETM
25205,수,NNB
25206,도,JX
25207,부족,NNG
25208,할,XSV+ETM
25209,수,NNB
25210,도,JX
25211,있,VA
25212,습니다,EF
25213,경주,NNP
25214,여행,NNG
25215,맛집,NNG
25216,경주,NNP
25217,여행,NNG
25218,가,VV
25219,고,EC
25220,싶,VX
25221,은데,EC
25222,맛집,NNG
25223,추천,NNG
25224,부탁,NNG
25225,드,VV
25226,려뇨,EC
25227,경주,NNP
25228,여행,NNG
25229,가이드,NNG
25230,교통편,NNG
25231,맛집,NNG
25232,볼거리,NNG
25233,까지,JX
25234,모두,MAG
25235,알려,VV+EC
25236,줄,VX+ETM
25237,게,NNB+JKS
25238,요,JX
25239,경주,NNP
25240,는,JX
25241,한국,NNP
25242,의,JKG
25243,역사,NNG
25244,와,JC
25245,문화,NNG
25246,가,JKS
25247,살,VV
25248,아,EC
25249,숨,NNG
25250,쉬,VV
25251,는,ETM
25252,도시,NNG
25253,로,JKB
25254,여행,NNG
25255,하,XSV
25256,기,ETN
25257,좋,VA
25258,은,ETM
25259,명소,NNG
25260,가,JKS
25261,많,VA
25262,아요,EC
25263,2025,SN
25264,년,NNBC
25265,봄,NNG
25266,경주,NNP
25267,로,JKB
25268,떠나,VV
25269,고,EC
25270,경주,NNP
25271,여행,NNG
25272,을,JKO
25273,가,VV
25274,는,ETM
25275,데,NNB
25276,갈,VV+ETM
25277,만,NNB
25278,한,XSA+ETM
25279,곳,NNG
25280,추천,NNG
25281,좀,MAG
25282,경주,NNP
25283,여행,NNG
25284,을,JKO
25285,가,VV
25286,는,ETM
25287,데,NNB
25288,갈,VV+ETM
25289,만,NNB
25290,한,XSA+ETM
25291,곳,NNG
25292,추천,NNG
25293,좀,MAG
25294,해,VV+EC
25295,주,VX
25296,세요,EP+EF
25297,경주,NNP
25298,여행,NNG
25299,추천,NNG
25300,지,NNG
25301,입니다,VCP+EF
25302,경주,NNP
25303,월드,NNG
25304,국립,NNG
25305,경주,NNP
25306,박물관,NNG
25307,황리,NNG
25308,단,MM
25309,길,NNG
25310,첨성대,NNG
25311,불국사,NNP
25312,엑스포,NNG
25313,공원,NNG
25314,등등,NNB
25315,입니다,VCP+EC
25316,2,SN
25317,월,NNBC
25318,1,SN
25319,~,SY
25320,2,SN
25321,일,NNBC
25322,경주,NNP
25323,여행,NNG
25324,날씨,NNG
25325,2,SN
25326,월,NNBC
25327,1,SN
25328,2,SN
25329,일,NNBC
25330,로,JKB
25331,경주,NNP
25332,여행,NNG
25333,가,VV
25334,는데,EC
25335,현재,MAG
25336,날씨,NNG
25337,가,JKS
25338,어떤,MM
25339,가요,NNG
25340,눈,NNG
25341,쌓였,VV+EP
25342,나요,EF
25343,시외버스,NNG
25344,타,VV
25345,고,EC
25346,가,VX
25347,는데,EC
25348,빙판길,NNG
25349,일까봐,VCP+EC+VX+EC
25350,불안,NNG
25351,해요,XSA+EF
25352,경주,NNP
25353,는,JX
25354,눈,NNG
25355,그렇게,MAG
25356,많이,MAG
25357,오,VV
25358,지,EC
25359,않,VX
25360,고,EC
25361,날씨,NNG
25362,도,JX
25363,많이,MAG
25364,춥,VA
25365,지,EC
25366,는,JX
25367,않,VX
25368,아요,EF
25369,주말,NNG
25370,에,JKB
25371,춥,VA
25372,다고,EC
25373,는,JX
25374,해도,VV+EC
25375,그때,NNG
25376,예보,NNG
25377,를,JKO
25378,보,VV
25379,는,ETM
25380,게,NNB+JKS
25381,좋,VA
25382,겠,EP
25383,죠,EF
25384,경주,NNP
25385,여행,NNG
25386,중,NNB
25387,놓치,VV
25388,지,EC
25389,말,VX
25390,아야,EC
25391,할,VX+ETM
25392,맛집,NNG
25393,과,JC
25394,카페,NNG
25395,알려,VV+EC
25396,주,VX
25397,세요,EP+EF
25398,경주,NNP
25399,여행,NNG
25400,을,JKO
25401,계획,NNG
25402,중,NNB
25403,이,VCP
25404,며,EC
25405,맛집,NNG
25406,과,JC
25407,카페,NNG
25408,에서,JKB
25409,특별,NNG
25410,한,XSA+ETM
25411,경험,NNG
25412,을,JKO
25413,하,VV
25414,고,EC
25415,싶,VX
25416,습니다,EF
25417,예,NNG
25418,를,JKO
25419,들,VV
25420,어,EC
25421,독특,XR
25422,한,XSA+ETM
25423,메뉴,NNG
25424,나,JC
25425,특별,NNG
25426,한,XSA+ETM
25427,뷰,NNP
25428,를,JKO
25429,제공,NNG
25430,하,XSV
25431,는,ETM
25432,곳,NNB
25433,혹은,MAJ
25434,전통,NNG
25435,적,XSN
25436,인,VCP+ETM
25437,분위기,NNG
25438,와,JC
25439,현대,NNG
25440,적,XSN
25441,인,VCP+ETM
25442,요소,NNG
25443,가,JKS
25444,조화,NNG
25445,를,JKO
25446,이루,VV
25447,는,ETM
25448,장소,NNG
25449,에,JKB
25450,대해,VV+EC
25451,알,VV
25452,고,EC
25453,싶,VX
25454,습니다,EF
25455,경주,NNP
25456,에,JKB
25457,가,VV
25458,면,EC
25459,황남빵,NNP
25460,과,JC
25461,2,SN
25462,박,NNBC
25463,3,SN
25464,일,NNBC
25465,경주,NNP
25466,여행,NNG
25467,일정,NNG
25468,을,JKO
25469,어떻게,MAG
25470,짜,VV
25471,야,EC
25472,할지,VX+EC
25473,고민,NNG
25474,입니다,VCP+EF
25475,.,SF
25476,2,SN
25477,박,NNBC
25478,3,SN
25479,일,NNBC
25480,경주,NNP
25481,여행,NNG
25482,아빠,NNG
25483,엄마,NNG
25484,중,NNB
25485,1,SN
25486,아들,NNG
25487,초,NNB
25488,2,SN
25489,딸,NNG
25490,1,SN
25491,일,NNBC
25492,차,NNG
25493,ktx,SL
25494,타,VV
25495,고,EC
25496,경주,NNP
25497,역하,NNG
25498,차,NNG
25499,11,SN
25500,시,NNBC
25501,숙소,NNG
25502,는,JX
25503,황리,NNG
25504,단,MM
25505,길,NNG
25506,황남,NNG
25507,고택,NNG
25508,2,SN
25509,일,NNBC
25510,차,NNG
25511,제,NP
25512,가,JKS
25513,드린,VV+ETM
25514,답변,NNG
25515,이,JKS
25516,도움,NNG
25517,되,XSV
25518,셨,EP+EP
25519,길,ETN+JKO
25520,바래요,VV+EF
25521,말씀,NNG
25522,하,XSV
25523,신,EP+ETM
25524,질문,NNG
25525,2,SN
25526,박,NNBC
25527,3,SN
25528,일,NNBC
25529,경주,NNP
25530,여행,NNG
25531,아빠,NNG
25532,엄마,NNG
25533,중,NNB
25534,1,SN
25535,아들,NNG
25536,초,NNB
25537,2,SN
25538,딸,NNG
25539,1,SN
25540,일,NNBC
25541,차,NNG
25542,ktx,SL
25543,타,VV
25544,고,EC
25545,경주,NNP
25546,여행,NNG
25547,경주,NNG
25548,여행,NNG
25549,은,JX
25550,아래,NNG
25551,를,JKO
25552,참조,NNG
25553,하,XSV
25554,시,EP
25555,면,EC
25556,더,MAG
25557,도움,NNG
25558,될,XSV+ETM
25559,거,NNB
25560,에요,VCP+EF
25561,https,SL
25562,valina,SL
25563,8342,SN
25564,tistory,SL
25565,com,SL
25566,entry,SL
25567,EC,SL
25568,B,SL
25569,2,SN
25570,9,SN
25571,C,SL
25572,EB,SL
25573,85,SN
25574,84,SN
25575,EC,SL
25576,9,SN
25577,D,SL
25578,98,SN
25579,EC,SL
25580,97,SN
25581,AD,SL
25582,EC,SL
25583,82,SN
25584,AC,SL
25585,EC,SL
25586,99,SN
25587,80,SN
25588,EA,SL
25589,B,SL
25590,0,SN
25591,90,SN
25592,EC,SL
25593,84,SN
25594,B,SL
25595,1,SN
25596,EC,SL
25597,97,SN
25598,AC,SL
25599,ED,SL
25600,96,SN
25601,89,SN
25602,EA,SL
25603,B,SL
25604,2,SN
25605,BD,SL
25606,EC,SL
25607,A,SL
25608,3,SN
25609,BC,SL
25610,ED,SL
25611,95,SN
25612,84,SN
25613,EC,SL
25614,88,SN
25615,98,SN
25616,EC,SL
25617,BD,SL
25618,94,SN
25619,EC,SL
25620,8,SN
25621,A,SL
25622,A,SL
25623,4,SN
25624,EC,SL
25625,경주,NNP
25626,여행,NNG
25627,질문,NNG
25628,경주,NNG
25629,여행,NNG
25630,코스,NNG
25631,짜,VV+EC
25632,봤,VX+EP
25633,는데요,EF
25634,이렇게,MAG
25635,가,VV
25636,도,EC
25637,되,VV
25638,나요,EF
25639,그리고,MAJ
25640,2,SN
25641,일,NNBC
25642,차,NNG
25643,에,JKB
25644,경주,NNP
25645,시내,NNG
25646,권,XSN
25647,숙소,NNG
25648,인데,VCP+EC
25649,첨성대,NNG
25650,코스,NNG
25651,와,JC
25652,황리,NNG
25653,단,MM
25654,길,NNG
25655,은,JX
25656,도보이,NNP
25657,동,NNG
25658,가능,NNG
25659,한,XSA+ETM
25660,가요,NNG
25661,아니,VCN
25662,면,EC
25663,차,NNG
25664,타,VV
25665,고,EC
25666,가,VX
25667,야,EF
25668,하나,NR
25669,요,VCP+EC
25670,1,SN
25671,일,NNBC
25672,차,NNG
25673,불국사,NNG
25674,권,XSN
25675,숙소,NNG
25676,1,SN
25677,불국사,NNG
25678,2,SN
25679,석굴암,NNG
25680,바람,NNG
25681,의,JKG
25682,언덕,NNG
25683,3,SN
25684,숙소,NNG
25685,체크인,NNG
25686,4,SN
25687,경주,NNP
25688,여행,NNG
25689,2,SN
25690,월,NNBC
25691,에,JKB
25692,2,SN
25693,박,NNBC
25694,3,SN
25695,일,NNBC
25696,로,JKB
25697,경주,NNP
25698,여행,NNG
25699,가,VV
25700,려고,EC
25701,하,VV
25702,는데,EC
25703,펜션,NNG
25704,이나,JC
25705,호텔,NNG
25706,예약,NNG
25707,은,JX
25708,몇,MM
25709,달,NNBC
25710,전,NNG
25711,부터,JX
25712,하,VV
25713,는,ETM
25714,게,NNB+JKS
25715,좋,VA
25716,을까요,EC
25717,1,SN
25718,달,NNBC
25719,전,NNG
25720,이,JKS
25721,제일,MAG
25722,좋,VA
25723,습니다,EF
25724,만,JX
25725,가,VV
25726,는,ETM
25727,날짜,NNG
25728,들,XSN
25729,이,JKS
25730,성수기,NNG
25731,라면,VCP+EC
25732,2,SN
25733,달,NNBC
25734,전,NNG
25735,에,JKB
25736,하,VV
25737,는,ETM
25738,게,NNB+JKS
25739,좋,VA
25740,겠,EP
25741,죠,EF
25742,경주,NNP
25743,여행,NNG
25744,당일치기,NNG
25745,질문,NNG
25746,이,VCP
25747,요,EC
25748,뚜,MAG
25749,버,VV
25750,기,ETN
25751,인데,VCP+EC
25752,1,SN
25753,박,NNBC
25754,할지,VV+EC
25755,당일,NNG
25756,치,VV
25757,기,ETN
25758,로,JKB
25759,갔,VV+EP
25760,다,EC
25761,올지,VX+EC
25762,모르,VV
25763,겠,EP
25764,는데,EC
25765,우선,MAG
25766,당일,NNG
25767,로,JKB
25768,갈,VV+ETM
25769,거,NNB
25770,같,VA
25771,아요,EF
25772,오전,NNG
25773,11,SN
25774,시,NNBC
25775,쯤,NNB
25776,경주,NNP
25777,터미널,NNG
25778,도착,NNG
25779,오후,NNG
25780,9,SN
25781,시,NNBC
25782,경주,NNP
25783,터미널,NNG
25784,에서,JKB
25785,집,NNG
25786,가,VV
25787,는,ETM
25788,버스,NNG
25789,11,SN
25790,시,NNBC
25791,경주,NNP
25792,버스,NNG
25793,터미널,NNG
25794,에,JKB
25795,도착,NNG
25796,한다고,XSV+EC
25797,치,VV
25798,면,EC
25799,황리,NNG
25800,단,MM
25801,길,NNG
25802,대릉원,NNG
25803,첨성대,NNG
25804,월,NNG
25805,정교,NNG
25806,동궁,NNG
25807,과,JC
25808,월지,NNG
25809,경주,NNP
25810,여행,NNG
25811,가,VV
25812,볼까,EC+VX+EC
25813,하,VX
25814,는데요,EF
25815,?,SF
25816,다른,MM
25817,곳,NNG
25818,은,JX
25819,특별히,MAG
25820,안,MAG
25821,가,VV
25822,고,EC
25823,경주,NNP
25824,만,JX
25825,보,VV
25826,려고요,EC
25827,저,NP
25828,도,JX
25829,경주,NNP
25830,여행,NNG
25831,준비,NNG
25832,하,XSV
25833,면서,EC
25834,진짜,MAG
25835,헤맸,VV+EP
25836,는데요,EF
25837,시티투어,NNP
25838,탈까,VV+EC
25839,그냥,MAG
25840,블로그,NNG
25841,한,MM
25842,번,NNBC
25843,보,VV
25844,고,EC
25845,시작,NNG
25846,해,XSV+EC
25847,보,VX
25848,세요,EP+EF
25849,경주,NNP
25850,여행,NNG
25851,헛,XPN
25852,걸음,NNG
25853,없이,MAG
25854,딱,MAG
25855,맞,VV
25856,게,EC
25857,즐기,VV
25858,고,EC
25859,싶,VX
25860,다면,EC
25861,여기,NP
25862,부터,JX
25863,보,VV
25864,시,EP
25865,는,ETM
25866,거,NNB
25867,추천,NNG
25868,드립니다,VV+EC
25869,경주,NNP
25870,여행,NNG
25871,어때요,VA+EF
25872,?,SF
25873,고등학생,NNG
25874,시절,NNG
25875,추억,NNG
25876,만들,VV
25877,까,EC
25878,해요,VX+EF
25879,ㅠ,UNKNOWN
25880,.,SF
25881,..,SY
25882,경주,NNP
25883,여행,NNG
25884,어때요,VA+EF
25885,고등학생,NNG
25886,시절,NNG
25887,추억,NNG
25888,만들,VV
25889,까,EC
25890,해요,VX+EF
25891,로또,NNP
25892,되,VV
25893,는,ETM
25894,꿈,NNG
25895,꿨,VV+EP
25896,는데,EC
25897,해몽,NNG
25898,해줘요,XSV+EC+VX+EC
25899,컴퓨터,NNG
25900,조립식,NNG
25901,은,JX
25902,얼마,NNG
25903,죠,VCP+EF
25904,경주,NNP
25905,여행,NNG
25906,은,JX
25907,고등학생,NNG
25908,시절,NNG
25909,의,JKG
25910,추억,NNG
25911,을,JKO
25912,만들,VV
25913,기,ETN
25914,에,JKB
25915,아주,MAG
25916,좋,VA
25917,은,ETM
25918,선택,NNG
25919,입니다,VCP+EF
25920,경주,NNP
25921,는,JX
25922,한국,NNP
25923,의,JKG
25924,역사,NNG
25925,와,JC
25926,문화,NNG
25927,를,JKO
25928,느낄,VV+ETM
25929,수,NNB
25930,있,VV
25931,는,ETM
25932,도시,NNG
25933,로,JKB
25934,남자,NNG
25935,혼자,NNG
25936,경주,NNP
25937,여행,NNG
25938,4,SN
25939,박,NNBC
25940,5,SN
25941,일,NNBC
25942,일정,NNG
25943,및,MAJ
25944,숙소,NNG
25945,예약,NNG
25946,문,NNG
25947,의,JKG
25948,혼자,NNG
25949,경주,NNP
25950,여행,NNG
25951,멋지,VA
25952,게,EC
25953,계획,NNG
25954,중,NNB
25955,이,VCP
25956,시,EP
25957,네요,EC
25958,4,SN
25959,박,NNBC
25960,5,SN
25961,일,NNBC
25962,이,VCP
25963,면,EC
25964,여유,NNG
25965,있,VV
25966,게,EC
25967,경주,NNG
25968,를,JKO
25969,제대로,MAG
25970,느낄,VV+ETM
25971,수,NNB
25972,있,VV
25973,는,ETM
25974,일정,NNG
25975,이,VCP
25976,에요,EF
25977,가성,NNG
25978,비,XPN
25979,숙소,NNG
25980,경주역,NNP
25981,근처,NNG
25982,게스트,NNP
25983,하우스,NNP
25984,나,JC
25985,황리,NNG
25986,단,MM
25987,길,NNG
25988,쪽,NNB
25989,한옥,NNP
25990,게스트,NNP
25991,하우스,NNP
25992,가,JKS
25993,가격,NNG
25994,도,JX
25995,좋,VA
25996,고,EC
25997,접근성,NNG
25998,도,JX
25999,좋,VA
26000,아요,EF
26001,바닷가,NNG
26002,이동,NNG
26003,경주,NNP
26004,여행,NNG
26005,루트,NNG
26006,천마총,NNG
26007,경주,NNP
26008,중앙,NNG
26009,시장,NNG
26010,경주,NNP
26011,여행,NNG
26012,일정,NNG
26013,을,JKO
26014,천마총,NNG
26015,갔,VV+EP
26016,다가,EC
26017,중앙,NNG
26018,시장,NNG
26019,가,VV
26020,려고,EC
26021,하,VV
26022,는데,EC
26023,네이버,NNP
26024,지도,NNG
26025,에,JKB
26026,검색,NNG
26027,해,XSV+EC
26028,보,VX
26029,니까,EC
26030,다시,MAG
26031,밑,NNG
26032,으로,JKB
26033,내려갔,VV+EP
26034,다가,EC
26035,올라가,VV
26036,라고,EC
26037,하,VV
26038,네요,EC
26039,동선,NNG
26040,낭비,NNG
26041,너무,MAG
26042,심한,VA+ETM
26043,데,NNB
26044,지도,NNG
26045,에,JKB
26046,나온,VV+ETM
26047,거,NNB
26048,처럼,JKB
26049,삥,MAG
26050,돌아가,VV
26051,야,EF
26052,하나,NR
26053,요,VCP+EC
26054,중간,NNG
26055,에,JKB
26056,나가,VV
26057,는,ETM
26058,문,NNG
26059,없,VA
26060,나요,EC
26061,천마총,NNG
26062,20,SN
26063,대,NNBC
26064,중반,NNG
26065,여성,NNG
26066,경주,NNP
26067,여행,NNG
26068,식당,NNG
26069,및,MAJ
26070,술집,NNG
26071,추천,NNG
26072,해,XSV+EC
26073,주,VX
26074,세요,EP+EF
26075,7,SN
26076,월,NNBC
26077,에,JKB
26078,친구,NNG
26079,들,XSN
26080,이랑,JC
26081,경주,NNP
26082,여행,NNG
26083,을,JKO
26084,가,VV
26085,는데,EC
26086,경주,NNP
26087,에,JKB
26088,대해서,VV+EC
26089,마땅히,MAG
26090,잘,MAG
26091,알,VV
26092,지,EC
26093,못해서,VX+EC
26094,막막,XR
26095,하,XSA
26096,네요,EC
26097,20,SN
26098,대,NNBC
26099,여자,NNG
26100,이,VCP
26101,며,EC
26102,술,NNG
26103,을,JKO
26104,좋아합니다,VV+EC
26105,황리,NNG
26106,단,MM
26107,길,NNG
26108,이랑,JC
26109,보문,NNG
26110,단지,MAG
26111,핫,NNG
26112,플,NNG
26113,추천,NNG
26114,해,XSV+EC
26115,주,VX
26116,세요,EP+EF
26117,그리고,MAJ
26118,맛있,VA
26119,는,ETM
26120,식당,NNG
26121,도,JX
26122,추천,NNG
26123,부탁,NNG
26124,드립니다,VV+EC
26125,하루,NNG
26126,는,JX
26127,시내,NNG
26128,권,XSN
26129,경주,NNP
26130,여행,NNG
26131,1,SN
26132,박,NNBC
26133,2,SN
26134,일,NNBC
26135,경주,NNP
26136,여행,NNG
26137,1,SN
26138,박,NNBC
26139,2,SN
26140,일,NNBC
26141,경비,NNG
26142,어느,MM
26143,정도,NNG
26144,나올까요,VV+EF
26145,숙소,NNG
26146,랑,JKB
26147,교통비,NNG
26148,빼,VV
26149,고요,EC
26150,쓰,VV
26151,기,ETN
26152,나름,NNB
26153,이,VCP
26154,지만,EC
26155,식대,NNG
26156,입장료,NNG
26157,간식,NNG
26158,정도,NNG
26159,이,VCP
26160,면,EC
26161,큰,VA+ETM
26162,돈,NNG
26163,은,JX
26164,들,VV
26165,지,EC
26166,않,VX
26167,겠,EP
26168,조,NR
26169,본인,NNG
26170,의,JKG
26171,주머니,NNG
26172,만큼,NNB
26173,생각,NNG
26174,해서,XSV+EC
26175,조절,NNG
26176,하,XSV
26177,여,EC
26178,쓰,VV
26179,는,ETM
26180,게,NNB+JKS
26181,좋,VA
26182,겠,EP
26183,네요,EF
26184,여유,NNG
26185,가,JKS
26186,있,VA
26187,다면,EC
26188,맛있,VA
26189,는,ETM
26190,것,NNB
26191,도,JX
26192,먹,VV
26193,고,EC
26194,해도,VV+EC
26195,좋,VA
26196,겠,EP
26197,죠,EF
26198,경주,NNP
26199,여행지,NNG
26200,2,SN
26201,박,NNBC
26202,3,SN
26203,일,NNBC
26204,추천,NNG
26205,이번,NNG
26206,에,JKB
26207,남자,NNG
26208,친구,NNG
26209,전역,NNG
26210,직전,NNG
26211,으로,JKB
26212,경주,NNP
26213,여행,NNG
26214,을,JKO
26215,가,VV
26216,기,ETN
26217,로,JKB
26218,했,VV+EP
26219,는데요,EF
26220,둘,NR
26221,다,MAG
26222,황리,NNG
26223,단,MM
26224,길,NNG
26225,외,NNB
26226,엔,JKB+JX
26227,아,VV
26228,는,ETM
26229,게,NNB+JKS
26230,없,VA
26231,어서요,EC
26232,차,NNG
26233,가,JKS
26234,있,VA
26235,어서,EC
26236,경주,NNP
26237,여행,NNG
26238,을,JKO
26239,계획,NNG
26240,하,XSV
26241,고,EC
26242,계시,VX
26243,는군요,EC
26244,별,MM
26245,다섯,NR
26246,개,NNBC
26247,경주,NNP
26248,2,SN
26249,박,NNBC
26250,3,SN
26251,일,NNBC
26252,여행,NNG
26253,코스,NNG
26254,를,JKO
26255,공유,NNG
26256,하,XSV
26257,니,EC
26258,내용,NNG
26259,참고,NNG
26260,하,XSV
26261,시,EP
26262,면,EC
26263,좋,VA
26264,을,ETM
26265,것,NNB
26266,같,VA
26267,습니다,EF
26268,아이,NNG
26269,랑,JC
26270,일,NR
26271,박,NNBC
26272,이,NR
26273,일,NNBC
26274,경주,NNP
26275,여행,NNG
26276,코스,NNG
26277,다섯,NR
26278,살,NNBC
26279,아이,NNG
26280,와,JKB
26281,함께,MAG
26282,경주,NNP
26283,로,JKB
26284,가족,NNG
26285,여행,NNG
26286,을,JKO
26287,갑니다,VV+EC
26288,첫날,NNG
26289,점심,NNG
26290,쯤,XSN
26291,경주역,NNP
26292,도착,NNG
26293,예정,NNG
26294,이,VCP
26295,고,EC
26296,숙소,NNG
26297,는,JX
26298,보문관광단지,NNP
26299,근처,NNG
26300,입니다,VCP+EF
26301,둘째,NR
26302,날,NNG
26303,은,JX
26304,경주,NNP
26305,월드,NNG
26306,를,JKO
26307,다녀오,VV
26308,고,EC
26309,오후,NNG
26310,4,SN
26311,시,NNBC
26312,쯤,XSN
26313,경주,NNP
26314,를,JKO
26315,떠날,VV+ETM
26316,계획,NNG
26317,입니다,VCP+EF
26318,직접,MAG
26319,운전,NNG
26320,할,XSV+ETM
26321,예정,NNG
26322,인데,VCP+EC
26323,코스,NNG
26324,를,JKO
26325,어떻게,MAG
26326,짜,VV
26327,야,EC
26328,경주,NNP
26329,여행,NNG
26330,추천,NNG
26331,안녕,NNG
26332,하,XSA
26333,세영,NNP
26334,경주,NNP
26335,여행,NNG
26336,할려고,VV+EC
26337,하,VV
26338,는,ETM
26339,10,SN
26340,대,NNBC
26341,인데,VCP+EC
26342,여,NNG
26343,황리,NNG
26344,단,MM
26345,길,NNG
26346,근처,NNG
26347,어둑,XR
26348,한,XSA+ETM
26349,분위기,NNG
26350,좋,VA
26351,겟,EP
26352,어요,EF
26353,경주,NNP
26354,여행,NNG
26355,가이드,NNG
26356,교통편,NNG
26357,맛집,NNG
26358,볼거리,NNG
26359,까지,JX
26360,모두,MAG
26361,알려,VV+EC
26362,줄,VX+ETM
26363,게,NNB+JKS
26364,요,JX
26365,경주,NNP
26366,여행,NNG
26367,가이드,NNG
26368,교통편,NNG
26369,맛집,NNG
26370,볼거리,NNG
26371,까지,JX
26372,모두,MAG
26373,알려,VV+EC
26374,줄,VX+ETM
26375,게요,NNB+VCP+EC
26376,경주,NNP
26377,여행,NNG
26378,동선,NNG
26379,부탁,NNG
26380,드려요,VV+EC
26381,1,SN
26382,박,NNBC
26383,으로,JKB
26384,어린애,NNG
26385,들,XSN
26386,데리,VV
26387,고,EC
26388,경주,NNP
26389,여행,NNG
26390,할,XSV+ETM
26391,거,NNB
26392,에요,VCP+EF
26393,숙소,NNG
26394,는,JX
26395,보문,NNG
26396,단지,NNG
26397,이,VCP
26398,구요,EF
26399,우선,MAG
26400,정도,NNG
26401,경주,NNP
26402,여행,NNG
26403,을,JKO
26404,다녀온,VV+ETM
26405,것,NNB
26406,같,VA
26407,은데요,EC
26408,아이,NNG
26409,랑,JC
26410,경주,NNP
26411,여행,NNG
26412,하,XSV
26413,면서,EC
26414,체험,NNG
26415,코스,NNG
26416,맛집,NNG
26417,경주,NNP
26418,여행,NNG
26419,TIP,SL
26420,1,SN
26421,경주,NNP
26422,여행,NNG
26423,코스,NNG
26424,는,JX
26425,크,VA
26426,게,EC
26427,시내,NNG
26428,권,XSN
26429,보문관광단지,NNP
26430,토함산,NNP
26431,남산,NNG
26432,경주,NNP
26433,여행,NNG
26434,3,SN
26435,박,NNBC
26436,4,SN
26437,일,NNBC
26438,갈려고,VV+EC
26439,하,VV
26440,는,ETM
26441,데,NNB
26442,24,SN
26443,만,NR
26444,원,NNBC
26445,괜찮,VA
26446,을까요,EC
26447,애인,NNG
26448,이랑,JC
26449,3,SN
26450,박,NNBC
26451,4,SN
26452,일,NNBC
26453,경주,NNP
26454,여행,NNG
26455,갈려고,VV+EC
26456,하,VV
26457,는데,EC
26458,돈,NNG
26459,을,JKO
26460,제,NP
26461,가,JKS
26462,다,MAG
26463,쓸려고,VV+EC
26464,맘먹,VV
26465,었,EP
26466,는데,EC
26467,24,SN
26468,만,NR
26469,원,NNBC
26470,이,VCP
26471,면,EC
26472,충분,XR
26473,할까요,XSA+EC
26474,경주,NNP
26475,여행,NNG
26476,3,SN
26477,박,NNBC
26478,4,SN
26479,일,NNBC
26480,갈려고,VV+EC
26481,하,VV
26482,는,ETM
26483,데,NNB
26484,245000,SN
26485,원,NNBC
26486,괜찮,VA
26487,을까,EC
26488,애인,NNG
26489,이랑,JC
26490,3,SN
26491,박,NNBC
26492,4,SN
26493,일,NNBC
26494,경주,NNP
26495,여행,NNG
26496,갈려고,VV+EC
26497,하,VV
26498,는데,EC
26499,돈,NNG
26500,을,JKO
26501,제,NP
26502,가,JKS
26503,다,MAG
26504,쓸려고,VV+EC
26505,맘먹,VV
26506,었,EP
26507,는데,EC
26508,24,SN
26509,만,NR
26510,원,NNBC
26511,이,VCP
26512,면,EC
26513,경주,NNP
26514,여행,NNG
26515,코스,NNG
26516,좀,MAG
26517,경주,NNP
26518,여행,NNG
26519,코스,NNG
26520,좀,MAG
26521,경주,NNP
26522,여행,NNG
26523,을,JKO
26524,계획,NNG
26525,하,XSV
26526,고,EC
26527,계신,VX+ETM
26528,다니,VCP+EC
26529,정말,MAG
26530,흥미,NNG
26531,로운,XSA+ETM
26532,여행,NNG
26533,이,JKS
26534,될,VV+ETM
26535,것,NNB
26536,같,VA
26537,습니다,EF
26538,경주,NNP
26539,는,JX
26540,신라,NNP
26541,의,JKG
26542,역사,NNG
26543,와,JC
26544,문화,NNG
26545,아름다운,VA+ETM
26546,자연,NNG
26547,경관,NNG
26548,을,JKO
26549,느낄,VV+ETM
26550,수,NNB
26551,있,VV
26552,는,ETM
26553,대한민국,NNP
26554,의,JKG
26555,대표,NNG
26556,적,XSN
26557,인,VCP+ETM
26558,관광,NNG
26559,도시,NNG
26560,입니다,VCP+EC
26561,1,SN
26562,박,NNBC
26563,2,SN
26564,일,NNBC
26565,동안,NNG
26566,방문,NNG
26567,할,XSV+ETM
26568,수,NNB
26569,있,VV
26570,는,ETM
26571,추천,NNG
26572,여행,NNG
26573,경주,NNP
26574,여행,NNG
26575,실내,NNG
26576,관광,NNG
26577,경주,NNG
26578,여행,NNG
26579,가,VV
26580,는데,EC
26581,비,NNG
26582,가,JKS
26583,많이,MAG
26584,오,VV
26585,더라고요,EC
26586,실내,NNG
26587,로,JKB
26588,가,VV
26589,는,ETM
26590,곳,NNG
26591,추천,NNG
26592,좀,MAG
26593,해,VV+EC
26594,주,VX
26595,세요,EP+EF
26596,검색,NNG
26597,을,JKO
26598,기반,NNG
26599,삼,VV
26600,아,EC
26601,경주,NNP
26602,에서,JKB
26603,비,NNG
26604,가,JKS
26605,오,VV
26606,는,ETM
26607,실제,NNG
26608,방문,NNG
26609,하,XSV
26610,시,EP
26611,는,ETM
26612,날씨,NNG
26613,와,JC
26614,여행,NNG
26615,일정,NNG
26616,에,JKB
26617,따라,VV+EC
26618,운영,NNG
26619,시간,NNG
26620,을,JKO
26621,확인,NNG
26622,해,XSV+EC
26623,보,VX
26624,시,EP
26625,고,EC
26626,즐거운,VA+ETM
26627,경주,NNP
26628,여행,NNG
26629,되,XSV
26630,시,EP
26631,길,ETN+JKO
26632,바랍니다,VV+EF
26633,채택,NNG
26634,해,XSV+EC
26635,경주,NNP
26636,여행,NNG
26637,운전,NNG
26638,평상시,NNG
26639,에,JKB
26640,는,JX
26641,운전,NNG
26642,을,JKO
26643,안,MAG
26644,하,VV
26645,고,EC
26646,제주,NNP
26647,여행,NNG
26648,갈,VV+ETM
26649,때,NNG
26650,몇,MM
26651,번,NNBC
26652,해,VV+EC
26653,본,VX+ETM
26654,게,NNB+JKS
26655,다,MAG
26656,입니다,VCP+EF
26657,경주,NNP
26658,케,IC
26659,텍스,NNG
26660,타,VV
26661,고,EC
26662,가,VX
26663,서,EC
26664,렌트,NNG
26665,할,VV+ETM
26666,거,NNB
26667,같,VA
26668,은데,EC
26669,초보,NNG
26670,운전,NNG
26671,도,JX
26672,돌아다니,VV
26673,기,ETN
26674,어렵,VA
26675,지,EC
26676,않,VX
26677,을까요,EC
26678,경주,NNP
26679,는,JX
26680,그렇게,MAG
26681,복잡,XR
26682,하,XSA
26683,지,EC
26684,는,JX
26685,않,VX
26686,은,ETM
26687,곳,NNG
26688,이,VCP
26689,지만,EC
26690,운전,NNG
26691,에,JKB
26692,자신,NNG
26693,이,JKS
26694,없,VA
26695,다면,EC
26696,조심,NNG
26697,운전,NNG
26698,을,JKO
26699,하,VV
26700,면,EC
26701,경주,NNP
26702,여행,NNG
26703,질문,NNG
26704,이,VCP
26705,요,EC
26706,사,VV
26707,시,EP
26708,거나,EC
26709,경주,NNP
26710,여행,NNG
26711,가,VV+EC
26712,보,VX
26713,신,EP+ETM
26714,분,NNB
26715,들,XSN
26716,의,JKG
26717,의견,NNG
26718,부탁,NNG
26719,드립니다,VV+EC
26720,경주,NNP
26721,한,MM
26722,바퀴,NNBC
26723,돌,VV
26724,아,EC
26725,주,VX
26726,는,ETM
26727,버스,NNG
26728,타,VV
26729,시,EP
26730,거나,EC
26731,택시,NNG
26732,타,VV
26733,세용,EP+EF
26734,걸어서,VV+EC
26735,경주,NNP
26736,여행,NNG
26737,해,XSV+EC
26738,보,VX
26739,면,EC
26740,알,VV+ETM
26741,거,NNB
26742,에요,VCP+EF
26743,택시,NNG
26744,잡,VV
26745,기,ETN
26746,힘들,VA
26747,어요,EF
26748,첨,NNG
26749,부터,JX
26750,택시,NNG
26751,많,VA
26752,은,ETM
26753,관광지,NNG
26754,에서,JKB
26755,택시,NNG
26756,잡,VV
26757,거나,EC
26758,카카오,NNP
26759,택시,NNG
26760,경주,NNP
26761,여행,NNG
26762,식당,NNG
26763,추천,NNG
26764,부탁,NNG
26765,드립니다,VV+EC
26766,한,MM
26767,시간,NNG
26768,뒤,VV
26769,면,EC
26770,경주,NNP
26771,도착,NNG
26772,하,XSV
26773,는데,EC
26774,경주,NNP
26775,여행가,NNG
26776,서,JKB
26777,여기,NP
26778,는,JX
26779,꼭,MAG
26780,가,VV+EC
26781,봐야,VX+EC
26782,한다,VX+EC
26783,하,VV
26784,는,ETM
26785,식당,NNG
26786,이,JKS
26787,경주,NNP
26788,여행,NNG
26789,에서,JKB
26790,특별,NNG
26791,한,XSA+ETM
26792,대접,NNG
26793,을,JKO
26794,받,VV
26795,을,ETM
26796,수,NNB
26797,있,VV
26798,는,ETM
26799,식당,NNG
26800,을,JKO
26801,추천,NNG
26802,해,XSV+EC
26803,드리,VX
26804,겠,EP
26805,습니다,EF
26806,위,IC
26807,두,MM
26808,식당,NNG
26809,중,NNB
26810,하나,NR
26811,를,JKO
26812,선택,NNG
26813,하,XSV
26814,시,EP
26815,면,EC
26816,경주,NNP
26817,여행,NNG
26818,에서,JKB
26819,특별,NNG
26820,한,XSA+ETM
26821,대접,NNG
26822,을,JKO
26823,받,VV
26824,을,ETM
26825,수,NNB
26826,있,VV
26827,을,ETM
26828,3,SN
26829,월,NNBC
26830,1,SN
26831,일,NNBC
26832,경주,NNP
26833,여행,NNG
26834,코스,NNG
26835,(,SSO
26836,당일치기,NNG
26837,),SSC
26838,학생,NNG
26839,4,SN
26840,명,NNBC
26841,이,VCP
26842,고,EC
26843,3,SN
26844,1,SN
26845,경주,NNP
26846,여행,NNG
26847,코스,NNG
26848,좀,MAG
26849,알려,VV+EC
26850,주,VX
26851,세요,EP+EF
26852,첨성대,NNG
26853,근처,NNG
26854,한복,NNG
26855,나드리,NNG
26856,에서,JKB
26857,질문,NNG
26858,하,XSV
26859,신,EP+ETM
26860,경주,NNP
26861,여행,NNG
26862,일정,NNG
26863,관련,NNG
26864,답변,NNG
26865,드리,VV
26866,도록,EC
26867,하,VX
26868,겠,EP
26869,습니다,EF
26870,황리,NNG
26871,단,MM
26872,길,NNG
26873,과,JC
26874,맞춤,NNG
26875,형,XSN
26876,경주,NNG
26877,여행,NNG
26878,일정,NNG
26879,을,JKO
26880,준비,NNG
26881,했,XSV+EP
26882,어요,EF
26883,아래,NNG
26884,첨부,NNG
26885,된,XSV+ETM
26886,일정,NNG
26887,을,JKO
26888,참고,NNG
26889,해,XSV+EC
26890,보,VX
26891,시,EP
26892,고,EC
26893,여행,NNG
26894,에,JKB
26895,경주,NNP
26896,여행,NNG
26897,경주,NNG
26898,여행,NNG
26899,은,JX
26900,역사,NNG
26901,여행,NNG
26902,에,JKB
26903,의미,NNG
26904,를,JKO
26905,두,VV
26906,고,EC
26907,다녀왔,VV+EP
26908,는데요,EF
26909,생각,NNG
26910,보다,JKB
26911,는,JX
26912,재미,NNG
26913,가,JKS
26914,없,VA
26915,었,EP
26916,어요,EF
26917,너무,MAG
26918,진지,XR
26919,하,XSA
26920,게,EC
26921,공부,NNG
26922,하,XSV
26923,는,ETM
26924,느낌,NNG
26925,으로,JKB
26926,질문,NNG
26927,하,XSV
26928,신,EP+ETM
26929,경주,NNP
26930,여행지,NNG
26931,관련,NNG
26932,답변,NNG
26933,드리,VV
26934,도록,EC
26935,하,VX
26936,겠,EP
26937,습니다,EF
26938,가,VV
26939,볼,EC+VX+ETM
26940,만,NNB
26941,한,XSA+ETM
26942,경주,NNP
26943,여행지,NNG
26944,중,NNB
26945,에서,JKB
26946,는,JX
26947,동궁,NNG
26948,과,JC
26949,월지,NNG
26950,2,SN
26951,박,NNBC
26952,3,SN
26953,일,NNBC
26954,경주,NNP
26955,여행,NNG
26956,코스,NNG
26957,추천,NNG
26958,뚜벅,MAG
26959,이,JKC
26960,위한,VV+ETM
26961,경주,NNP
26962,여행,NNG
26963,코스,NNG
26964,추천,NNG
26965,부탁,NNG
26966,드려요,VV+EC
26967,세,MM
26968,분,NNBC
26969,이,JKS
26970,오붓,XR
26971,하,XSA
26972,게,EC
26973,경주,NNP
26974,여행,NNG
26975,계획,NNG
26976,하,XSV
26977,고,EC
26978,계시,VX
26979,는군요,EC
26980,대중교통,NNG
26981,을,JKO
26982,이용,NNG
26983,해서,XSV+EC
26984,돌아볼,VV+ETM
26985,생각,NNG
26986,이,VCP
26987,시,EP
26988,라면,EC
26989,가볍,VA
26990,게,EC
26991,코스,NNG
26992,를,JKO
26993,짜,VV+EC
26994,보,VX
26995,시,EP
26996,는,ETM
26997,것,NNB
26998,도,JX
26999,좋,VA
27000,을,ETM
27001,거,NNB
27002,같,VA
27003,습니다,EF
27004,1,SN
27005,경주,NNP
27006,여행,NNG
27007,코스,NNG
27008,추천,NNG
27009,경주,NNG
27010,여행,NNG
27011,코스,NNG
27012,추천,NNG
27013,가족,NNG
27014,안녕,NNG
27015,하,XSV
27016,세요,EP+EF
27017,무,XPN
27018,계획,NNG
27019,이,MM
27020,루트,NNG
27021,로,JKB
27022,실행,NNG
27023,하,XSV
27024,면,EC
27025,실패,NNG
27026,없,VA
27027,는,ETM
27028,경주,NNP
27029,여행지,NNG
27030,를,JKO
27031,소개,NNG
27032,해,XSV+EC
27033,드릴까,VX+EC
27034,합니다,VX+EF
27035,한번,MAG
27036,보,VV
27037,시,EP
27038,고,EC
27039,마음,NNG
27040,에,JKB
27041,드신,VV+EP+ETM
27042,다면,NNG
27043,채택,NNG
27044,부탁,NNG
27045,드립니다,VV+EC
27046,경주,NNP
27047,여행,NNG
27048,중,NNB
27049,꼭,MAG
27050,가,VV+EC
27051,봐야,VX+EC
27052,할,VX+ETM
27053,맛집,NNG
27054,리스트,NNG
27055,는,JX
27056,무엇,NP
27057,인가요,VCP+EF
27058,?,SF
27059,경주,NNP
27060,여행,NNG
27061,을,JKO
27062,계획,NNG
27063,중,NNB
27064,이,VCP
27065,며,EC
27066,필수,NNG
27067,방문,NNG
27068,맛집,NNG
27069,과,JC
27070,핫,NNG
27071,플레이스,NNG
27072,를,JKO
27073,알,VV
27074,고,EC
27075,싶,VX
27076,습니다,EF
27077,현지인,NNG
27078,들,XSN
27079,이,JKS
27080,추천,NNG
27081,하,XSV
27082,는,ETM
27083,숨,NNG
27084,은,JX
27085,명소,NNG
27086,나,JC
27087,경주,NNP
27088,여행,NNG
27089,시,NNB
27090,꼭,MAG
27091,가,VV+EC
27092,봐야,VX+EC
27093,할,VX+ETM
27094,맛집,NNG
27095,은,JX
27096,황남빵,NNP
27097,경주,NNP
27098,식당,NNG
27099,잔치국수,NNP
27100,교동,NNP
27101,법주,NNP
27102,신라,NNP
27103,밀면,NNP
27104,이,VCP
27105,에요,EF
27106,핫,IC
27107,플레이스,NNG
27108,는,JX
27109,경주,NNP
27110,불국사,NNP
27111,와,JKB
27112,경주,NNP
27113,여행,NNG
27114,일정,NNG
27115,도와,VV+EC
27116,주,VX
27117,세요,EP+EF
27118,!,SF
27119,!,SY
27120,그냥,MAG
27121,최소한,NNG
27122,의,JKG
27123,움직임,NNG
27124,으로,JKB
27125,이틀,NNG
27126,동안,NNG
27127,다녀올,VV+ETM
27128,수,NNB
27129,있,VV
27130,는,ETM
27131,경주,NNP
27132,여행,NNG
27133,코스,NNG
27134,좀,MAG
27135,알려,VV+EC
27136,주,VX
27137,세요,EP+EF
27138,예쁜,VA+ETM
27139,카페,NNP
27140,도,JX
27141,추천,NNG
27142,질문,NNG
27143,하,XSV
27144,신,EP+ETM
27145,경주,NNP
27146,여행,NNG
27147,일정,NNG
27148,관련,NNG
27149,답변,NNG
27150,드리,VV
27151,도록,EC
27152,하,VX
27153,겠,EP
27154,습니다,EF
27155,질,NNG
27156,문자,NNG
27157,님,XSN
27158,께서,JKS
27159,원,NNG
27160,하,XSV
27161,신,EP+ETM
27162,대로,NNB
27163,최대한,NNG
27164,여유,NNG
27165,로운,XSA+ETM
27166,경주,NNP
27167,여행,NNG
27168,일정,NNG
27169,을,JKO
27170,준비,NNG
27171,해,XSV+EC
27172,경주,NNP
27173,여행,NNG
27174,가,VV
27175,려는데,EC
27176,추천,NNG
27177,좀,MAG
27178,요,JX
27179,!,SF
27180,!,SY
27181,엄마,NNG
27182,혼자,NNG
27183,초,XPN
27184,4,SN
27185,초,NNBC
27186,2,SN
27187,아들,NNG
27188,둘,NR
27189,데리,VV
27190,고,EC
27191,주,VX
27192,중,NNB
27193,에,JKB
27194,경주,NNP
27195,여행,NNG
27196,정도,NNG
27197,경주,NNP
27198,여행,NNG
27199,을,JKO
27200,다녀온,VV+ETM
27201,것,NNB
27202,같,VA
27203,은데요,EC
27204,구체,NNG
27205,적,XSN
27206,인,VCP+ETM
27207,일정,NNG
27208,이,JKS
27209,없,VA
27210,어서,EC
27211,주,VX
27212,요,EC
27213,경주,NNP
27214,여행,NNG
27215,코스,NNG
27216,맛집,NNG
27217,숙소,NNG
27218,에,JKB
27219,대한,VV+ETM
27220,제,MM
27221,경험담,NNG
27222,을,JKO
27223,묶,VV
27224,어서,EC
27225,소개,NNG
27226,할게요,XSV+EC
27227,경주,NNP
27228,여행,NNG
27229,TIP,SL
27230,1,SN
27231,경주,NNP
27232,여행,NNG
27233,코스,NNG
27234,는,JX
27235,경주,NNP
27236,여행,NNG
27237,추천,NNG
27238,경주,NNP
27239,여행지,NNG
27240,좀,MAG
27241,추천,NNG
27242,해,XSV+EC
27243,주,VX
27244,세요,EP+EF
27245,문,NNG
27246,의,JKG
27247,주신,NNG
27248,경주,NNP
27249,여행지,NNG
27250,추천,NNG
27251,드릴게요,VV+EC
27252,즐거운,VA+ETM
27253,경주,NNP
27254,여행,NNG
27255,되,XSV
27256,셨,EP+EP
27257,으면,EC
27258,좋,VA
27259,겠,EP
27260,어요,EF
27261,경북,NNP
27262,경주,NNP
27263,가,VV
27264,볼,EC+VX+ETM
27265,만,NNB
27266,한,XSA+ETM
27267,곳,NNG
27268,1,SN
27269,황성,NNG
27270,공원,NNG
27271,2,SN
27272,양남,NNG
27273,주상,NNG
27274,절리,NNG
27275,3,SN
27276,동궁,NNG
27277,과,JC
27278,월지,NNG
27279,4,SN
27280,동,NNBC
27281,궁원,NNG
27282,5,SN
27283,황리,NNG
27284,단,MM
27285,길,NNG
27286,6,SN
27287,첨성대,NNG
27288,7,SN
27289,경주,NNP
27290,여행,NNG
27291,코스,NNG
27292,질문,NNG
27293,경주,NNG
27294,여행,NNG
27295,을,JKO
27296,가,VV
27297,는데,EC
27298,예전,NNG
27299,에,JKB
27300,가본적,NNG
27301,이,JKS
27302,있,VV
27303,어서,EC
27304,대충,MAG
27305,지리,NNG
27306,적,XSN
27307,인,VCP+ETM
27308,건,NNB+JX
27309,아,VV
27310,는데,EC
27311,질문,NNG
27312,하,XSV
27313,신,EP+ETM
27314,경주,NNP
27315,여행,NNG
27316,코스,NNG
27317,관련,NNG
27318,답변,NNG
27319,드리,VV
27320,겠,EP
27321,습니다,EF
27322,경주로,NNG
27323,의,JKG
27324,1,SN
27325,박,NNBC
27326,2,SN
27327,일,NNBC
27328,여행,NNG
27329,을,JKO
27330,2,SN
27331,일,NNBC
27332,경주,NNP
27333,여행,NNG
27334,일정,NNG
27335,을,JKO
27336,준비,NNG
27337,했,XSV+EP
27338,어요,EF
27339,아래,NNG
27340,첨부,NNG
27341,된,XSV+ETM
27342,일정,NNG
27343,을,JKO
27344,참고,NNG
27345,해,XSV+EC
27346,보,VX
27347,시,EP
27348,고,EC
27349,즐거운,VA+ETM
27350,경주,NNP
27351,여행,NNG
27352,가,VV
27353,는데,EC
27354,여행,NNG
27355,코스,NNG
27356,추천,NNG
27357,이,VCP
27358,요,EC
27359,제,NP
27360,가,JKS
27361,중,NNG
27362,3,SN
27363,인데,VCP+EC
27364,중,NNB
27365,3,SN
27366,이,JKS
27367,좋,VA
27368,아,EC
27369,할,VX+ETM
27370,만,NNB
27371,한,XSA+ETM
27372,경주,NNP
27373,여행,NNG
27374,코스,NNG
27375,추천,NNG
27376,이,VCP
27377,요,EC
27378,문,NNG
27379,의,JKG
27380,주신,NNG
27381,경주,NNP
27382,여행,NNG
27383,코스,NNG
27384,추천,NNG
27385,드릴게요,VV+EC
27386,재밌,VA
27387,게,EC
27388,놀,VV
27389,다,EC
27390,오,VX
27391,셨,EP+EP
27392,으면,EC
27393,좋,VA
27394,겠,EP
27395,어요,EF
27396,경북,NNP
27397,경주,NNP
27398,가,VV
27399,볼,EC+VX+ETM
27400,만,NNB
27401,한,XSA+ETM
27402,곳,NNG
27403,1,SN
27404,황성,NNG
27405,공원,NNG
27406,2,SN
27407,양남,NNG
27408,주상,NNG
27409,절리,NNG
27410,3,SN
27411,동궁,NNG
27412,과,JC
27413,월지,NNG
27414,4,SN
27415,동,NNBC
27416,궁원,NNG
27417,5,SN
27418,엄마,NNG
27419,와,JC
27420,경주,NNP
27421,여행,NNG
27422,엄마,NNG
27423,와,JC
27424,경주,NNP
27425,여행,NNG
27426,평일,NNG
27427,에,JKB
27428,대중교통,NNG
27429,타,VV
27430,고,EC
27431,가,VX
27432,려고,EC
27433,하,VX
27434,는데요,EF
27435,일단,MAG
27436,불국사,NNG
27437,가,VV
27438,고,EC
27439,도보,NNG
27440,대중교통,NNG
27441,이용,NNG
27442,의,JKG
27443,경주,NNG
27444,여행,NNG
27445,코스,NNG
27446,의견,NNG
27447,드려,VV+EC
27448,볼께요,VX+EF
27449,먼저,MAG
27450,평일,NNG
27451,어머니,NNG
27452,와,JC
27453,어머니,NNG
27454,와,JC
27455,행복,NNG
27456,한,XSA+ETM
27457,경주,NNP
27458,여행,NNG
27459,되,XSV
27460,세요,EP+EF
27461,경주,NNP
27462,주요,NNG
27463,관광지,NNG
27464,의,JKG
27465,교통편,NNG
27466,도보,NNG
27467,포함,NNG
27468,뚜벅,MAG
27469,이,MM
27470,경주,NNP
27471,여행,NNG
27472,1,SN
27473,박,NNBC
27474,코스,NNG
27475,추천,NNG
27476,좀,MAG
27477,요,JX
27478,여자,NNG
27479,친구,NNG
27480,랑,JC
27481,경주,NNP
27482,여행,NNG
27483,을,JKO
27484,가,VV
27485,려고,EC
27486,하,VV
27487,는데,EC
27488,뚜벅,MAG
27489,이,XSN
27490,로,JKB
27491,돌아다닐,VV+ETM
27492,코스,NNG
27493,좀,MAG
27494,추천,NNG
27495,해,XSV+EC
27496,주,VX
27497,세요,EP+EF
27498,경주,NNP
27499,월드,NNG
27500,는,JX
27501,제외,NNG
27502,하,XSV
27503,고요,EC
27504,그,MM
27505,여자,NNG
27506,친구,NNG
27507,와,JKB
27508,가,VV
27509,볼,EC+VX+ETM
27510,만,NNB
27511,한,XSA+ETM
27512,경주,NNP
27513,여행,NNG
27514,코스,NNG
27515,추천,NNG
27516,드릴게요,VV+EC
27517,좋,VA
27518,은,ETM
27519,하루,NNG
27520,되,VV
27521,세요,EP+EF
27522,경주,NNP
27523,가,VV
27524,볼,EC+VX+ETM
27525,만,NNB
27526,한,XSA+ETM
27527,곳,NNG
27528,1,SN
27529,경주,NNG
27530,경주,NNP
27531,여행,NNG
27532,HELP,SL
27533,!,SY
27534,2,SN
27535,월,NNBC
27536,18,SN
27537,일,NNBC
27538,부터,JX
27539,2,SN
27540,월,NNBC
27541,20,SN
27542,일,NNBC
27543,까지,JX
27544,2,SN
27545,박,NNBC
27546,3,SN
27547,일,NNBC
27548,로,JKB
27549,가족,NNG
27550,들,XSN
27551,이랑,JC
27552,경주,NNP
27553,여행,NNG
27554,가,VV
27555,려고,EC
27556,하,VV
27557,는데,EC
27558,어딜,NP+JKO
27559,가,VV
27560,야,EC
27561,할지,VX+EC
27562,모르,VV
27563,겠,EP
27564,어요,EF
27565,도와,VV+EC
27566,주,VX
27567,세요,EP+EF
27568,중,NNB
27569,1,SN
27570,경주,NNP
27571,여행,NNG
27572,추천,NNG
27573,지,NNG
27574,입니다,VCP+EF
27575,경주,NNP
27576,월드,NNG
27577,테마파크,NNG
27578,경주,NNP
27579,엑스포,NNG
27580,대공원,NNG
27581,경주,NNP
27582,국립,NNG
27583,박물관,NNG
27584,경주,NNP
27585,대,XPN
27586,원릉,NNG
27587,동굴,NNG
27588,과,JC
27589,월지,NNG
27590,뚜벅,MAG
27591,이,MM
27592,경주,NNP
27593,여행,NNG
27594,다음,NNG
27595,주,NNG
27596,평일,NNG
27597,에,JKB
27598,화,NNG
27599,수,NNG
27600,중,NNB
27601,경주,NNP
27602,여행,NNG
27603,가,VV
27604,려고,EC
27605,했,VX+EP
27606,는데,EC
27607,시기,NNG
27608,상,XSN
27609,뷰,NNP
27610,가,JKS
27611,별로,MAG
27612,일,VV+ETM
27613,거,NNB
27614,같,VA
27615,아서,EC
27616,고민,NNG
27617,입니다,VCP+EF
27618,혼자,NNG
27619,뚜벅,MAG
27620,이,MM
27621,꽃,NNG
27622,피,VV
27623,고,EC
27624,봄바람,NNG
27625,살랑살랑,MAG
27626,부,NNG
27627,는,JX
27628,4,SN
27629,월,NNBC
27630,달,NNG
27631,경주,NNP
27632,여행,NNG
27633,오푸스,NNG
27634,에서,JKB
27635,즐겨,VV+EC
27636,보,VX
27637,세요,EP+EF
27638,전,MM
27639,객실,NNG
27640,개별,NNG
27641,바베큐,NNG
27642,장,NNG
27643,으로,JKB
27644,경주,NNP
27645,여행,NNG
27646,추천,NNG
27647,50,SN
27648,대,NNBC
27649,부부,NNG
27650,10,SN
27651,월,NNBC
27652,여행,NNG
27653,경주,NNG
27654,여행,NNG
27655,1,SN
27656,박,NNBC
27657,2,SN
27658,일,NNBC
27659,코스,NNG
27660,밤,NNG
27661,야경,NNG
27662,과,JC
27663,숙소,NNG
27664,및,MAJ
27665,먹거리,NNG
27666,추천,NNG
27667,부탁,NNG
27668,합니다,XSV+EF
27669,경주,NNP
27670,여행,NNG
27671,을,JKO
27672,계획,NNG
27673,중,NNB
27674,이,VCP
27675,시,EP
27676,군요,EF
27677,그럼,MAJ
27678,경주,NNP
27679,에서,JKB
27680,가,VV
27681,볼,EC+VX+ETM
27682,만,NNB
27683,한,XSA+ETM
27684,곳,NNG
27685,들,XSN
27686,추천,NNG
27687,해,XSV+EC
27688,드리,VX
27689,겠,EP
27690,습니다,EF
27691,첨성대,NNG
27692,동궁,NNG
27693,과,JC
27694,월지,NNG
27695,대릉원,NNG
27696,경주,NNP
27697,여행,NNG
27698,코스,NNG
27699,부탁,NNG
27700,드려요,VV+EC
27701,출발,NNG
27702,합니다,XSV+EF
27703,경주,NNP
27704,여행,NNG
27705,코스,NNG
27706,부탁,NNG
27707,드립니다,VV+EC
27708,숙소,NNG
27709,는,JX
27710,아직,MAG
27711,예약,NNG
27712,안,MAG
27713,했,VV+EP
27714,어요,EF
27715,코스,NNG
27716,보고,JKB
27717,근처,NNG
27718,게스트,NNP
27719,하우스,NNP
27720,로,JKB
27721,잡,VV
27722,으려고요,EF
27723,안녕,IC
27724,하,VV
27725,세요,EP+EF
27726,무,XPN
27727,계획,NNG
27728,없이,MAG
27729,이,MM
27730,루트,NNG
27731,로,JKB
27732,가,VV
27733,면,EC
27734,실패,NNG
27735,없,VA
27736,는,ETM
27737,경주,NNP
27738,여행,NNG
27739,아이,NNG
27740,와,JC
27741,경주,NNP
27742,여행,NNG
27743,코스,NNG
27744,짜,VV
27745,려고,EC
27746,하,VV
27747,는데,EC
27748,동선,NNG
27749,ㅠㅠㅠ어렵네요,UNKNOWN
27750,가족,NNG
27751,들,XSN
27752,과,JC
27753,경주,NNP
27754,여행,NNG
27755,계획,NNG
27756,중,NNB
27757,입니다,VCP+EF
27758,구성원,NNG
27759,은,JX
27760,남편,NNG
27761,저,MM
27762,4,SN
27763,세,NNBC
27764,7,SN
27765,세,NNBC
27766,아이,NNG
27767,와,JKB
27768,함께,MAG
27769,합니다,VV+EF
27770,첫째,NR
27771,날,NNG
27772,강동,MAG
27773,워터,NNG
27774,파크,NNG
27775,6,SN
27776,시,NNBC
27777,까지,JX
27778,보낼,VV+ETM
27779,아이,NNG
27780,와,JKB
27781,함께,MAG
27782,하,VV
27783,는,ETM
27784,경주,NNP
27785,여행,NNG
27786,정말,MAG
27787,좋,VA
27788,을,ETM
27789,것,NNB
27790,같,VA
27791,습니다,EF
27792,여행,NNG
27793,하,XSV
27794,는,ETM
27795,동안,NNG
27796,필요,NNG
27797,한,XSA+ETM
27798,정보,NNG
27799,를,JKO
27800,확인,NNG
27801,하,XSV
27802,실,EP+ETM
27803,수,NNB
27804,있,VV
27805,는,ETM
27806,정보,NNG
27807,를,JKO
27808,경주,NNP
27809,여행,NNG
27810,코스,NNG
27811,(,SSO
27812,2,SN
27813,박,NNBC
27814,3,SN
27815,일,NNBC
27816,),SSC
27817,질문,NNG
27818,이,JKS
27819,있,VA
27820,어요,EF
27821,5,SN
27822,월,NNBC
27823,23,SN
27824,일,NNBC
27825,5,SN
27826,월,NNBC
27827,25,SN
27828,일,NNBC
27829,경주,NNP
27830,여행,NNG
27831,코스,NNG
27832,추천,NNG
27833,해,XSV+EC
27834,주,VX
27835,세요,EP+EF
27836,1,SN
27837,대상,NNG
27838,어머니,NNG
27839,경주,NNP
27840,여행,NNG
27841,코스,NNG
27842,2,SN
27843,박,NNBC
27844,3,SN
27845,일,NNBC
27846,답변,NNG
27847,드릴게요,VV+EC
27848,경주,NNP
27849,여행,NNG
27850,코스,NNG
27851,2,SN
27852,박,NNBC
27853,3,SN
27854,일,NNBC
27855,답변,NNG
27856,드립니다,VV+EC
27857,어머님,NNG
27858,을,JKO
27859,모시,VV
27860,고,EC
27861,떠나,VV
27862,는,ETM
27863,경주,NNP
27864,여행,NNG
27865,이,JKS
27866,즐거운,VA+ETM
27867,추억,NNG
27868,으로,JKB
27869,남,VV
27870,을,ETM
27871,수,NNB
27872,있,VV
27873,도록,EC
27874,제,NP
27875,가,JKS
27876,2,SN
27877,박,NNBC
27878,3,SN
27879,일,NNBC
27880,경주,NNP
27881,여행,NNG
27882,10,SN
27883,월,NNBC
27884,2,SN
27885,박,NNBC
27886,3,SN
27887,일,NNBC
27888,경주,NNP
27889,여행,NNG
27890,코스,NNG
27891,및,MAJ
27892,식당,NNG
27893,추천,NNG
27894,부탁,NNG
27895,드립니다,VV+EC
27896,1,SN
27897,인,NNG
27898,여행,NNG
27899,숙소,NNG
27900,는,JX
27901,경주,NNP
27902,여행,NNG
27903,가실,NNG
27904,때,NNG
27905,방문,NNG
27906,하,XSV
27907,시,EP
27908,기,ETN
27909,좋,VA
27910,은,ETM
27911,뷰,NNP
27912,예쁜,VA+ETM
27913,카페,NNG
27914,입니다,VCP+EF
27915,포토,NNG
27916,존,NNP
27917,도,JX
27918,많,VA
27919,고,EC
27920,다양,XR
27921,한,XSA+ETM
27922,작품,NNG
27923,도,JX
27924,함께,MAG
27925,감상,NNG
27926,할,XSV+ETM
27927,수,NNB
27928,있,VV
27929,는,ETM
27930,카페,NNG
27931,라서,VCP+EC
27932,경주,NNP
27933,여행,NNG
27934,에,JKB
27935,참고,NNG
27936,해,XSV+EC
27937,수면,NNG
27938,좋,VA
27939,을,ETM
27940,거,NNB
27941,같,VA
27942,아요,EC
27943,경주,NNP
27944,여행,NNG
27945,질문,NNG
27946,안녕,NNG
27947,하,XSV
27948,세요,EP+EF
27949,경주,NNP
27950,여행,NNG
27951,을,JKO
27952,가,VV+EC
27953,본,VX+ETM
27954,적,NNB
27955,이,JKS
27956,없,VA
27957,는데,EC
27958,이번,NNG
27959,에,JKB
27960,가,VV+EC
27961,보,VX
27962,려고,EC
27963,하,VX
27964,거든요,EF
27965,1,SN
27966,일,NNBC
27967,정도,NNG
27968,돌아다닐,VV+ETM
27969,거,NNB
27970,같,VA
27971,은데,EC
27972,버스,NNG
27973,와,JC
27974,렌트카,NNG
27975,반갑,VA
27976,습니다,EF
27977,살,VV
27978,아,EC
27979,있,VX
27980,는,ETM
27981,문화,NNG
27982,유산,NNG
27983,의,JKG
27984,도시,NNG
27985,경주,NNP
27986,여행,NNG
27987,을,JKO
27988,1,SN
27989,인,NNG
27990,당일,NNG
27991,로,JKB
27992,준비,NNG
27993,중,NNB
27994,이,VCP
27995,시,EP
27996,네요,EF
27997,경주,NNP
27998,방문,NNG
27999,이,JKS
28000,처음,NNG
28001,이,VCP
28002,시,EP
28003,라면,EC
28004,경주,NNP
28005,여행,NNG
28006,코스,NNG
28007,어디,NP
28008,가,JKS
28009,★,SY
28010,가족,NNG
28011,들,XSN
28012,이랑,JC
28013,경주,NNP
28014,여행,NNG
28015,을,JKO
28016,가,VV
28017,려고,EC
28018,하,VV
28019,는데,EC
28020,경주,NNP
28021,여행,NNG
28022,코스,NNG
28023,를,JKO
28024,어떻게,MAG
28025,해야,VV+EC
28026,할지,VX+EC
28027,모르,VV
28028,겟,EP
28029,네요,EF
28030,경주,NNP
28031,여행,NNG
28032,코스,NNG
28033,어디,NP
28034,가,JKS
28035,좋,VA
28036,을까요,EF
28037,사실,MAG
28038,중학교,NNG
28039,때,NNG
28040,가,VV+EC
28041,보,VX
28042,고,EC
28043,안,MAG
28044,가,VV+EC
28045,봤,VX+EP
28046,어요,EF
28047,경주,NNP
28048,여행,NNG
28049,코스,NNG
28050,가장,MAG
28051,핫,NNG
28052,플레이스,NNG
28053,만,JX
28054,가,VV+EC
28055,보,VX
28056,고,EC
28057,싶,VX
28058,어요,EF
28059,혹시,MAG
28060,경주,NNP
28061,여행,NNG
28062,코스,NNG
28063,다,MAG
28064,들,XSN
28065,6,SN
28066,월,NNBC
28067,경주,NNP
28068,여행,NNG
28069,제,NP
28070,가,JKS
28071,6,SN
28072,월,NNBC
28073,달,NNG
28074,에,JKB
28075,엄마,NNG
28076,아빠,NNG
28077,랑,JKB
28078,언니,NNG
28079,랑,JC
28080,경주,NNP
28081,여행,NNG
28082,을,JKO
28083,가,VV
28084,는데요,EC
28085,갈,VX+ETM
28086,곳,NNG
28087,추천,NNG
28088,해,XSV+EC
28089,주,VX
28090,세요,EP+EF
28091,너무,MAG
28092,유명,XR
28093,한,XSA+ETM
28094,곳,NNG
28095,은,JX
28096,아니,VCN
28097,였,EP
28098,음,ETN
28099,하,VV
28100,네요,EF
28101,예,IC
28102,경주,NNP
28103,여행,NNG
28104,을,JKO
28105,계획,NNG
28106,하,XSV
28107,시,EP
28108,는,ETM
28109,것,NNB
28110,같,VA
28111,네요,EF
28112,저,NP
28113,도,JX
28114,여러분,NP
28115,들,XSN
28116,이,JKS
28117,즐길,VV+ETM
28118,수,NNB
28119,있,VV
28120,는,ETM
28121,장소,NNG
28122,와,JC
28123,활동,NNG
28124,을,JKO
28125,추천,NNG
28126,해,XSV+EC
28127,드릴게요,VX+EC
28128,1,SN
28129,경주,NNP
28130,월드컵,NNG
28131,경주,NNP
28132,여행지,NNG
28133,추천,NNG
28134,해,XSV+EC
28135,주,VX
28136,세요,EP+EF
28137,4,SN
28138,월,NNBC
28139,에,JKB
28140,경주,NNP
28141,여행,NNG
28142,계획,NNG
28143,이,JKS
28144,있,VA
28145,어요,EF
28146,3,SN
28147,박,NNBC
28148,일정,NNG
28149,으로,JKB
28150,가,VV
28151,려고,EC
28152,해요,VX+EF
28153,질문,NNG
28154,하,XSV
28155,신,EP+ETM
28156,경주,NNP
28157,여행지,NNG
28158,관련,NNG
28159,답변,NNG
28160,드리,VV
28161,도록,EC
28162,하,VX
28163,겠,EP
28164,습니다,EF
28165,4,SN
28166,월,NNBC
28167,에,JKB
28168,경주,NNP
28169,여행,NNG
28170,을,JKO
28171,가시,VV
28172,나,EC
28173,보,VX
28174,군요,EC
28175,경주,NNP
28176,는,JX
28177,대부분,NNG
28178,평지,NNG
28179,라,VCP+EC
28180,많,VA
28181,으니,EC
28182,경주,NNP
28183,여행지,NNG
28184,알아보,VV
28185,실,EP+ETM
28186,때,NNG
28187,조금,NNG
28188,이,VCP
28189,라도,EC
28190,참고,NNG
28191,되,XSV
28192,셨,EP+EP
28193,으면,EC
28194,경주,NNP
28195,여행,NNG
28196,추천,NNG
28197,좀,MAG
28198,해,VV+EC
28199,주,VX
28200,세요,EP+EF
28201,가,VV
28202,야,EC
28203,하,VV
28204,는,ETM
28205,경주,NNP
28206,여행지,NNG
28207,도,JX
28208,추천,NNG
28209,부탁,NNG
28210,합니다,XSV+EF
28211,경주,NNP
28212,보문,NNG
28213,단지,NNG
28214,내,NNB
28215,에,JKB
28216,위치,NNG
28217,한,XSA+ETM
28218,우양,NNG
28219,미술관,NNG
28220,은,JX
28221,국내,NNG
28222,최초,NNG
28223,경주,NNP
28224,여행,NNG
28225,에서,JKB
28226,꼭,MAG
28227,추천,NNG
28228,드리,VV
28229,고,EC
28230,싶,VX
28231,은,ETM
28232,장소,NNG
28233,는,JX
28234,동궁,NNG
28235,과,JC
28236,월지,NNG
28237,인데요,VCP+EF
28238,신라,NNP
28239,시대,NNG
28240,의,JKG
28241,별,MM
28242,궁터,NNG
28243,였었,VCP+EP
28244,고,EC
28245,왕자,NNG
28246,가,JKS
28247,생활,NNG
28248,하,XSV
28249,는,ETM
28250,장소,NNG
28251,였,VCP+EP
28252,다고,EC
28253,합니다,VX+EC
28254,경주,NNP
28255,여행,NNG
28256,코스,NNG
28257,(,SSO
28258,지도,NNG
28259,),SSC
28260,",",SC
28261,숙소,NNG
28262,2,SN
28263,주,NNBC
28264,후,NNG
28265,에,JKB
28266,여자,NNG
28267,친구,NNG
28268,와,JKB
28269,같이,MAG
28270,경주,NNP
28271,여행,NNG
28272,을,JKO
28273,하,VV
28274,기,ETN
28275,로,JKB
28276,했,VV+EP
28277,어요,EF
28278,차,NNG
28279,를,JKO
28280,가지,VV
28281,고,EC
28282,갈,VX+ETM
28283,예정,NNG
28284,인데요,VCP+EF
28285,경주,NNP
28286,여행,NNG
28287,어떤,MM
28288,식,NNB
28289,으로,JKB
28290,코스,NNG
28291,를,JKO
28292,잡,VV
28293,고,EC
28294,가,VX
28295,는,ETM
28296,것,NNB
28297,이,JKS
28298,좋,VA
28299,을까요,EF
28300,그리고,MAJ
28301,경주,NNP
28302,여행,NNG
28303,코스,NNG
28304,지도,NNG
28305,를,JKO
28306,알아보,VV
28307,고,EC
28308,외,NNB
28309,경주,NNP
28310,여행,NNG
28311,하,XSV
28312,면서,EC
28313,갈,VX+ETM
28314,만,NNB
28315,한,XSA+ETM
28316,곳,NNG
28317,몇,MM
28318,군데,NNBC
28319,도,JX
28320,알려,VV+EC
28321,주,VX
28322,세요,EP+EF
28323,경주,NNP
28324,경주,NNP
28325,여행,NNG
28326,2,SN
28327,박,NNBC
28328,3,SN
28329,일,NNBC
28330,코스,NNG
28331,조언,NNG
28332,부탁,NNG
28333,드립니다,VV+EF
28334,.,SF
28335,저희,NP
28336,가족,NNG
28337,과,JC
28338,저희,NP
28339,부모,NNG
28340,님,XSN
28341,을,JKO
28342,모시,VV
28343,고,EC
28344,경주,NNP
28345,여행,NNG
28346,을,JKO
28347,2,SN
28348,박,NNBC
28349,3,SN
28350,일,NNBC
28351,질문,NNG
28352,하,XSV
28353,신,EP+ETM
28354,경주,NNP
28355,여행,NNG
28356,코스,NNG
28357,관련,NNG
28358,답변,NNG
28359,드리,VV
28360,겠,EP
28361,습니다,EF
28362,가족,NNG
28363,분,NNB
28364,들,XSN
28365,과,JKB
28366,함께,MAG
28367,경주,NNP
28368,여행,NNG
28369,을,JKO
28370,계획,NNG
28371,하,XSV
28372,고,EC
28373,계시,VX
28374,는군요,EC
28375,가족,NNG
28376,3,SN
28377,일,NNBC
28378,경주,NNP
28379,여행,NNG
28380,일정,NNG
28381,을,JKO
28382,준비,NNG
28383,했,XSV+EP
28384,어요,EF
28385,아래,NNG
28386,첨부,NNG
28387,된,XSV+ETM
28388,일정,NNG
28389,을,JKO
28390,참고,NNG
28391,해,XSV+EC
28392,친정,NNG
28393,엄마,NNG
28394,와,JC
28395,2,SN
28396,박,NNBC
28397,3,SN
28398,일,NNBC
28399,경주,NNP
28400,여행,NNG
28401,코스,NNG
28402,요,VCP+EC
28403,7,SN
28404,월,NNBC
28405,10,SN
28406,일,NNBC
28407,70,SN
28408,대,NNBC
28409,초반,NNG
28410,아주,MAG
28411,건강,NNG
28412,한,XSA+ETM
28413,친정,NNG
28414,엄마,NNG
28415,와,JC
28416,둘,NR
28417,이,JKS
28418,경주,NNP
28419,여행,NNG
28420,질문,NNG
28421,하,XSV
28422,신,EP+ETM
28423,경주,NNP
28424,여행,NNG
28425,코스,NNG
28426,관련,NNG
28427,답변,NNG
28428,드리,VV
28429,겠,EP
28430,습니다,EF
28431,부모,NNG
28432,님,XSN
28433,과,JKB
28434,함께,MAG
28435,하,VV
28436,는,ETM
28437,경주,NNP
28438,여행,NNG
28439,을,JKO
28440,계획,NNG
28441,중,NNB
28442,이,VCP
28443,시,EP
28444,군요,EF
28445,숙소,NNG
28446,의,JKG
28447,맞춤,NNG
28448,형,XSN
28449,경주,NNG
28450,여행,NNG
28451,일정,NNG
28452,을,JKO
28453,준비,NNG
28454,했,XSV+EP
28455,어요,EF
28456,아래,NNG
28457,첨부,NNG
28458,된,XSV+ETM
28459,일정,NNG
28460,을,JKO
28461,경주,NNP
28462,여행,NNG
28463,!,SF
28464,!,SY
28465,황리,NNG
28466,단,MM
28467,길,NNG
28468,맛집,NNG
28469,추천,NNG
28470,이번,NNG
28471,주,NNG
28472,에,JKB
28473,경주,NNP
28474,여행,NNG
28475,가,VV
28476,는데,EC
28477,황리,NNG
28478,단,MM
28479,길,NNG
28480,근처,NNG
28481,로,JKB
28482,맛집,NNG
28483,많이,MAG
28484,추천,NNG
28485,해,XSV+EC
28486,주,VX
28487,세요,EP+EF
28488,뚜벅,MAG
28489,이,VCP
28490,라,EC
28491,거리,NNG
28492,멀,VA
28493,면,EC
28494,힘들,VA
28495,어요,EF
28496,경주,NNP
28497,여행,NNG
28498,을,JKO
28499,위한,VV+ETM
28500,황리,NNG
28501,단,MM
28502,길,NNG
28503,맛집,NNG
28504,추천,NNG
28505,과,JC
28506,황리,NNG
28507,단,MM
28508,맛집,NNG
28509,과,JC
28510,경주,NNP
28511,맛집,NNG
28512,은,JX
28513,매일,MAG
28514,많,VA
28515,은,ETM
28516,분,NNB
28517,들,XSN
28518,이,JKS
28519,줄,NNG
28520,을,JKO
28521,오랫동안,NNG
28522,서,VV
28523,서,EC
28524,기다려,VV+EC
28525,먹,VV
28526,는,ETM
28527,곳,NNG
28528,과,JC
28529,배달,NNG
28530,경주,NNP
28531,여행,NNG
28532,(,SSO
28533,숙소,NNG
28534,추천,NNG
28535,),SSC
28536,안녕,NNG
28537,하,XSV
28538,세요,EP+EF
28539,경기도,NNP
28540,권,XSN
28541,에,JKB
28542,사,VV
28543,는,ETM
28544,사람,NNG
28545,입니다,VCP+EF
28546,내년,NNG
28547,1,SN
28548,월,NNBC
28549,중순,NNG
28550,쯤,XSN
28551,경주,NNP
28552,여행,NNG
28553,을,JKO
28554,갈,VV+ETM
28555,예정,NNG
28556,입니다,VCP+EF
28557,인원,NNG
28558,은,JX
28559,엄마,NNG
28560,3,SN
28561,명,NNBC
28562,과,JC
28563,초등,NNG
28564,5,SN
28565,명,NNBC
28566,총,MM
28567,8,SN
28568,명,NNBC
28569,근데,MAJ
28570,추운,VA+ETM
28571,겨울,NNG
28572,걷,VV
28573,는,ETM
28574,건,NNB+JX
28575,비추,NNG
28576,입니다,VCP+EF
28577,가까운,VA+ETM
28578,거리,NNG
28579,도,JX
28580,택시,NNG
28581,타,VV
28582,고,EC
28583,다니,VV
28584,세요,EP+EF
28585,즐거운,VA+ETM
28586,경주,NNP
28587,여행,NNG
28588,되,XSV
28589,시,EP
28590,기,ETN
28591,경주,NNP
28592,여행지,NNG
28593,여자,NNG
28594,친구,NNG
28595,랑,JC
28596,경주,NNP
28597,여행,NNG
28598,갈려고,VV+EC
28599,하,VX
28600,는데요,EF
28601,혹시,MAG
28602,가,VV
28603,볼,EC+VX+ETM
28604,만,NNB
28605,한,XSA+ETM
28606,곳,NNG
28607,이나,JC
28608,경치,NNG
28609,좋,VA
28610,은,ETM
28611,곳,NNB
28612,있,VV
28613,을까요,EC
28614,차,NNG
28615,타,VV
28616,구,EC
28617,이동,NNG
28618,할,XSV+ETM
28619,꺼,NNB+VCP
28620,구요,EF
28621,해,VV+EC
28622,주,VX
28623,셍,NNP
28624,경주,NNP
28625,여행,NNG
28626,을,JKO
28627,계획,NNG
28628,하,XSV
28629,고,EC
28630,계시,VX
28631,는군요,EF
28632,요즘,MAG
28633,경주,NNP
28634,로,JKB
28635,여행,NNG
28636,가시,VV
28637,는,ETM
28638,분,NNB
28639,들,XSN
28640,이,JKS
28641,정말,MAG
28642,많,VA
28643,은데,EC
28644,요,JX
28645,그만큼,MAG
28646,경주,NNP
28647,여행,NNG
28648,감성,NNG
28649,독,NNG
28650,채,MAG
28651,자,IC
28652,쿠지,NNP
28653,숙소,NNG
28654,추천,NNG
28655,부탁,NNG
28656,드립니다,VV+EF
28657,.,SF
28658,3,SN
28659,월,NNBC
28660,마지막,NNG
28661,주,NNG
28662,에,JKB
28663,경주,NNP
28664,여행,NNG
28665,을,JKO
28666,계획,NNG
28667,하,XSV
28668,고,EC
28669,있,VX
28670,습니다,EF
28671,어른,NNG
28672,5,SN
28673,명,NNBC
28674,4,SN
28675,세,NNBC
28676,아이,NNG
28677,가능,NNG
28678,한,XSA+ETM
28679,독채,NNG
28680,자,NNG
28681,쿠지,NNP
28682,숙소,NNG
28683,괜찮,VA
28684,은,ETM
28685,곳,NNB
28686,있,VV
28687,으면,EC
28688,추천,NNG
28689,휴식,NNG
28690,을,JKO
28691,취하,VV
28692,고자,EC
28693,하,VV
28694,는,ETM
28695,분,NNB
28696,들,XSN
28697,께,JKB
28698,최적,NNG
28699,의,JKG
28700,선택,NNG
28701,입니다,VCP+EF
28702,즐거운,VA+ETM
28703,경주,NNP
28704,여행,NNG
28705,되,XSV
28706,시,EP
28707,길,ETN+JKO
28708,바랍니다,VV+EF
28709,http,SL
28710,itta,SL
28711,stay,SL
28712,kr,SL
28713,html,SL
28714,index,SL
28715,html,SL
28716,11,SN
28717,월,NNBC
28718,말,NNB
28719,경주,NNP
28720,여행,NNG
28721,11,SN
28722,월,NNBC
28723,말,NNB
28724,에,JKB
28725,1,SN
28726,박,NNBC
28727,2,SN
28728,일,NNBC
28729,로,JKB
28730,4,SN
28731,명,NNBC
28732,경주,NNP
28733,여행,NNG
28734,갈,VV+ETM
28735,건데,NNB+VCP+EC
28736,코스,NNG
28737,추천,NNG
28738,부탁,NNG
28739,드립니다,VV+EC
28740,경주,NNP
28741,에,JKB
28742,놀,VV
28743,러,EC
28744,오,VX
28745,시,EP
28746,는,ETM
28747,군요,NNG
28748,1,SN
28749,박,NNBC
28750,2,SN
28751,일,NNBC
28752,코스,NNG
28753,에다가,JKB
28754,11,SN
28755,월,NNBC
28756,그래도,MAJ
28757,패딩,NNG
28758,느낌,NNG
28759,은,JX
28760,아니,VCN
28761,고,EC
28762,두꺼운,VA+ETM
28763,코트,NNG
28764,나,JC
28765,경량,NNG
28766,패딩,NNG
28767,정도,NNG
28768,입,VV
28769,고,EC
28770,오,VX
28771,시,EP
28772,기,ETN
28773,를,JKO
28774,추천,NNG
28775,드려요,VV+EC
28776,즐거운,VA+ETM
28777,경주,NNP
28778,여행,NNG
28779,되,XSV
28780,세요,EP+EF
28781,경주,NNP
28782,여행,NNG
28783,추천,NNG
28784,부탁,NNG
28785,드려요,VV+EC
28786,~^^,SY
28787,경주,NNP
28788,여행,NNG
28789,을,JKO
28790,다녀오,VV
28791,고,EC
28792,싶,VX
28793,은데,EC
28794,기본,NNG
28795,적,XSN
28796,으로,JKB
28797,가,VV
28798,볼,EC+VX+ETM
28799,만,NNB
28800,한,XSA+ETM
28801,곳,NNG
28802,들,XSN
28803,말,VV
28804,고,EC
28805,특별히,MAG
28806,가,VV+EC
28807,보,VX
28808,면,EC
28809,좋,VA
28810,을,ETM
28811,곳,NNG
28812,이,JKS
28813,있,VV
28814,을까요,EC
28815,맛집,NNG
28816,이나,JC
28817,문,NNG
28818,의,JKG
28819,주신,NNG
28820,경주,NNP
28821,가,VV
28822,볼,EC+VX+ETM
28823,만,NNB
28824,한,XSA+ETM
28825,곳,NNG
28826,추천,NNG
28827,드릴게요,VV+EC
28828,즐거운,VA+ETM
28829,경주,NNP
28830,여행,NNG
28831,되,XSV
28832,셨,EP+EP
28833,으면,EC
28834,좋,VA
28835,겠,EP
28836,어요,EF
28837,경북,NNP
28838,경주,NNP
28839,가,VV
28840,볼,EC+VX+ETM
28841,만,NNB
28842,한,XSA+ETM
28843,곳,NNG
28844,1,SN
28845,2,SN
28846,박,NNBC
28847,3,SN
28848,일,NNBC
28849,경주,NNP
28850,여행,NNG
28851,코스,NNG
28852,추천,NNG
28853,이,VCP
28854,요,EF
28855,!,SF
28856,요번,NNG
28857,에,JKB
28858,는,JX
28859,색다른,VA+ETM
28860,주제,NNG
28861,로,JKB
28862,경주,NNP
28863,여행,NNG
28864,을,JKO
28865,하,VV
28866,고,EC
28867,싶,VX
28868,어요,EF
28869,문화재,NNG
28870,위주,NNG
28871,가,JKC
28872,아닌,VCN+ETM
28873,다른,MM
28874,위주,NNG
28875,로,JKB
28876,갈만,NNG
28877,한,XSA+ETM
28878,곳,NNG
28879,추천,NNG
28880,해,XSV+EC
28881,주,VX
28882,세요,EP+EF
28883,야경,NNG
28884,2,SN
28885,박,NNBC
28886,3,SN
28887,일,NNBC
28888,경주,NNP
28889,여행,NNG
28890,코스,NNG
28891,추천,NNG
28892,이,VCP
28893,요,EC
28894,답변,NNG
28895,드릴게요,VV+EC
28896,안녕,NNG
28897,하,XSV
28898,세요,EP+EF
28899,저,NP
28900,도,JX
28901,저번,NNG
28902,주,NNG
28903,에,JKB
28904,경주,NNP
28905,여행,NNG
28906,갔,VV+EP
28907,던,ETM
28908,사람,NNG
28909,입니다,VCP+EF
28910,경주,NNP
28911,여행,NNG
28912,이,JKS
28913,[,SSO
28914,추천,NNG
28915,해,XSV+EC
28916,주,VX
28917,세요,EP+EF+VCP
28918,],SSC
28919,경주,NNP
28920,여행,NNG
28921,추천,NNG
28922,해,XSV+EC
28923,주,VX
28924,세요,EP+EF
28925,경주,NNP
28926,여행,NNG
28927,안녕,NNG
28928,하,XSV
28929,세요,EP+EF
28930,무,XPN
28931,계획,NNG
28932,이,MM
28933,루트,NNG
28934,로,JKB
28935,이,MM
28936,용시,NNG
28937,실패,NNG
28938,없,VA
28939,는,ETM
28940,경주,NNP
28941,여행,NNG
28942,소개,NNG
28943,해,XSV+EC
28944,드릴까,VX+EC
28945,합니다,VX+EF
28946,한번,MAG
28947,보,VV
28948,시,EP
28949,고,EC
28950,마음,NNG
28951,에,JKB
28952,드신,VV+EP+ETM
28953,다면,NNG
28954,채택,NNG
28955,부탁,NNG
28956,드립니다,VV+EC
28957,캐리,NNP
28958,어사이즈,NNP
28959,추천,NNP
28960,(,SSO
28961,경주,NNP
28962,여행,NNG
28963,),SSC
28964,이번,NNG
28965,에,JKB
28966,아버지,NNG
28967,랑,JKB
28968,2,SN
28969,박,NNBC
28970,3,SN
28971,일,NNBC
28972,로,JKB
28973,경주,NNP
28974,여행,NNG
28975,을,JKO
28976,가,VV
28977,기,ETN
28978,로,JKB
28979,했,VV+EP
28980,습니다,EF
28981,캐리어,NNG
28982,가,JKS
28983,없,VA
28984,어,EC
28985,이,MM
28986,참,NNB
28987,에,JKB
28988,겸사겸사,MAG
28989,로,JKB
28990,하나,NR
28991,살까,VV+EC
28992,합니다,VX+EF
28993,캐리,NNP
28994,어사이즈,NNP
28995,추천,NNG
28996,부탁,NNG
28997,드립니다,VV+EC
28998,경주,NNP
28999,여행,NNG
29000,에,JKB
29001,20,SN
29002,인치,NNBC
29003,캐리어,NNG
29004,를,JKO
29005,추천,NNG
29006,합니다,XSV+EF
29007,매일,NNG
29008,이,JKS
29009,즐거우,VV
29010,셨,EP+EP
29011,으면,EC
29012,좋,VA
29013,겠,EP
29014,습니당,EF
29015,경주,NNP
29016,여행,NNG
29017,!,SF
29018,!,SY
29019,경주,NNP
29020,여행,NNG
29021,을,JKO
29022,가,VV
29023,려고,EC
29024,하,VV
29025,는데,EC
29026,혹시,MAG
29027,경주,NNP
29028,에,JKB
29029,폴라로이드,NNG
29030,카메라,NNG
29031,대여,NNG
29032,할,XSV+ETM
29033,수,NNB
29034,있,VV
29035,는,ETM
29036,곳,NNG
29037,이나,JX
29038,싸,VA
29039,게,EC
29040,구매,NNG
29041,하,XSV
29042,는,ETM
29043,할,VV+ETM
29044,수,NNB
29045,있,VV
29046,는,ETM
29047,곳,NNB
29048,그리고,MAJ
29049,경주,NNP
29050,여행,NNG
29051,온다고,VV+EC
29052,하,VX
29053,시,EP
29054,니,EC
29055,숙소,NNG
29056,가,JKS
29057,제일,MAG
29058,중요,NNG
29059,하,XSV
29060,잖아요,EC+VX+EF
29061,그래서,MAJ
29062,저희,NP
29063,오푸스,NNG
29064,11,SN
29065,풀,NNG
29066,빌라,NNG
29067,펜션,NNG
29068,을,JKO
29069,추천,NNG
29070,해,XSV+EC
29071,드리,VX
29072,려고,EC
29073,경주,NNP
29074,여행,NNG
29075,렌터카,NNG
29076,문,NNG
29077,의,JKG
29078,경주,NNG
29079,여행,NNG
29080,을,JKO
29081,가,VV
29082,려고,EC
29083,합니다,VX+EF
29084,우선,MAG
29085,숙소,NNG
29086,는,JX
29087,터미널,NNG
29088,주요,NNG
29089,관광지,NNG
29090,를,JKO
29091,도보,NNG
29092,5,SN
29093,10,SN
29094,분,NNBC
29095,경주,NNP
29096,여행,NNG
29097,관광지,NNG
29098,추천,NNG
29099,해,XSV+EC
29100,드리,VX
29101,겠,EP
29102,습니다,EF
29103,말씀,NNG
29104,하,XSV
29105,신,EP+ETM
29106,터미널,NNG
29107,에서,JKB
29108,주요,NNG
29109,관광지,NNG
29110,는,JX
29111,경주,NNP
29112,여행,NNG
29113,은,JX
29114,황리,NNG
29115,단,MM
29116,길,NNG
29117,에서,JKB
29118,시작,NNG
29119,한다고,XSV+EC
29120,보,VX
29121,시,EP
29122,면,EC
29123,됩니다,VV+EF
29124,황리,NNG
29125,단,MM
29126,길,NNG
29127,을,JKO
29128,시작,NNG
29129,으로,JKB
29130,2,SN
29131,박,NNBC
29132,3,SN
29133,일,NNBC
29134,경주,NNP
29135,여행,NNG
29136,코스,NNG
29137,추천,NNG
29138,이,VCP
29139,요,EF
29140,!,SF
29141,요번,NNG
29142,에,JKB
29143,는,JX
29144,색다른,VA+ETM
29145,주제,NNG
29146,로,JKB
29147,경주,NNP
29148,여행,NNG
29149,을,JKO
29150,하,VV
29151,고,EC
29152,싶,VX
29153,어요,EF
29154,2,SN
29155,박,NNBC
29156,3,SN
29157,일,NNBC
29158,경주,NNP
29159,여행,NNG
29160,코스,NNG
29161,추천,NNG
29162,입니다,VCP+EF
29163,안녕,IC
29164,하,VV
29165,세요,EP+EF
29166,2,SN
29167,코스,NNG
29168,경주,NNP
29169,남산,NNP
29170,정복,NNG
29171,하,XSV
29172,기,ETN
29173,경주,NNG
29174,여행,NNG
29175,코스,NNG
29176,중,NNB
29177,에서,JKB
29178,많,VA
29179,은,ETM
29180,4,SN
29181,코스,NNG
29182,불국사,NNG
29183,와,JC
29184,석굴암,NNG
29185,관람,NNG
29186,하,XSV
29187,기,ETN
29188,경주,NNG
29189,여행,NNG
29190,의,JKG
29191,랜드마크,NNP
29192,죠,VCP+EC
29193,경주,NNP
29194,여행,NNG
29195,(,SSO
29196,내공,NNP
29197,100,SN
29198,),SSC
29199,경주,NNP
29200,여행,NNG
29201,당일치기,NNG
29202,로,JKB
29203,일찍,MAG
29204,아침,NNG
29205,에,JKB
29206,거,VV
29207,고,EC
29208,저녁,NNG
29209,늦,VA
29210,은,ETM
29211,시간,NNG
29212,에,JKB
29213,갈려는,VV+ETM
29214,데,NNB
29215,꼭,MAG
29216,가,VV
29217,야,EC
29218,되,VV
29219,는,ETM
29220,곳,NNG
29221,이랑,JC
29222,반려,NNG
29223,건,VCP+EC
29224,동반,NNG
29225,입장,NNG
29226,이,JKS
29227,되,VV
29228,는지,EC
29229,궁금,XR
29230,합니다,XSA+EF
29231,반려,NNG
29232,견,NNG
29233,동반,NNG
29234,경주,NNP
29235,여행지,NNG
29236,추천,NNG
29237,해,XSV+EC
29238,드려요,VV+EC
29239,경주,NNP
29240,여행,NNG
29241,렌트,NNG
29242,렌트,NNG
29243,해서,XSV+EC
29244,경주,NNP
29245,여행,NNG
29246,할려,XSV+EC
29247,하,VV
29248,는데,EC
29249,경주,NNP
29250,도,JX
29251,부산,NNP
29252,처럼,JKB
29253,운전,NNG
29254,하,XSV
29255,는,ETM
29256,거,NNB
29257,많이,MAG
29258,빡센,VA+ETM
29259,가여,NNG
29260,부산,NNP
29261,에,JKB
29262,살,VV
29263,고,EC
29264,있,VX
29265,다,EC
29266,보,VX
29267,니,EC
29268,종종,MAG
29269,경주,NNP
29270,여행,NNG
29271,을,JKO
29272,가,VV
29273,는데,EC
29274,일단,MAG
29275,차,NNG
29276,가,JKS
29277,많이,MAG
29278,몰리,VV
29279,는,ETM
29280,곳,NNG
29281,은,JX
29282,황리,NNG
29283,단,MM
29284,길,NNG
29285,첨성대,NNG
29286,인근,NNG
29287,대릉원,NNG
29288,인근,NNG
29289,경주,NNP
29290,시내,NNG
29291,정도,NNG
29292,입니다,VCP+EF
29293,여기,NP
29294,외,NNB
29295,에,JKB
29296,는,JX
29297,운전,NNG
29298,하,XSV
29299,는데,EC
29300,주말,NNG
29301,1,SN
29302,박,NNBC
29303,2,SN
29304,일,NNBC
29305,경주,NNP
29306,여행,NNG
29307,코스,NNG
29308,문,NNG
29309,의,JKG
29310,드립니다,VV+EF
29311,.,SF
29312,엄마,NNG
29313,아빠,NNG
29314,랑,JKB
29315,같이,MAG
29316,갈,VV+ETM
29317,건데요,NNB+VCP+EF
29318,전,MM
29319,경주로,NNG
29320,수학여행,NNG
29321,다녀온,VV+ETM
29322,지,NNB
29323,너무,MAG
29324,오래,MAG
29325,됐,VV+EP
29326,고,EC
29327,엄마,NNG
29328,아빠,NNG
29329,는,JX
29330,경주,NNP
29331,여행,NNG
29332,이,JKS
29333,처음,NNG
29334,이,VCP
29335,라서요,EF
29336,그리고,MAJ
29337,경주,NNP
29338,맛집,NNG
29339,있,VV
29340,으면,EC
29341,추도,NNG
29342,부탁,NNG
29343,드려,VV+EF
29344,용,XSN
29345,주말,NNG
29346,1,SN
29347,박,NNBC
29348,2,SN
29349,일,NNBC
29350,경주,NNP
29351,여행,NNG
29352,코스,NNG
29353,문,NNG
29354,의,JKG
29355,드립니다,VV+EC
29356,답변,NNG
29357,드릴게요,VV+EC
29358,경주,NNP
29359,는,JX
29360,경주,NNP
29361,여행,NNG
29362,숙소,NNG
29363,11,SN
29364,월,NNBC
29365,20,SN
29366,일,NNBC
29367,토요일,NNG
29368,경주,NNP
29369,여행,NNG
29370,을,JKO
29371,가,VV
29372,려고,EC
29373,하,VV
29374,는데,EC
29375,숙소,NNG
29376,정하,VV
29377,기,ETN
29378,가,JKS
29379,힘드,VA
29380,네요,EC
29381,5,SN
29382,인,NNG
29383,2021,SN
29384,낭,NNG
29385,만,JX
29386,있,VX
29387,는,ETM
29388,가을,NNG
29389,에,JKB
29390,경주,NNP
29391,여행,NNG
29392,즐기,VV
29393,고,EC
29394,싶,VX
29395,다면,EC
29396,경주,NNP
29397,신상,NNG
29398,풀,NNG
29399,빌,VV
29400,라,EC
29401,오,VX
29402,세요,EP+EF
29403,수,NNB
29404,있,VV
29405,어요,EF
29406,경주,NNP
29407,펜션,NNG
29408,경주,NNP
29409,풀,NNG
29410,빌라,NNP
29411,경주,NNP
29412,숙소,NNG
29413,경주,NNP
29414,신축,NNG
29415,펜션,NNG
29416,경주,NNP
29417,가,JKS
29418,볼,VV+ETM
29419,만,NNB
29420,한,XSA+ETM
29421,곳,NNB
29422,경주,NNP
29423,여행,NNG
29424,경주,NNP
29425,여행,NNG
29426,택시,NNG
29427,투어,NNG
29428,와,JC
29429,렌트카,NNG
29430,이용,NNG
29431,12,SN
29432,월,NNBC
29433,에,JKB
29434,1,SN
29435,박,NNBC
29436,2,SN
29437,일,NNBC
29438,지인,NNG
29439,들,XSN
29440,과,JC
29441,경주,NNP
29442,여행,NNG
29443,가,VV
29444,기,ETN
29445,로,JKB
29446,했,VV+EP
29447,는데,EC
29448,질문,NNG
29449,하,XSV
29450,신,EP+ETM
29451,경주,NNP
29452,여행,NNG
29453,택시,NNG
29454,투어,NNG
29455,와,JC
29456,관련,NNG
29457,하,XSA
29458,여,EC
29459,답변,NNG
29460,드리,VV
29461,겠,EP
29462,습니다,EF
29463,음,IC
29464,경주,NNP
29465,택시,NNG
29466,투어,NNG
29467,도,JX
29468,경주,NNP
29469,여행,NNG
29470,시,NNB
29471,편안,NNG
29472,하,XSA
29473,게,EC
29474,최근,NNG
29475,들,XSN
29476,어,IC
29477,경주,NNP
29478,여행,NNG
29479,시,NNB
29480,많,VA
29481,은,ETM
29482,분,NNB
29483,들,XSN
29484,이,JKS
29485,택시,NNG
29486,투어,NNG
29487,를,JKO
29488,이용,NNG
29489,하,XSV
29490,시,EP
29491,는데요,EC
29492,1,SN
29493,박,NNBC
29494,2,SN
29495,일,NNBC
29496,로,JKB
29497,경주,NNP
29498,여행,NNG
29499,을,JKO
29500,갑니다,VV+EC
29501,1,SN
29502,박,NNBC
29503,2,SN
29504,일,NNBC
29505,로,JKB
29506,경주,NNP
29507,여행,NNG
29508,을,JKO
29509,갑니다,VV+EC
29510,천군동,NNP
29511,에,JKB
29512,위치,NNG
29513,한,XSA+ETM
29514,풀,NNG
29515,빌라,NNG
29516,3,SN
29517,시,NNBC
29518,입실,NNG
29519,인데,VCP+EC
29520,경주,NNP
29521,12,SN
29522,시,NNBC
29523,도착,NNG
29524,예정,NNG
29525,이,VCP
29526,라서,EC
29527,그동안,NNG
29528,안녕,NNG
29529,하,XSV
29530,세요,EP+EF
29531,무,XPN
29532,계획,NNG
29533,없이,MAG
29534,이,MM
29535,루트,NNG
29536,로,JKB
29537,가,VV
29538,면,EC
29539,실패,NNG
29540,가,JKS
29541,없,VA
29542,는,ETM
29543,경주,NNP
29544,여행,NNG
29545,소개,NNG
29546,해,XSV+EC
29547,볼까,VX+EC
29548,합니다,VX+EF
29549,한번,MAG
29550,보,VV
29551,시,EP
29552,고,EC
29553,마음,NNG
29554,에,JKB
29555,드,VV
29556,신다면,EP+EC
29557,경주,NNP
29558,여행,NNG
29559,에,JKB
29560,빠질,VV+ETM
29561,수,NNB
29562,없,VA
29563,는,ETM
29564,빵집,NNG
29565,?,SF
29566,경주,NNP
29567,여행,NNG
29568,에,JKB
29569,빠질,VV+ETM
29570,수,NNB
29571,없,VA
29572,는,ETM
29573,빵집,NNG
29574,알려,VV+EC
29575,주,VX
29576,세요,EP+EF
29577,주말,NNG
29578,에,JKB
29579,남편,NNG
29580,과,JC
29581,경주,NNP
29582,여행,NNG
29583,갑니다,VV+EC
29584,제,NP
29585,가,JKS
29586,빵,NNG
29587,을,JKO
29588,너무,MAG
29589,좋,VA
29590,아,EC
29591,하,VV
29592,는데,EC
29593,경주,NNP
29594,여행,NNG
29595,에서,NNG
29596,만,JX
29597,먹,VV
29598,을,ETM
29599,수,NNB
29600,있,VV
29601,는,ETM
29602,빵집,NNG
29603,어딘가요,NP+VCP+EF
29604,경주,NNP
29605,여행,NNG
29606,하,XSV
29607,기,ETN
29608,좋,VA
29609,은,ETM
29610,계절,NNG
29611,입니다,VCP+EF
29612,저,NP
29613,도,JX
29614,늘,MAG
29615,이맘때,NNG
29616,아이,NNG
29617,들,XSN
29618,과,JC
29619,경주,NNP
29620,에,JKB
29621,가,VV
29622,거든요,EF
29623,경주,NNP
29624,여행,NNG
29625,코스,NNG
29626,동선,NNG
29627,어떻게,MAG
29628,짜,VV
29629,야,EC
29630,될까요,VV+EF
29631,?,SF
29632,자차,NNG
29633,이용,NNG
29634,해서,XSV+EC
29635,1,SN
29636,박,NNBC
29637,2,SN
29638,일,NNBC
29639,로,JKB
29640,경주,NNP
29641,여행,NNG
29642,을,JKO
29643,가,VV
29644,려고,EC
29645,합니다,VX+EF
29646,경주,NNP
29647,여행,NNG
29648,코스,NNG
29649,동선,NNG
29650,어떻게,MAG
29651,짜,VV
29652,야,EC
29653,될까요,VV+EC
29654,이,MM
29655,문제,NNG
29656,에,JKB
29657,대한,VV+ETM
29658,해결책,NNG
29659,을,JKO
29660,제시,NNG
29661,해,XSV+EC
29662,드리,VX
29663,도록,EC
29664,하,VX
29665,겠,EP
29666,습니다,EF
29667,Step,SL
29668,1,SN
29669,경주,NNP
29670,여행,NNG
29671,이처럼,MAG
29672,경주,NNP
29673,여행,NNG
29674,코스,NNG
29675,동선,NNG
29676,을,JKO
29677,메인,VV+ETM
29678,으로,JKB
29679,잡,VV
29680,은,ETM
29681,장소,NNG
29682,와,JC
29683,그,NP
29684,와,JKB
29685,경주,NNP
29686,여행,NNG
29687,추천,NNG
29688,중학,NNG
29689,생,XSN
29690,이,VCP
29691,고,EC
29692,친구,NNG
29693,랑,JKB
29694,당일치기,NNG
29695,로,JKB
29696,경주,NNP
29697,여행,NNG
29698,을,JKO
29699,할려고,VV+EC
29700,하,VV
29701,는데,EC
29702,가,VX
29703,볼,EC+VX+ETM
29704,만,NNB
29705,한,XSA+ETM
29706,곳,NNB
29707,제,NP
29708,가,JKS
29709,저번,NNG
29710,에,JKB
29711,다녀온,VV+ETM
29712,경주,NNP
29713,여행,NNG
29714,코스,NNG
29715,를,JKO
29716,같이,MAG
29717,추천,NNG
29718,드릴,VV+ETM
29719,테,NNB+VCP
29720,니,EC
29721,참고,NNG
29722,용,XSN
29723,으로,JKB
29724,tistory,SL
29725,com,SL
29726,46,SN
29727,제,NP+JKG
29728,글,NNG
29729,이,JKS
29730,도움,NNG
29731,이,JKS
29732,되,VV
29733,서,EC
29734,즐거운,VA+ETM
29735,경주,NNP
29736,여행,NNG
29737,보내,VV
29738,시,EP
29739,면,EC
29740,좋,VA
29741,겠,EP
29742,네요,EC
29743,1,SN
29744,박,NNBC
29745,2,SN
29746,일,NNBC
29747,어르신,NNG
29748,들,XSN
29749,과,JKB
29750,함께,MAG
29751,경주,NNP
29752,여행,NNG
29753,~,SY
29754,숙소,NNG
29755,와,JC
29756,.,SF
29757,..,SY
29758,1,SN
29759,박,NNBC
29760,2,SN
29761,일,NNBC
29762,어르신,NNG
29763,들,XSN
29764,경주,NNP
29765,여행,NNG
29766,추천,NNG
29767,해,XSV+EC
29768,주,VX
29769,세요,EP+EF
29770,인원,NNG
29771,20,SN
29772,25,SN
29773,명,NNBC
29774,숙소,NNG
29775,는,JX
29776,식사,NNG
29777,가,JKS
29778,함께,MAG
29779,경주,NNP
29780,여행,NNG
29781,추천,NNG
29782,안녕,NNG
29783,하,XSV
29784,세요,EP+EF
29785,경주,NNP
29786,여행,NNG
29787,에,JKB
29788,관심,NNG
29789,이,JKS
29790,있,VV
29791,으신,EP+ETM
29792,것,NNB
29793,같,VA
29794,아서,EC
29795,저희,NP
29796,가,JKS
29797,함께,MAG
29798,하,VV
29799,는,ETM
29800,경주,NNP
29801,여행,NNG
29802,에서,JKB
29803,는,JX
29804,역사,NNG
29805,와,JC
29806,문화,NNG
29807,를,JKO
29808,경험,NNG
29809,할,XSV+ETM
29810,수,NNB
29811,있,VV
29812,는,ETM
29813,명소,NNG
29814,를,JKO
29815,추천,NNG
29816,합니다,XSV+EC
29817,경주,NNP
29818,여행,NNG
29819,용,XSN
29820,황,NNG
29821,이,JKS
29822,무엇,NP
29823,인가요,VCP+EF
29824,?,SF
29825,안녕,IC
29826,하,VV
29827,세요,EP+EF
29828,경주,NNP
29829,여행,NNG
29830,하,XSV
29831,려고,EC
29832,알아보,VV
29833,고,EC
29834,있,VX
29835,습니다,EF
29836,알아보,VV
29837,던,ETM
29838,중,NNB
29839,황리,NNG
29840,단,MM
29841,길,NNG
29842,과,JC
29843,용,NNG
29844,황동,NNG
29845,용,XSN
29846,황지,NNG
29847,구,VCP+EC
29848,이렇게,MAG
29849,알,VV
29850,게,EC
29851,되,VV
29852,었,EP
29853,는데,EC
29854,지역민,NNG
29855,은,JX
29856,용,NNG
29857,황,NNG
29858,쪽,NNB
29859,에서,JKB
29860,자주,MAG
29861,놀,VV
29862,고,EC
29863,관광객,NNG
29864,들,XSN
29865,은,JX
29866,황리,NNG
29867,단,MM
29868,길,NNG
29869,에서,JKB
29870,논다는,VV+ETM
29871,말,NNG
29872,이,JKS
29873,있,VV
29874,더라고요,EC
29875,용,NNG
29876,황동,NNG
29877,이,VCP
29878,라는,ETM
29879,곳,NNG
29880,은,JX
29881,아예,MAG
29882,없,VA
29883,던데,EC
29884,경주,NNP
29885,여행,NNG
29886,돌아볼,VV+ETM
29887,곳,NNB
29888,경주,NNP
29889,여행,NNG
29890,코스,NNG
29891,알아보,VV
29892,고,EC
29893,있,VX
29894,는데,EC
29895,마땅히,MAG
29896,갈만,NNG
29897,한,XSA+ETM
29898,곳,NNB
29899,있,VA
29900,을까,EF
29901,영,MAG
29902,안녕,NNG
29903,하,XSV
29904,세요,EP+EF
29905,취향,NNG
29906,대로,JKB
29907,머물,VV
29908,다,EC
29909,여기,VV
29910,어,EC
29911,때,NNG
29912,입니다,VCP+EF
29913,질문,NNG
29914,하,XSV
29915,신,EP+ETM
29916,경주,NNP
29917,여행,NNG
29918,관련,NNG
29919,답변,NNG
29920,드리,VV
29921,도록,EC
29922,하,VX
29923,겠,EP
29924,습니다,EF
29925,경주,NNP
29926,여행,NNG
29927,을,JKO
29928,하,VV
29929,시,EP
29930,나,EC
29931,봅니다,VX+EC
29932,갈,VX+ETM
29933,만,NNB
29934,한,XSA+ETM
29935,곳,NNG
29936,몇,MM
29937,가지,NNBC
29938,알려,VV+EC
29939,드리,VX
29940,도록,EC
29941,할머니,NNG
29942,랑,JKB
29943,12,SN
29944,월,NNBC
29945,경주,NNP
29946,여행,NNG
29947,할머니,NNG
29948,랑,JKB
29949,1,SN
29950,박,NNBC
29951,2,SN
29952,일,NNBC
29953,로,JKB
29954,경주,NNP
29955,여행,NNG
29956,갈려고,VV+EC
29957,하,VV
29958,는데,EC
29959,코스,NNG
29960,를,JKO
29961,어떻게,MAG
29962,짜,VV
29963,면,EC
29964,좋,VA
29965,을까요,EC
29966,질문,NNG
29967,하,XSV
29968,신,EP+ETM
29969,경주,NNP
29970,여행,NNG
29971,과,JC
29972,관련,NNG
29973,하,XSA
29974,여,EC
29975,답변,NNG
29976,드리,VV
29977,겠,EP
29978,습니다,EF
29979,할머니,NNG
29980,랑,JKB
29981,여행,NNG
29982,을,JKO
29983,요즘,NNG
29984,에,JKB
29985,는,JX
29986,경주,NNP
29987,택시,NNG
29988,투어,NNG
29989,를,JKO
29990,통해,VV+EC
29991,보다,MAG
29992,편안,NNG
29993,하,XSA
29994,게,EC
29995,경주,NNP
29996,여행,NNG
29997,을,JKO
29998,즐겨,VV+EC
29999,보,VX
30000,실,EP+ETM
30001,수,NNB
30002,경주,NNP
30003,여행,NNG
30004,1,SN
30005,박,NNBC
30006,2,SN
30007,일,NNBC
30008,알찬,VA+ETM
30009,코스,NNG
30010,로,JKB
30011,추천,NNG
30012,해,XSV+EC
30013,주,VX
30014,세요,EP+EF
30015,^^,SY
30016,경주,NNP
30017,여행,NNG
30018,1,SN
30019,박,NNBC
30020,2,SN
30021,일,NNBC
30022,알찬,VA+ETM
30023,코스,NNG
30024,로,JKB
30025,추천,NNG
30026,해,XSV+EC
30027,주,VX
30028,세요,EP+EF
30029,1,SN
30030,박,NNBC
30031,이,VCP
30032,라,EC
30033,짧,VA
30034,지만,EC
30035,질문,NNG
30036,하,XSV
30037,신,EP+ETM
30038,경주,NNP
30039,여행,NNG
30040,관련,NNG
30041,답변,NNG
30042,드리,VV
30043,도록,EC
30044,하,VX
30045,겠,EP
30046,습니다,EF
30047,1,SN
30048,박,NNBC
30049,2,SN
30050,일,NNBC
30051,경주,NNP
30052,여행,NNG
30053,을,JKO
30054,다녀오,VV
30055,실,EP+ETM
30056,예정,NNG
30057,이,VCP
30058,시,EP
30059,군요,EC
30060,가,VX
30061,볼,EC+VX+ETM
30062,만,NNB
30063,한,XSA+ETM
30064,곳,NNG
30065,들,XSN
30066,좋,VA
30067,으니,EC
30068,경주,NNP
30069,여행,NNG
30070,하,XSV
30071,시,EP
30072,는데,EC
30073,참고,NNG
30074,하,XSV
30075,시,EP
30076,기,ETN
30077,바랍니다,VV+EF
30078,도움,NNG
30079,이,JKS
30080,사월,NNG
30081,말,NNG
30082,에,JKB
30083,가족,NNG
30084,들,XSN
30085,과,JC
30086,경주,NNP
30087,여행,NNG
30088,계획,NNG
30089,중,NNB
30090,인데,VCP+EC
30091,사월,NNG
30092,말,NNG
30093,에,JKB
30094,가족,NNG
30095,들,XSN
30096,과,JC
30097,경주,NNP
30098,여행,NNG
30099,계획,NNG
30100,중,NNB
30101,인데,VCP+EC
30102,경주,NNP
30103,는,JX
30104,처음,MAG
30105,가,VV
30106,는,ETM
30107,곳,NNG
30108,이,JKS
30109,업,VV
30110,네요,EC
30111,가족,NNG
30112,들,XSN
30113,과,JKB
30114,가,VV
30115,볼,EC+VX+ETM
30116,만,NNB
30117,한,XSA+ETM
30118,곳,NNB
30119,즘,MAJ
30120,소개,NNG
30121,해,XSV+EC
30122,주,VX
30123,세요,EP+EF
30124,경경,NNG
30125,주,VV
30126,는,ETM
30127,가족,NNG
30128,과,JKB
30129,함께,MAG
30130,경주,NNP
30131,여행,NNG
30132,계획,NNG
30133,하,XSV
30134,고,EC
30135,계시,VX
30136,군요,EC
30137,한화,NNG
30138,리조트,NNG
30139,경주,NNP
30140,내,NNB
30141,에서,JKB
30142,도,JX
30143,즐거운,VA+ETM
30144,경주,NNP
30145,여행,NNG
30146,의,JKG
30147,추억,NNG
30148,을,JKO
30149,만드실,VV+EP+ETM
30150,수,NNB
30151,경주,NNP
30152,여행,NNG
30153,지금,MAG
30154,경주,NNP
30155,여행,NNG
30156,3,SN
30157,가지,NNBC
30158,만,JX
30159,답,NNG
30160,해,XSV+EC
30161,주,VX
30162,세요,EP+EF
30163,1,SN
30164,지금,MAG
30165,경주,NNP
30166,여행,NNG
30167,가,VV
30168,면,EC
30169,많이,MAG
30170,더,MAG
30171,울,VV
30172,까요,EF
30173,2,SN
30174,쪄죽,VV
30175,을,ETM
30176,정도,NNG
30177,로,JKB
30178,못,MAG
30179,돌아다니,VV
30180,나요,EC
30181,3,SN
30182,고속버스,NNG
30183,타,VV
30184,고,EC
30185,1,SN
30186,지금,MAG
30187,경주,NNP
30188,여행,NNG
30189,가,VV
30190,면,EC
30191,많이,MAG
30192,더,MAG
30193,울,VV
30194,까요,EF
30195,가장,MAG
30196,더운,VA+ETM
30197,시기,NNG
30198,입니다,VCP+EF
30199,낮,NNG
30200,에,JKB
30201,30,SN
30202,도,NNBC
30203,가,JKC
30204,넘,VV
30205,고,EC
30206,34,SN
30207,도,NNBC
30208,까지,JX
30209,갈,VV+ETM
30210,수,NNB
30211,도,JX
30212,있,VA
30213,습니다,EF
30214,2,SN
30215,경주,NNP
30216,여행,NNG
30217,3,SN
30218,박,NNBC
30219,4,SN
30220,일,NNBC
30221,가족,NNG
30222,여행,NNG
30223,코스,NNG
30224,추천,NNG
30225,부탁드려요,VV+EF
30226,!,SF
30227,경주,NNP
30228,여행,NNG
30229,3,SN
30230,박,NNBC
30231,4,SN
30232,일,NNBC
30233,코스,NNG
30234,로,JKB
30235,추천,NNG
30236,부탁,NNG
30237,드려요,VV+EC
30238,이번,NNG
30239,추석,NNG
30240,기간,NNG
30241,에,JKB
30242,4,SN
30243,인,NNG
30244,가족,NNG
30245,아이,NNG
30246,들,XSN
30247,은,JX
30248,없,VA
30249,어요,EF
30250,이,MM
30251,함께,MAG
30252,여행,NNG
30253,을,JKO
30254,가,VV
30255,고자,EC
30256,경주,NNP
30257,여행,NNG
30258,3,SN
30259,박,NNBC
30260,4,SN
30261,일,NNBC
30262,가족,NNG
30263,여행,NNG
30264,코스,NNG
30265,추천,NNG
30266,해,XSV+EC
30267,드릴게요,VX+EF
30268,제,NP
30269,가,JKS
30270,여러분,NP
30271,을,JKO
30272,위해,VV+EC
30273,직접,MAG
30274,조사,NNG
30275,한,XSA+ETM
30276,결과,NNG
30277,를,JKO
30278,바탕,NNG
30279,으로,JKB
30280,최적,NNG
30281,의,JKG
30282,코스,NNG
30283,를,JKO
30284,제안,NNG
30285,해,XSV+EC
30286,초등학생,NNG
30287,경주,NNP
30288,여행,NNG
30289,전남,NNP
30290,에서,JKB
30291,2,SN
30292,박,NNBC
30293,3,SN
30294,일,NNBC
30295,로,JKB
30296,초등학생,NNG
30297,데리,VV
30298,고,EC
30299,경주,NNP
30300,여행,NNG
30301,을,JKO
30302,가져,VV+EC
30303,고하,VV
30304,는데요,EF
30305,아,IC
30306,코스,NNG
30307,짜,VV
30308,기,ETN
30309,가,JKS
30310,쉽,VA
30311,지,EC
30312,않,VX
30313,네요,EF
30314,숙소,NNG
30315,는,JX
30316,질문,NNG
30317,하,XSV
30318,신,EP+ETM
30319,경주,NNP
30320,여행지,NNG
30321,관련,NNG
30322,답변,NNG
30323,드리,VV
30324,도록,EC
30325,하,VX
30326,겠,EP
30327,습니다,EF
30328,2,SN
30329,박,NNBC
30330,3,SN
30331,일,NNBC
30332,간,NNG
30333,다녀올,VV+ETM
30334,만,NNB
30335,한,XSA+ETM
30336,곳,NNG
30337,으로,JKB
30338,경주,NNP
30339,여행지,NNG
30340,를,JKO
30341,찾,VV
30342,고,EC
30343,계시,VX
30344,나,EC
30345,봅니다,VX+EC
30346,경주,NNP
30347,에,JKB
30348,경주,NNP
30349,여행,NNG
30350,코스,NNG
30351,동선,NNG
30352,별,XSN
30353,로,JKB
30354,추천,NNG
30355,해,XSV+EC
30356,주,VX
30357,세요,EP+EF
30358,.,SF
30359,경주,NNP
30360,여행,NNG
30361,코스,NNG
30362,동선,NNG
30363,일,NNG
30364,이,JKS
30365,있,VV
30366,어서,EC
30367,경주,NNP
30368,가,VV
30369,는,ETM
30370,김,NNB
30371,에,JKB
30372,다음,NNG
30373,주,NNG
30374,에,JKB
30375,하루,NNG
30376,정도,NNG
30377,만,JX
30378,보,VV
30379,려고,EC
30380,하,VV
30381,는데,EC
30382,일단,MAG
30383,석굴암,NNG
30384,불국사,NNP
30385,는,JX
30386,질문,NNG
30387,하,XSV
30388,신,EP+ETM
30389,경주,NNP
30390,여행,NNG
30391,일정,NNG
30392,관련,NNG
30393,답변,NNG
30394,드리,VV
30395,도록,EC
30396,하,VX
30397,겠,EP
30398,습니다,EF
30399,비록,MAG
30400,1,SN
30401,박,NNBC
30402,2,SN
30403,일,NNBC
30404,이,VCP
30405,지만,EC
30406,사실상,MAG
30407,당일치기,NNG
30408,인,VCP+ETM
30409,경주,NNP
30410,여행,NNG
30411,을,JKO
30412,준비,NNG
30413,1,SN
30414,박,NNBC
30415,2,SN
30416,일,NNBC
30417,초보,NNG
30418,운전,NNG
30419,경주,NNG
30420,여행,NNG
30421,코스,NNG
30422,1,SN
30423,박,NNBC
30424,2,SN
30425,일,NNBC
30426,로,JKB
30427,경주,NNP
30428,여행,NNG
30429,코스,NNG
30430,좀,MAG
30431,짜,VV+EC
30432,주,VX
30433,세요,EP+EF
30434,아무래도,MAG
30435,가,VV
30436,는,ETM
30437,데,NNB
30438,는,JX
30439,어려움,NNG
30440,이,JKS
30441,없,VA
30442,을,ETM
30443,것,NNB
30444,4,SN
30445,월,NNBC
30446,1,SN
30447,2,SN
30448,일,NNBC
30449,에,JKB
30450,경주,NNP
30451,여행,NNG
30452,하,XSV
30453,기,ETN
30454,에,JKB
30455,좋,VA
30456,은,ETM
30457,날,NNG
30458,일,VCP+ETM
30459,것,NNB
30460,같,VA
30461,아요,EF
30462,벚꽃,NNG
30463,들,XSN
30464,이,JKS
30465,서서히,MAG
30466,개화,NNG
30467,를,JKO
30468,참고,NNG
30469,로,JKB
30470,쭈니,NNP
30471,아빠,NNG
30472,블로그,NNG
30473,를,JKO
30474,방문,NNG
30475,하,XSV
30476,시,EP
30477,면,EC
30478,경주,NNP
30479,여행,NNG
30480,카테고리,NNG
30481,가,JKS
30482,있,VA
30483,습니다,EF
30484,아들,NNG
30485,과,JC
30486,(,SSO
30487,초,XPN
30488,4,SN
30489,년,NNBC
30490,),SSC
30491,경주,NNP
30492,여행,NNG
30493,일정,NNG
30494,!,SY
30495,아들,NNG
30496,과,JC
30497,경주,NNP
30498,여행,NNG
30499,을,JKO
30500,가려,VV+EC
30501,합니다,VX+EF
30502,선배,NNG
30503,님,XSN
30504,들,XSN
30505,의,JKG
30506,조언,NNG
30507,을,JKO
30508,경주,NNG
30509,여행,NNG
30510,코스,NNG
30511,추천,NNG
30512,드립니다,VV+EF
30513,안녕,IC
30514,하,VV
30515,세요,EP+EF
30516,여행,NNG
30517,전문,NNG
30518,블로거,NNP
30519,초등,NNG
30520,학교,NNG
30521,4,SN
30522,학년,NNG
30523,아들,NNG
30524,과,JKB
30525,함께,MAG
30526,가,VV
30527,는,ETM
30528,경주,NNP
30529,여행,NNG
30530,이,VCP
30531,라면,EC
30532,역사,NNG
30533,와,JC
30534,하루,NNG
30535,코스,NNG
30536,경주,NNP
30537,남산,NNP
30538,정복,NNG
30539,하,XSV
30540,기,ETN
30541,경주,NNG
30542,여행,NNG
30543,코스,NNG
30544,중,NNB
30545,에서,JKB
30546,경주,NNP
30547,여행,NNG
30548,을,JKO
30549,가,VV
30550,려고,EC
30551,함,VX+ETN
30552,니다,VCP+EF
30553,",",SC
30554,",!",SY
30555,저희,NP
30556,가족,NNG
30557,이,JKS
30558,2,SN
30559,박,NNBC
30560,3,SN
30561,일,NNBC
30562,로,JKB
30563,경주,NNP
30564,여행,NNG
30565,을,JKO
30566,가,VV
30567,려고,EC
30568,합니다,VX+EF
30569,가족,NNG
30570,은,JX
30571,4,SN
30572,인,NNG
30573,가족,NNG
30574,3,SN
30575,학년,NNG
30576,5,SN
30577,학년,NNG
30578,이,VCP
30579,구요,EF
30580,경주,NNP
30581,에,JKB
30582,있,VV
30583,는,ETM
30584,문화재,NNG
30585,를,JKO
30586,보,VV
30587,고,EC
30588,작년,NNG
30589,여름,NNG
30590,방학,NNG
30591,때,NNG
30592,저,NP
30593,도,JX
30594,경주,NNP
30595,여행,NNG
30596,한,MM
30597,번,NNBC
30598,했었,VV+EP
30599,죠,EF
30600,저,NP
30601,는,JX
30602,2,SN
30603,박,NNBC
30604,3,SN
30605,일,NNBC
30606,로,JKB
30607,갔다온,VV+ETM
30608,게,NNB+JKC
30609,아니,VCN
30610,라,EC
30611,당일,NNG
30612,로,JKB
30613,갔다왔,VV+EP
30614,습니다,EF
30615,성심껏,MAG
30616,답변,NNG
30617,포항,NNP
30618,에서,JKB
30619,경주,NNP
30620,가,VV
30621,는,ETM
30622,기차,NNG
30623,와,JC
30624,요금,NNG
30625,그리고,MAJ
30626,경주,NNP
30627,여행,NNG
30628,시,NNB
30629,.,SF
30630,..,SY
30631,포항,NNP
30632,에서,JKB
30633,경주,NNP
30634,가,VV
30635,는,ETM
30636,기차,NNG
30637,와,JC
30638,요금,NNG
30639,그리고,MAJ
30640,경주,NNP
30641,여행,NNG
30642,시,NNG
30643,중,NNB
30644,3,SN
30645,과,NNG
30646,경주,NNP
30647,여행,NNG
30648,시,XSN
30649,가,VV+EC
30650,보,VX
30651,아야,EC
30652,할,VX+ETM
30653,코스,NNG
30654,그리고,MAJ
30655,경주,NNP
30656,맛집,NNG
30657,그리고,MAJ
30658,경주,NNP
30659,여행,NNG
30660,시,XSN
30661,가,VV+EC
30662,보,VX
30663,아야,EC
30664,할,VX+ETM
30665,곳,NNG
30666,답변,NNG
30667,드릴게요,VV+EC
30668,포항,NNP
30669,에서,JKB
30670,경주,NNP
30671,가시,NNG
30672,는,JX
30673,열차,NNG
30674,시간,NNG
30675,가격,NNG
30676,경주,NNP
30677,여행,NNG
30678,시,XSN
30679,가,VV+EC
30680,보,VX
30681,아야,EC
30682,할,VX+ETM
30683,경주,NNP
30684,여행,NNG
30685,갈만,NNG
30686,한,XSA+ETM
30687,곳,NNB
30688,알려,VV+EC
30689,주,VX
30690,세요,EP+EF
30691,!,SF
30692,!,SY
30693,경주,NNP
30694,여행,NNG
30695,을,JKO
30696,가,VV
30697,려고,EC
30698,합니다,VX+EC
30699,2,SN
30700,박,NNBC
30701,3,SN
30702,일,NNBC
30703,경주,NNP
30704,를,JKO
30705,관광,NNG
30706,하,XSV
30707,며,EC
30708,옛,MM
30709,문화,NNG
30710,와,JC
30711,정서,NNG
30712,를,JKO
30713,배워,VV+EC
30714,보,VX
30715,고,EC
30716,체험,NNG
30717,하,XSV
30718,고자,EC
30719,경주,NNP
30720,여행,NNG
30721,계획,NNG
30722,을,JKO
30723,세우,VV
30724,고,EC
30725,있,VX
30726,는데요,EC
30727,1,SN
30728,일,NNBC
30729,차,NNG
30730,2,SN
30731,일,NNBC
30732,차,NNG
30733,3,SN
30734,일,NNBC
30735,차,NNG
30736,어떤,MM
30737,식,NNB
30738,으로,JKB
30739,경주,NNP
30740,여행,NNG
30741,계획,NNG
30742,을,JKO
30743,세워야할지,VV+EC+VX+EC
30744,궁금,XR
30745,합니다,XSA+EF
30746,가족,NNG
30747,들,XSN
30748,과,JKB
30749,함께,MAG
30750,하,VV
30751,는,ETM
30752,경주,NNP
30753,여행,NNG
30754,경주,NNP
30755,여행,NNG
30756,질문,NNG
30757,이,VCP
30758,요,EC
30759,안녕,NNG
30760,하,XSV
30761,세요,EP+EF
30762,경주,NNP
30763,여행,NNG
30764,을,JKO
30765,준비,NNG
30766,중,NNB
30767,인데요,VCP+EF
30768,출발지,NNG
30769,는,JX
30770,서울,NNP
30771,이,VCP
30772,구요,EF
30773,3,SN
30774,월,NNBC
30775,22,SN
30776,일,NNBC
30777,오전,NNG
30778,6,SN
30779,시,NNBC
30780,경,XSN
30781,에,JKB
30782,서울,NNP
30783,에서,JKB
30784,출발,NNG
30785,하,XSV
30786,려고,EC
30787,하,VV
30788,고요,EC
30789,부탁드려요,VV+EF
30790,경주,NNP
30791,여행,NNG
30792,일정,NNG
30793,과,JC
30794,형편,NNG
30795,에,JKB
30796,맞,VV
30797,게,EC
30798,아래,NNG
30799,코스,NNG
30800,에서,JKB
30801,조절,NNG
30802,하,XSV
30803,면,EC
30804,됩니다,VV+EF
30805,시내버스,NNG
30806,투어,NNG
30807,도보,NNG
30808,자전거,NNG
30809,역사,NNG
30810,에,JKB
30811,무지,MAG
30812,한,MM
30813,경주,NNG
30814,여행,NNG
30815,코스,NNG
30816,부탁,NNG
30817,드려요,VV+EC
30818,이번,NNG
30819,에,JKB
30820,여동생,NNG
30821,이랑,JC
30822,경주,NNP
30823,여행,NNG
30824,1,SN
30825,박,NNBC
30826,2,SN
30827,일,NNBC
30828,하,VV
30829,려고,EC
30830,하,VX
30831,는데요,EF
30832,부끄럽,VA
30833,지만,EC
30834,고등학생,NNG
30835,때,NNG
30836,역사,NNG
30837,넘,MAG
30838,싫,VA
30839,어,EC
30840,해서,VV+EC
30841,역사,NNG
30842,잘,MAG
30843,몰라요,VV+EC
30844,안내소,NNG
30845,책자,NNG
30846,나,JC
30847,경주,NNP
30848,여행,NNG
30849,사이트,NNG
30850,활용,NNG
30851,하,XSV
30852,시,EP
30853,면,EC
30854,됩니다,VV+EF
30855,책자,NNG
30856,가,JKS
30857,진짜,MAG
30858,잘,MAG
30859,나와,VV+EC
30860,있,VX
30861,어서,EC
30862,그리고,MAJ
30863,경주,NNP
30864,나,JC
30865,어디,NP
30866,여행,NNG
30867,가시,VV
30868,면,EC
30869,경주,NNP
30870,여행,NNG
30871,코스,NNG
30872,추천,NNG
30873,경주,NNG
30874,여행,NNG
30875,가,VV
30876,려고,EC
30877,합니다,VX+EC
30878,4,SN
30879,우러,VV+EC
30880,30,SN
30881,일,NNBC
30882,새벽,NNG
30883,에,JKB
30884,출발,MAG
30885,해서,VV+EC
30886,대명,NNG
30887,콘도,NNG
30888,에,JKB
30889,묵,VV
30890,을,ETM
30891,예정,NNG
30892,인데,VCP+EC
30893,1,SN
30894,박,NNBC
30895,2,SN
30896,일,NNBC
30897,동안,NNG
30898,있,VV
30899,을,ETM
30900,예정,NNG
30901,이,VCP
30902,고,EC
30903,기림사,NNG
30904,분황사,NNG
30905,부처,NNG
30906,골,NNG
30907,무열왕릉,NNG
30908,석굴암,NNG
30909,황룡,NNG
30910,사지,NNG
30911,오릉,NNG
30912,국립,NNG
30913,경주,NNP
30914,박물관,NNG
30915,참고,NNG
30916,하,XSV
30917,시,EP
30918,어,EC
30919,유쾌,XR
30920,한,XSA+ETM
30921,경주,NNP
30922,여행,NNG
30923,하,XSV
30924,시,EP
30925,기,ETN
30926,를,JKO
30927,경주,NNP
30928,여행,NNG
30929,날씨,NNG
30930,.,SF
30931,.,SY
30932,10,SN
30933,월,NNBC
30934,8,SN
30935,일,NNBC
30936,날,NNG
30937,경주,NNP
30938,여행,NNG
30939,가,VV
30940,려는데,EC
30941,날씨,NNG
30942,가,JKS
30943,어떤,MM
30944,가요,NNG
30945,10,SN
30946,월,NNBC
30947,8,SN
30948,일,NNBC
30949,경주,NNP
30950,날씨,NNG
30951,는,JX
30952,대체로,MAG
30953,흐릴,VV+ETM
30954,가능,NNG
30955,성,XSN
30956,이,JKS
30957,있,VV
30958,으며,EC
30959,낮,NNG
30960,기온,NNG
30961,은,JX
30962,18,SN
30963,22,SN
30964,C,SL
30965,정도,NNG
30966,로,JKB
30967,예상,NNG
30968,돼요,XSV+EC
30969,비,NNG
30970,가,JKS
30971,내릴,VV+ETM
30972,가능,NNG
30973,성,XSN
30974,은,JX
30975,낮,VA
30976,지만,EC
30977,흐린,VV+ETM
30978,날씨,NNG
30979,가,JKS
30980,이어질,VV+ETM
30981,수,NNB
30982,있,VV
30983,으니,EC
30984,여행,NNG
30985,계획,NNG
30986,에,JKB
30987,참고,NNG
30988,하,XSV
30989,시,EP
30990,면,EC
30991,좋,VA
30992,을,ETM
30993,것,NNB
30994,경주,NNP
30995,여행,NNG
30996,코스,NNG
30997,(,SSO
30998,2,SN
30999,박,NNBC
31000,3,SN
31001,일,NNBC
31002,),SSC
31003,5,SN
31004,월,NNBC
31005,23,SN
31006,일,NNBC
31007,5,SN
31008,월,NNBC
31009,25,SN
31010,일,NNBC
31011,경주,NNP
31012,여행,NNG
31013,코스,NNG
31014,추천,NNG
31015,해,XSV+EC
31016,주,VX
31017,세요,EP+EF
31018,1,SN
31019,대상,NNG
31020,어머니,NNG
31021,자녀,NNG
31022,9,SN
31023,세,NNBC
31024,본인,NNG
31025,경주,NNP
31026,여행,NNG
31027,코스,NNG
31028,2,SN
31029,박,NNBC
31030,3,SN
31031,일,NNBC
31032,답변,NNG
31033,드립니다,VV+EF
31034,안녕,IC
31035,하,VV
31036,세요,EP+EF
31037,여행,NNG
31038,전문,NNG
31039,블로거,NNP
31040,어머님,NNG
31041,을,JKO
31042,모시,VV
31043,고,EC
31044,떠나,VV
31045,는,ETM
31046,경주,NNP
31047,여행,NNG
31048,이,JKS
31049,즐거운,VA+ETM
31050,추억,NNG
31051,으로,JKB
31052,남,VV
31053,을,ETM
31054,수,NNB
31055,있,VV
31056,도록,EC
31057,제,NP
31058,가,JKS
31059,경험,NNG
31060,한,XSV+ETM
31061,경주,NNP
31062,여행,NNG
31063,가,VV
31064,려구요,EC
31065,경주,NNP
31066,여행,NNG
31067,가,VV
31068,려고,EC
31069,하,VV
31070,는,ETM
31071,데,NNB
31072,11,SN
31073,월,NNBC
31074,초,NNB
31075,에,JKB
31076,나,JX
31077,갈,VV+ETM
31078,것,NNB
31079,같,VA
31080,아요,EF
31081,그,NP
31082,쯤,XSN
31083,되,VV
31084,면,EC
31085,날씨,NNG
31086,가,JKS
31087,많이,MAG
31088,추울,VA+ETM
31089,것,NNB
31090,같,VA
31091,은데,EC
31092,그,MM
31093,시즌,NNG
31094,에,JKB
31095,다니,VV
31096,기,ETN
31097,가,JKS
31098,괜찮,VA
31099,을까요,EC
31100,11,SN
31101,월,NNBC
31102,이,VCP
31103,면,EC
31104,가을,NNG
31105,도,JX
31106,무르익,VV
31107,어,EC
31108,갈,VX+ETM
31109,무렵,NNB
31110,이,VCP
31111,고,EC
31112,그리,MAG
31113,춥,VA
31114,지,EC
31115,않,VX
31116,아서,EC
31117,경주,NNP
31118,여행,NNG
31119,코스,NNG
31120,",",SC
31121,신경주역,NNP
31122,경주역,NNP
31123,질문,NNG
31124,드려요,VV+EC
31125,안녕,NNG
31126,하,XSV
31127,세요,EP+EF
31128,20,SN
31129,대,NNBC
31130,여성,NNG
31131,이,JKS
31132,고요,NNG
31133,친구,NNG
31134,랑,JKB
31135,여행,NNG
31136,가,VV
31137,려고,EC
31138,계획,NNG
31139,짜,VV
31140,고,EC
31141,있,VX
31142,는데,EC
31143,경주,NNP
31144,여행,NNG
31145,은,JX
31146,처음,NNG
31147,이,VCP
31148,라,EC
31149,질문,NNG
31150,드려요,VV+EC
31151,2,SN
31152,박,NNBC
31153,3,SN
31154,일,NNBC
31155,어디,NP
31156,가,JKS
31157,이동,NNG
31158,하,XSV
31159,기,ETN
31160,좋,VA
31161,을까요,EC
31162,바다,NNG
31163,위주,NNG
31164,야경,NNG
31165,여행,NNG
31166,아직,MAG
31167,숙소,NNG
31168,도,JX
31169,잡,VV
31170,기,ETN
31171,전,NNG
31172,입니다,VCP+EF
31173,경주,NNP
31174,여행,NNG
31175,시,XSN
31176,가,VV
31177,볼,EC+VX+ETM
31178,만,NNB
31179,한,XSA+ETM
31180,곳,NNG
31181,7,SN
31182,월,NNBC
31183,말,NNB
31184,에,JKB
31185,경주,NNP
31186,여행,NNG
31187,을,JKO
31188,계획,NNG
31189,했,XSV+EP
31190,는데,EF
31191,.,SF
31192,.,SY
31193,비피,NNG
31194,해,XSV+EC
31195,어떤,MM
31196,가요,NNG
31197,?,SF
31198,?,SY
31199,7,SN
31200,월,NNBC
31201,말,NNB
31202,에,JKB
31203,경주,NNP
31204,여행,NNG
31205,을,JKO
31206,계획,NNG
31207,했,XSV+EP
31208,는데,EC
31209,뉴스,NNG
31210,보,VV
31211,니,EC
31212,비,NNG
31213,가,JKS
31214,계속,MAG
31215,많이,MAG
31216,오,VV
31217,더라구요,EF
31218,여행,NNG
31219,을,JKO
31220,미뤄야,VV+EC
31221,하나,NR
31222,고민,NNG
31223,입니다,VCP+EF
31224,경주,NNP
31225,에,JKB
31226,기상,NNG
31227,예보,NNG
31228,확인,NNG
31229,하,XSV
31230,기,ETN
31231,경주,NNG
31232,여행,NNG
31233,을,JKO
31234,하,VV
31235,기,ETN
31236,전,NNG
31237,에,JKB
31238,기상,NNG
31239,예보,NNG
31240,를,JKO
31241,확인,NNG
31242,하,XSV
31243,는,ETM
31244,것,NNB
31245,이,JKS
31246,중요,NNG
31247,합니다,XSV+EF
31248,기상청,NNG
31249,이나,JC
31250,날씨,NNG
31251,앱,NNG
31252,을,JKO
31253,통해,VV+EC
31254,2,SN
31255,박,NNBC
31256,경주,NNP
31257,여행,NNG
31258,11,SN
31259,월,NNBC
31260,중순,NNG
31261,에,JKB
31262,남편,NNG
31263,과,JC
31264,경주,NNP
31265,여행,NNG
31266,을,JKO
31267,계획,NNG
31268,하,XSV
31269,고,EC
31270,있,VX
31271,는데요,EF
31272,처음,MAG
31273,가,VV+EC
31274,보,VX
31275,는,ETM
31276,곳,NNG
31277,이,VCP
31278,라,EC
31279,첫날,NNG
31280,은,JX
31281,황남,NNG
31282,관한,VV+ETM
31283,옥,NNG
31284,호텔,NNG
31285,에서,JKB
31286,1,SN
31287,박,NNBC
31288,하,VV
31289,고,EC
31290,이튿날,NNG
31291,은,JX
31292,청공,NNG
31293,한,XSA+ETM
31294,옥스,NNP
31295,테이,NNP
31296,에서,JKB
31297,1,SN
31298,박,NNBC
31299,총,MM
31300,2,SN
31301,박,NNBC
31302,3,SN
31303,일,NNBC
31304,계획,NNG
31305,인데요,VCP+EC
31306,여행,NNG
31307,스,XSN
31308,케,XSV+EC
31309,쥴,NNP
31310,을,JKO
31311,어떻,VA
31312,게,EC
31313,경주,NNP
31314,여행지,NNG
31315,추천,NNG
31316,2,SN
31317,부산,NNP
31318,을,JKO
31319,벗어난,VV+ETM
31320,경주,NNP
31321,여행지,NNG
31322,알려,VV+EC
31323,주,VX
31324,세요,EP+EF
31325,3,SN
31326,당일,NNG
31327,치,VV
31328,기,ETN
31329,로,JKB
31330,경주,NNP
31331,여행,NNG
31332,코스,NNG
31333,밑,NNG
31334,에,JKB
31335,자세,XR
31336,하,XSA
31337,게,EC
31338,권역,NNG
31339,별,XSN
31340,로,JKB
31341,여행,NNG
31342,코스,NNG
31343,를,JKO
31344,소개,NNG
31345,했,XSV+EP
31346,습니다,EF
31347,경주,NNP
31348,여행,NNG
31349,이,JKS
31350,처음,NNG
31351,이,VCP
31352,라면,EC
31353,대릉원,NNG
31354,첨성대,NNG
31355,참고,NNG
31356,로,JKB
31357,쭈니,NNP
31358,아빠,NNG
31359,블로그,NNG
31360,를,JKO
31361,방문,NNG
31362,하,XSV
31363,시,EP
31364,면,EC
31365,경주,NNP
31366,여행,NNG
31367,경주,NNP
31368,여행,NNG
31369,관련,NNG
31370,질문,NNG
31371,이번,NNG
31372,에,JKB
31373,경주,NNP
31374,여행,NNG
31375,을,JKO
31376,가,VV
31377,게,EC
31378,되,VV
31379,었,EP
31380,는데,EC
31381,중,NNB
31382,2,SN
31383,학생,NNG
31384,입니다,VCP+EF
31385,KTX,SL
31386,타,VV
31387,고,EC
31388,부산,NNP
31389,에서,JKB
31390,경주,NNP
31391,까지,JX
31392,가,VV
31393,려고,EC
31394,해요,VX+EF
31395,기차표,NNG
31396,를,JKO
31397,예매,NNG
31398,하,XSV
31399,는,ETM
31400,데,NNB
31401,나이,NNG
31402,제한,NNG
31403,이,JKS
31404,있,VV
31405,을까요,EC
31406,기차표,NNG
31407,받,VV
31408,을,ETM
31409,때,NNG
31410,여권,NNG
31411,청소년,NNG
31412,증,NNG
31413,같,VA
31414,은,ETM
31415,게,NNB+JKS
31416,필요,NNG
31417,할까요,XSA+EC
31418,코레,NNG
31419,일,NR
31420,앱,NNG
31421,으로,JKB
31422,예매,NNG
31423,하,XSV
31424,는,ETM
31425,데,NNB
31426,표,NNG
31427,는,JX
31428,어디,NP
31429,서,JKB
31430,받,VV
31431,는,ETM
31432,건가요,NNB+VCP+EC
